created_at,entry_id,field1,field2,field3,field4,field5,field6,field7,latitude,longitude,elevation,status
2026-03-20T01:34:34+01:00,1,32.03,57.60,32.40,32.50,31.20,1,0,,,,
2026-03-20T01:37:43+01:00,2,31.97,57.40,32.30,32.40,31.20,1,0,,,,
2026-03-20T01:39:45+01:00,3,32.13,61.40,32.50,32.50,31.40,1,0,,,,
2026-03-20T01:41:44+01:00,4,32.30,61.53,32.70,32.60,31.60,1,0,,,,
2026-03-20T01:43:44+01:00,5,32.43,61.43,32.90,32.70,31.70,1,0,,,,
2026-03-20T01:45:45+01:00,6,32.63,60.87,33.10,32.90,31.90,1,0,,,,
2026-03-20T01:47:45+01:00,7,32.73,60.60,33.20,33.00,32.00,1,0,,,,
2026-03-20T01:49:46+01:00,8,32.83,60.43,33.30,33.10,32.10,1,0,,,,
2026-03-20T01:51:46+01:00,9,32.93,59.97,33.40,33.20,32.20,1,0,,,,
2026-03-20T01:53:46+01:00,10,33.00,59.90,33.40,33.30,32.30,1,0,,,,
2026-03-20T01:55:47+01:00,11,33.03,59.80,33.50,33.30,32.30,1,0,,,,
2026-03-20T01:57:47+01:00,12,33.03,60.13,33.50,33.30,32.30,1,0,,,,
2026-03-20T01:59:48+01:00,13,33.03,59.73,33.50,33.30,32.30,1,0,,,,
2026-03-20T02:01:48+01:00,14,33.07,59.73,33.50,33.40,32.30,1,0,,,,
2026-03-20T02:03:48+01:00,15,33.13,59.70,33.60,33.40,32.40,1,0,,,,
2026-03-20T02:05:49+01:00,16,33.17,59.67,33.60,33.50,32.40,1,0,,,,
2026-03-20T02:07:49+01:00,17,33.17,59.57,33.60,33.50,32.40,1,0,,,,
2026-03-20T02:09:49+01:00,18,33.17,59.57,33.60,33.50,32.40,1,0,,,,
2026-03-20T02:11:49+01:00,19,33.17,59.57,33.60,33.50,32.40,1,0,,,,
2026-03-20T02:13:50+01:00,20,33.17,59.57,33.60,33.50,32.40,1,0,,,,
2026-03-20T02:22:26+01:00,21,32.37,58.27,32.70,32.90,31.50,1,0,,,,
2026-03-20T02:24:26+01:00,22,32.77,60.27,33.20,33.10,32.00,1,0,,,,
2026-03-20T02:26:26+01:00,23,32.93,59.73,33.40,33.20,32.20,1,0,,,,
2026-03-20T02:28:27+01:00,24,33.03,59.60,33.50,33.30,32.30,1,0,,,,
2026-03-20T02:30:27+01:00,25,33.10,59.53,33.60,33.40,32.30,1,0,,,,
2026-03-20T02:32:28+01:00,26,33.17,59.43,33.70,33.40,32.40,1,0,,,,
2026-03-20T02:34:28+01:00,27,33.20,59.37,33.70,33.50,32.40,1,0,,,,
2026-03-20T02:38:29+01:00,28,33.37,58.90,33.90,33.60,32.60,1,0,,,,
2026-03-20T02:40:29+01:00,29,33.37,58.87,33.90,33.60,32.60,1,0,,,,
2026-03-20T02:42:29+01:00,30,33.47,59.17,34.00,33.70,32.70,1,0,,,,
2026-03-20T02:44:30+01:00,31,33.47,58.77,34.00,33.70,32.70,1,0,,,,
2026-03-20T02:46:30+01:00,32,33.47,58.77,34.00,33.70,32.70,1,0,,,,
2026-03-20T02:48:31+01:00,33,33.50,58.63,34.00,33.80,32.70,1,0,,,,
2026-03-20T02:50:31+01:00,34,33.50,58.63,34.00,33.80,32.70,1,0,,,,
2026-03-20T02:52:31+01:00,35,33.53,58.63,34.00,33.80,32.80,1,0,,,,
2026-03-20T02:54:32+01:00,36,33.53,58.63,34.00,33.80,32.80,1,0,,,,
2026-03-20T02:56:32+01:00,37,33.53,58.63,34.00,33.80,32.80,1,0,,,,
2026-03-20T02:58:33+01:00,38,33.53,58.63,34.00,33.80,32.80,1,0,,,,
2026-03-20T03:00:33+01:00,39,33.57,58.67,34.00,33.90,32.80,1,0,,,,
2026-03-20T03:02:33+01:00,40,33.53,58.60,34.00,33.80,32.80,1,0,,,,
2026-03-20T03:04:35+01:00,41,33.53,58.57,34.00,33.80,32.80,1,0,,,,
2026-03-20T03:06:35+01:00,42,33.53,58.57,34.00,33.80,32.80,1,0,,,,
2026-03-20T03:08:35+01:00,43,33.53,58.63,34.00,33.80,32.80,1,0,,,,
2026-03-20T03:10:36+01:00,44,33.50,59.50,34.00,33.80,32.70,1,0,,,,
2026-03-20T03:12:36+01:00,45,33.40,60.23,33.90,33.70,32.60,1,0,,,,
2026-03-20T03:14:37+01:00,46,33.43,60.27,33.90,33.70,32.70,1,0,,,,
2026-03-20T03:16:37+01:00,47,33.40,59.67,33.90,33.70,32.60,1,0,,,,
2026-03-20T03:18:37+01:00,48,33.37,59.70,33.80,33.70,32.60,1,0,,,,
2026-03-20T03:20:37+01:00,49,33.33,59.70,33.80,33.60,32.60,1,0,,,,
2026-03-20T03:22:37+01:00,50,33.30,59.77,33.80,33.60,32.50,1,0,,,,
2026-03-20T03:24:38+01:00,51,33.27,59.87,33.70,33.60,32.50,1,0,,,,
2026-03-20T03:26:38+01:00,52,33.23,60.00,33.60,33.60,32.50,1,0,,,,
2026-03-20T03:28:38+01:00,53,33.23,60.07,33.60,33.60,32.50,1,0,,,,
2026-03-20T03:30:38+01:00,54,33.23,60.47,33.60,33.60,32.50,1,0,,,,
2026-03-20T03:32:38+01:00,55,33.23,60.50,33.60,33.60,32.50,1,0,,,,
2026-03-20T03:34:38+01:00,56,33.23,60.50,33.60,33.60,32.50,1,0,,,,
2026-03-20T03:36:38+01:00,57,33.23,60.50,33.60,33.60,32.50,1,0,,,,
2026-03-20T03:38:38+01:00,58,33.23,60.10,33.60,33.60,32.50,1,0,,,,
2026-03-20T03:40:39+01:00,59,33.20,60.50,33.60,33.50,32.50,1,0,,,,
2026-03-20T03:42:39+01:00,60,33.17,60.40,33.60,33.50,32.40,1,0,,,,
2026-03-20T03:44:39+01:00,61,33.13,60.40,33.50,33.50,32.40,1,0,,,,
2026-03-20T03:46:39+01:00,62,33.10,60.50,33.50,33.40,32.40,1,0,,,,
2026-03-20T03:48:40+01:00,63,33.10,60.53,33.50,33.40,32.40,1,0,,,,
2026-03-20T03:50:40+01:00,64,33.10,60.60,33.50,33.40,32.40,1,0,,,,
2026-03-20T03:52:41+01:00,65,33.10,60.63,33.50,33.40,32.40,1,0,,,,
2026-03-20T03:54:41+01:00,66,33.13,60.60,33.60,33.40,32.40,1,0,,,,
2026-03-20T03:56:41+01:00,67,33.13,60.53,33.60,33.40,32.40,1,0,,,,
2026-03-20T03:58:42+01:00,68,33.10,60.53,33.50,33.40,32.40,1,0,,,,
2026-03-20T04:00:42+01:00,69,33.07,60.57,33.50,33.40,32.30,1,0,,,,
2026-03-20T04:02:43+01:00,70,33.10,60.53,33.50,33.40,32.40,1,0,,,,
2026-03-20T04:04:43+01:00,71,33.10,60.57,33.50,33.40,32.40,1,0,,,,
2026-03-20T04:06:44+01:00,72,33.07,60.60,33.50,33.40,32.30,1,0,,,,
2026-03-20T04:08:44+01:00,73,33.03,60.60,33.50,33.30,32.30,1,0,,,,
2026-03-20T04:10:45+01:00,74,33.00,60.63,33.40,33.30,32.30,1,0,,,,
2026-03-20T04:12:45+01:00,75,33.00,60.63,33.40,33.30,32.30,1,0,,,,
2026-03-20T04:14:46+01:00,76,33.00,60.70,33.40,33.30,32.30,1,0,,,,
2026-03-20T04:16:47+01:00,77,33.00,60.70,33.40,33.30,32.30,1,0,,,,
2026-03-20T04:18:47+01:00,78,33.00,60.77,33.40,33.30,32.30,1,0,,,,
2026-03-20T04:20:48+01:00,79,33.00,60.77,33.40,33.30,32.30,1,0,,,,
2026-03-20T04:22:48+01:00,80,33.00,60.83,33.40,33.30,32.30,1,0,,,,
2026-03-20T04:24:49+01:00,81,33.03,60.73,33.50,33.30,32.30,1,0,,,,
2026-03-20T04:26:49+01:00,82,33.10,60.67,33.50,33.40,32.40,1,0,,,,
2026-03-20T04:28:50+01:00,83,33.07,60.63,33.50,33.40,32.30,1,0,,,,
2026-03-20T04:30:50+01:00,84,33.07,60.63,33.50,33.40,32.30,1,0,,,,
2026-03-20T04:32:51+01:00,85,33.07,60.63,33.50,33.40,32.30,1,0,,,,
2026-03-20T04:34:51+01:00,86,33.03,60.63,33.40,33.40,32.30,1,0,,,,
2026-03-20T04:36:52+01:00,87,33.03,60.67,33.40,33.40,32.30,1,0,,,,
2026-03-20T04:38:52+01:00,88,33.00,60.70,33.40,33.30,32.30,1,0,,,,
2026-03-20T04:40:52+01:00,89,33.03,60.70,33.50,33.30,32.30,1,0,,,,
2026-03-20T04:42:53+01:00,90,33.03,60.67,33.50,33.30,32.30,1,0,,,,
2026-03-20T04:44:53+01:00,91,33.03,60.70,33.50,33.30,32.30,1,0,,,,
2026-03-20T04:46:54+01:00,92,33.03,60.70,33.50,33.30,32.30,1,0,,,,
2026-03-20T04:48:55+01:00,93,33.03,60.67,33.50,33.30,32.30,1,0,,,,
2026-03-20T04:50:55+01:00,94,33.03,60.67,33.50,33.30,32.30,1,0,,,,
2026-03-20T04:52:55+01:00,95,33.03,60.67,33.50,33.30,32.30,1,0,,,,
2026-03-20T04:54:56+01:00,96,33.03,60.63,33.50,33.30,32.30,1,0,,,,
2026-03-20T04:56:56+01:00,97,33.00,60.67,33.40,33.30,32.30,1,0,,,,
2026-03-20T04:58:56+01:00,98,33.00,60.67,33.40,33.30,32.30,1,0,,,,
2026-03-20T05:00:57+01:00,99,33.00,60.73,33.40,33.30,32.30,1,0,,,,
2026-03-20T05:02:57+01:00,100,32.97,60.73,33.40,33.20,32.30,1,0,,,,
2026-03-20T05:04:57+01:00,101,32.97,60.73,33.40,33.20,32.30,1,0,,,,
2026-03-20T05:06:58+01:00,102,32.97,60.80,33.40,33.20,32.30,1,0,,,,
2026-03-20T05:08:58+01:00,103,32.97,60.77,33.40,33.20,32.30,1,0,,,,
2026-03-20T05:10:59+01:00,104,32.97,60.80,33.40,33.20,32.30,1,0,,,,
2026-03-20T05:12:59+01:00,105,32.97,60.83,33.40,33.20,32.30,1,0,,,,
2026-03-20T05:14:59+01:00,106,32.97,60.90,33.40,33.20,32.30,1,0,,,,
2026-03-20T05:17:00+01:00,107,32.93,60.93,33.40,33.20,32.20,1,0,,,,
2026-03-20T05:19:00+01:00,108,32.97,61.03,33.40,33.20,32.30,1,0,,,,
2026-03-20T05:21:00+01:00,109,32.90,61.00,33.30,33.20,32.20,1,0,,,,
2026-03-20T05:23:00+01:00,110,32.93,61.00,33.30,33.20,32.30,1,0,,,,
2026-03-20T05:25:00+01:00,111,32.93,61.00,33.30,33.20,32.30,1,0,,,,
2026-03-20T05:27:01+01:00,112,32.90,61.07,33.30,33.20,32.20,1,0,,,,
2026-03-20T05:29:03+01:00,113,32.90,61.07,33.30,33.20,32.20,1,0,,,,
2026-03-20T05:31:02+01:00,114,32.97,61.03,33.40,33.20,32.30,1,0,,,,
2026-03-20T05:33:02+01:00,115,32.97,60.93,33.40,33.20,32.30,1,0,,,,
2026-03-20T05:35:02+01:00,116,33.00,60.93,33.40,33.30,32.30,1,0,,,,
2026-03-20T05:37:02+01:00,117,33.00,60.93,33.40,33.30,32.30,1,0,,,,
2026-03-20T05:39:02+01:00,118,33.00,60.90,33.40,33.30,32.30,1,0,,,,
2026-03-20T05:41:02+01:00,119,33.03,60.87,33.50,33.30,32.30,1,0,,,,
2026-03-20T05:43:02+01:00,120,33.03,60.80,33.50,33.30,32.30,1,0,,,,
2026-03-20T05:45:03+01:00,121,33.03,60.77,33.50,33.30,32.30,1,0,,,,
2026-03-20T05:47:03+01:00,122,33.03,60.83,33.50,33.30,32.30,1,0,,,,
2026-03-20T05:49:03+01:00,123,33.03,60.77,33.50,33.30,32.30,1,0,,,,
2026-03-20T05:51:04+01:00,124,33.03,60.73,33.50,33.30,32.30,1,0,,,,
2026-03-20T05:53:04+01:00,125,33.03,60.77,33.50,33.30,32.30,1,0,,,,
2026-03-20T05:55:04+01:00,126,33.03,60.80,33.50,33.30,32.30,1,0,,,,
2026-03-20T05:57:04+01:00,127,33.07,60.80,33.50,33.30,32.40,1,0,,,,
2026-03-20T05:59:05+01:00,128,33.10,60.73,33.60,33.30,32.40,1,0,,,,
2026-03-20T06:01:05+01:00,129,33.07,60.73,33.50,33.30,32.40,1,0,,,,
2026-03-20T06:03:05+01:00,130,33.10,60.70,33.60,33.30,32.40,1,0,,,,
2026-03-20T06:05:06+01:00,131,33.07,60.67,33.50,33.30,32.40,1,0,,,,
2026-03-20T06:07:06+01:00,132,33.03,60.70,33.50,33.30,32.30,1,0,,,,
2026-03-20T06:09:06+01:00,133,33.03,60.73,33.50,33.30,32.30,1,0,,,,
2026-03-20T06:11:07+01:00,134,33.00,60.73,33.40,33.30,32.30,1,0,,,,
2026-03-20T06:13:07+01:00,135,32.97,60.80,33.40,33.20,32.30,1,0,,,,
2026-03-20T06:15:07+01:00,136,32.97,60.83,33.40,33.20,32.30,1,0,,,,
2026-03-20T06:17:07+01:00,137,32.97,60.83,33.40,33.20,32.30,1,0,,,,
2026-03-20T06:19:07+01:00,138,33.00,60.83,33.50,33.20,32.30,1,0,,,,
2026-03-20T06:21:08+01:00,139,33.03,60.83,33.50,33.30,32.30,1,0,,,,
2026-03-20T06:23:08+01:00,140,33.03,60.83,33.50,33.30,32.30,1,0,,,,
2026-03-20T06:25:09+01:00,141,33.03,60.83,33.50,33.30,32.30,1,0,,,,
2026-03-20T06:27:09+01:00,142,33.07,60.83,33.50,33.30,32.40,1,0,,,,
2026-03-20T06:29:09+01:00,143,33.03,60.83,33.50,33.30,32.30,1,0,,,,
2026-03-20T06:31:09+01:00,144,33.07,60.87,33.50,33.30,32.40,1,0,,,,
2026-03-20T06:33:10+01:00,145,33.07,60.97,33.50,33.30,32.40,1,0,,,,
2026-03-20T06:35:10+01:00,146,33.03,61.03,33.50,33.30,32.30,1,0,,,,
2026-03-20T06:37:10+01:00,147,33.03,60.97,33.50,33.30,32.30,1,0,,,,
2026-03-20T06:39:10+01:00,148,33.03,60.97,33.50,33.30,32.30,1,0,,,,
2026-03-20T06:41:11+01:00,149,33.03,61.00,33.50,33.30,32.30,1,0,,,,
2026-03-20T06:43:11+01:00,150,32.97,61.03,33.40,33.20,32.30,1,0,,,,
2026-03-20T06:45:11+01:00,151,32.97,61.03,33.40,33.20,32.30,1,0,,,,
2026-03-20T06:47:12+01:00,152,32.97,61.03,33.40,33.20,32.30,1,0,,,,
2026-03-20T06:49:12+01:00,153,32.97,61.10,33.40,33.20,32.30,1,0,,,,
2026-03-20T06:51:13+01:00,154,32.97,61.53,33.40,33.20,32.30,1,0,,,,
2026-03-20T06:57:38+01:00,155,32.33,60.97,32.70,32.80,31.50,1,0,,,,
2026-03-20T06:59:42+01:00,156,32.63,62.23,33.00,32.90,32.00,1,0,,,,
2026-03-20T07:01:38+01:00,157,32.73,61.97,33.10,33.00,32.10,1,0,,,,
2026-03-20T07:03:39+01:00,158,32.77,61.90,33.20,33.00,32.10,1,0,,,,
2026-03-20T07:05:39+01:00,159,32.77,61.87,33.20,33.00,32.10,1,0,,,,
2026-03-20T07:07:39+01:00,160,32.80,61.87,33.20,33.00,32.20,1,0,,,,
2026-03-20T07:09:40+01:00,161,32.83,61.87,33.20,33.10,32.20,1,0,,,,
2026-03-20T07:11:40+01:00,162,32.83,61.87,33.30,33.10,32.10,1,0,,,,
2026-03-20T07:13:41+01:00,163,32.87,61.83,33.30,33.10,32.20,1,0,,,,
2026-03-20T07:15:41+01:00,164,32.87,61.80,33.30,33.10,32.20,1,0,,,,
2026-03-20T07:17:41+01:00,165,32.90,61.83,33.40,33.10,32.20,1,0,,,,
2026-03-20T07:19:42+01:00,166,32.93,61.77,33.40,33.20,32.20,1,0,,,,
2026-03-20T07:21:42+01:00,167,32.97,61.40,33.40,33.20,32.30,1,0,,,,
2026-03-20T07:23:42+01:00,168,33.00,61.70,33.50,33.20,32.30,1,0,,,,
2026-03-20T07:25:43+01:00,169,33.00,61.23,33.50,33.20,32.30,1,0,,,,
2026-03-20T07:27:43+01:00,170,33.03,61.17,33.50,33.30,32.30,1,0,,,,
2026-03-20T07:29:44+01:00,171,33.03,61.20,33.50,33.30,32.30,1,0,,,,
2026-03-20T07:31:44+01:00,172,33.03,61.20,33.50,33.30,32.30,1,0,,,,
2026-03-20T07:33:44+01:00,173,33.03,61.17,33.50,33.30,32.30,1,0,,,,
2026-03-20T07:35:45+01:00,174,33.10,61.17,33.60,33.30,32.40,1,0,,,,
2026-03-20T07:37:45+01:00,175,33.10,61.10,33.60,33.30,32.40,1,0,,,,
2026-03-20T07:39:46+01:00,176,33.10,61.10,33.60,33.30,32.40,1,0,,,,
2026-03-20T07:41:46+01:00,177,33.10,61.13,33.60,33.30,32.40,1,0,,,,
2026-03-20T07:43:47+01:00,178,33.10,61.07,33.60,33.30,32.40,1,0,,,,
2026-03-20T07:45:47+01:00,179,33.10,61.13,33.60,33.30,32.40,1,0,,,,
2026-03-20T07:47:47+01:00,180,33.13,61.13,33.60,33.40,32.40,1,0,,,,
2026-03-20T07:49:47+01:00,181,33.10,61.03,33.60,33.30,32.40,1,0,,,,
2026-03-20T07:51:48+01:00,182,33.10,61.10,33.60,33.30,32.40,1,0,,,,
2026-03-20T07:53:49+01:00,183,33.10,61.10,33.60,33.30,32.40,1,0,,,,
2026-03-20T07:55:49+01:00,184,33.10,61.03,33.60,33.30,32.40,1,0,,,,
2026-03-20T07:57:49+01:00,185,33.10,61.07,33.60,33.30,32.40,1,0,,,,
2026-03-20T08:01:53+01:00,186,32.80,60.73,33.20,33.20,32.00,1,0,,,,
2026-03-20T08:03:54+01:00,187,32.90,61.37,33.30,33.20,32.20,1,0,,,,
2026-03-20T08:05:54+01:00,188,32.97,61.13,33.40,33.20,32.30,1,0,,,,
2026-03-20T08:07:54+01:00,189,32.97,61.07,33.40,33.20,32.30,1,0,,,,
2026-03-20T08:09:54+01:00,190,32.97,61.00,33.40,33.20,32.30,1,0,,,,
2026-03-20T08:11:55+01:00,191,32.97,61.00,33.40,33.20,32.30,1,0,,,,
2026-03-20T08:13:56+01:00,192,33.00,61.00,33.50,33.20,32.30,1,0,,,,
2026-03-20T08:15:56+01:00,193,33.03,60.93,33.50,33.30,32.30,1,0,,,,
2026-03-20T08:17:57+01:00,194,33.03,61.00,33.50,33.30,32.30,1,0,,,,
2026-03-20T08:19:57+01:00,195,33.03,60.83,33.50,33.30,32.30,1,0,,,,
2026-03-20T08:21:57+01:00,196,33.03,60.87,33.50,33.30,32.30,1,0,,,,
2026-03-20T08:23:57+01:00,197,33.03,60.83,33.50,33.30,32.30,1,0,,,,
2026-03-20T08:25:58+01:00,198,33.03,60.83,33.50,33.30,32.30,1,0,,,,
2026-03-20T08:32:03+01:00,199,32.30,61.37,32.70,32.70,31.50,1,0,,,,
2026-03-20T08:34:03+01:00,200,32.47,61.90,32.80,32.80,31.80,1,0,,,,
2026-03-20T08:36:04+01:00,201,32.47,62.07,32.80,32.90,31.70,1,0,,,,
2026-03-20T08:38:04+01:00,202,32.47,62.10,32.90,32.80,31.70,1,0,,,,
2026-03-20T08:40:05+01:00,203,32.47,62.20,32.90,32.80,31.70,1,0,,,,
2026-03-20T08:42:05+01:00,204,32.57,62.13,33.00,32.90,31.80,1,0,,,,
2026-03-20T08:44:05+01:00,205,32.57,62.10,33.00,32.90,31.80,1,0,,,,
2026-03-20T08:46:06+01:00,206,32.63,62.03,33.10,32.90,31.90,1,0,,,,
2026-03-20T08:48:06+01:00,207,32.63,61.87,33.10,32.90,31.90,1,0,,,,
2026-03-20T08:50:07+01:00,208,32.57,61.70,33.00,32.90,31.80,1,0,,,,
2026-03-20T08:52:07+01:00,209,32.57,61.63,33.00,32.90,31.80,1,0,,,,
2026-03-20T08:54:07+01:00,210,32.57,61.70,33.00,32.90,31.80,1,0,,,,
2026-03-20T08:56:08+01:00,211,32.57,61.63,33.00,32.90,31.80,1,0,,,,
2026-03-20T08:58:10+01:00,212,32.60,61.57,33.00,32.90,31.90,1,0,,,,
2026-03-20T09:08:01+01:00,213,31.73,61.30,32.20,32.20,30.80,1,0,,,,
2026-03-20T09:10:02+01:00,214,32.10,62.63,32.50,32.40,31.40,1,0,,,,
2026-03-20T09:12:02+01:00,215,32.23,62.10,32.60,32.60,31.50,1,0,,,,
2026-03-20T09:14:03+01:00,216,32.23,61.93,32.60,32.60,31.50,1,0,,,,
2026-03-20T09:16:03+01:00,217,32.27,61.93,32.60,32.60,31.60,1,0,,,,
2026-03-20T09:18:03+01:00,218,32.33,61.93,32.70,32.70,31.60,1,0,,,,
2026-03-20T09:20:04+01:00,219,32.43,61.93,32.80,32.80,31.70,1,0,,,,
2026-03-20T09:22:04+01:00,220,32.47,61.87,32.80,32.80,31.80,1,0,,,,
2026-03-20T09:24:05+01:00,221,32.53,61.80,32.90,32.90,31.80,1,0,,,,
2026-03-20T09:29:57+01:00,222,32.43,62.10,32.80,32.80,31.70,1,0,,,,
2026-03-20T09:31:58+01:00,223,32.53,61.80,32.90,32.90,31.80,1,0,,,,
2026-03-20T09:33:58+01:00,224,32.63,60.93,33.00,33.00,31.90,1,0,,,,
2026-03-20T09:35:59+01:00,225,32.73,60.73,33.10,33.10,32.00,1,0,,,,
2026-03-20T09:37:59+01:00,226,32.67,60.30,33.10,33.00,31.90,1,0,,,,
2026-03-20T09:40:00+01:00,227,32.33,59.03,32.90,32.60,31.50,1,0,,,,
2026-03-20T09:42:00+01:00,228,32.03,59.27,32.60,32.20,31.30,1,0,,,,
2026-03-20T09:44:01+01:00,229,31.83,59.57,32.40,32.00,31.10,1,0,,,,
2026-03-20T09:46:01+01:00,230,31.70,60.37,32.30,31.80,31.00,1,0,,,,
2026-03-20T09:48:01+01:00,231,31.63,60.50,32.20,31.70,31.00,1,0,,,,
2026-03-20T09:50:02+01:00,232,31.53,60.53,32.10,31.60,30.90,1,0,,,,
2026-03-20T09:52:02+01:00,233,31.57,61.87,32.20,31.60,30.90,1,0,,,,
2026-03-20T09:54:03+01:00,234,31.63,61.93,32.20,31.70,31.00,1,0,,,,
2026-03-20T09:56:03+01:00,235,31.67,62.07,32.30,31.70,31.00,1,0,,,,
2026-03-20T09:58:04+01:00,236,31.70,61.80,32.30,31.70,31.10,1,0,,,,
2026-03-20T10:00:04+01:00,237,31.73,61.70,32.40,31.70,31.10,1,0,,,,
2026-03-20T10:02:05+01:00,238,31.73,61.50,32.40,31.70,31.10,1,0,,,,
2026-03-20T10:04:05+01:00,239,31.77,60.90,32.40,31.80,31.10,1,0,,,,
2026-03-20T10:06:06+01:00,240,31.80,60.80,32.40,31.90,31.10,1,0,,,,
2026-03-20T10:08:06+01:00,241,31.80,60.63,32.40,31.90,31.10,1,0,,,,
2026-03-20T10:10:07+01:00,242,31.83,60.07,32.50,31.90,31.10,1,0,,,,
2026-03-20T10:12:07+01:00,243,31.87,60.53,32.50,31.90,31.20,1,0,,,,
2026-03-20T10:14:08+01:00,244,31.93,60.07,32.60,32.00,31.20,1,0,,,,
2026-03-20T10:16:08+01:00,245,31.97,59.90,32.60,32.00,31.30,1,0,,,,
2026-03-20T10:18:09+01:00,246,31.97,59.77,32.60,32.00,31.30,1,0,,,,
2026-03-20T10:20:09+01:00,247,32.10,58.77,32.70,32.20,31.40,1,0,,,,
2026-03-20T10:22:10+01:00,248,32.13,58.53,32.70,32.30,31.40,1,0,,,,
2026-03-20T10:24:11+01:00,249,32.13,58.17,32.70,32.30,31.40,1,0,,,,
2026-03-20T10:26:10+01:00,250,32.13,57.77,32.70,32.30,31.40,1,0,,,,
2026-03-20T10:28:10+01:00,251,32.13,57.73,32.70,32.20,31.50,1,0,,,,
2026-03-20T10:30:11+01:00,252,32.17,57.53,32.70,32.30,31.50,1,0,,,,
2026-03-20T10:32:11+01:00,253,32.20,57.63,32.80,32.30,31.50,1,0,,,,
2026-03-20T10:34:12+01:00,254,32.20,57.40,32.80,32.30,31.50,1,0,,,,
2026-03-20T10:36:12+01:00,255,32.23,56.93,32.80,32.40,31.50,1,0,,,,
2026-03-20T10:38:13+01:00,256,32.30,56.93,32.90,32.50,31.50,1,0,,,,
2026-03-20T10:40:16+01:00,257,32.33,57.40,32.90,32.50,31.60,1,0,,,,
2026-03-20T10:44:13+01:00,258,32.33,57.27,32.90,32.50,31.60,1,0,,,,
2026-03-20T10:46:16+01:00,259,32.33,57.43,32.90,32.50,31.60,1,0,,,,
2026-03-20T10:48:14+01:00,260,32.40,57.40,33.00,32.60,31.60,1,0,,,,
2026-03-20T10:50:15+01:00,261,32.43,57.50,33.00,32.60,31.70,1,0,,,,
2026-03-20T10:52:18+01:00,262,32.47,57.40,33.10,32.60,31.70,1,0,,,,
2026-03-20T10:54:16+01:00,263,32.50,57.37,33.10,32.70,31.70,1,0,,,,
2026-03-20T10:56:16+01:00,264,32.60,56.90,33.20,32.80,31.80,1,0,,,,
2026-03-20T10:58:16+01:00,265,32.60,56.70,33.20,32.80,31.80,1,0,,,,
2026-03-20T11:00:17+01:00,266,32.70,56.73,33.30,32.90,31.90,1,0,,,,
2026-03-20T11:02:18+01:00,267,32.70,56.63,33.30,32.90,31.90,1,0,,,,
2026-03-20T11:04:17+01:00,268,32.70,56.73,33.30,32.90,31.90,1,0,,,,
2026-03-20T11:06:18+01:00,269,32.77,56.40,33.30,33.00,32.00,1,0,,,,
2026-03-20T11:08:18+01:00,270,32.80,56.40,33.40,33.00,32.00,1,0,,,,
2026-03-20T11:10:18+01:00,271,32.80,56.40,33.40,33.00,32.00,1,0,,,,
2026-03-20T11:12:19+01:00,272,32.80,56.37,33.40,33.00,32.00,1,0,,,,
2026-03-20T11:14:19+01:00,273,32.80,56.33,33.40,33.00,32.00,1,0,,,,
2026-03-20T11:16:19+01:00,274,32.87,56.33,33.40,33.10,32.10,1,0,,,,
2026-03-20T11:18:20+01:00,275,32.83,56.33,33.40,33.10,32.00,1,0,,,,
2026-03-20T11:20:21+01:00,276,32.90,56.30,33.50,33.10,32.10,1,0,,,,
2026-03-20T11:22:21+01:00,277,32.90,56.33,33.50,33.10,32.10,1,0,,,,
2026-03-20T11:24:22+01:00,278,32.90,56.27,33.50,33.10,32.10,1,0,,,,
2026-03-20T11:26:22+01:00,279,32.93,56.07,33.50,33.20,32.10,1,0,,,,
2026-03-20T11:28:22+01:00,280,32.93,56.13,33.50,33.20,32.10,1,0,,,,
2026-03-20T11:30:23+01:00,281,33.00,56.13,33.60,33.20,32.20,1,0,,,,
2026-03-20T11:32:26+01:00,282,33.00,56.13,33.60,33.20,32.20,1,0,,,,
2026-03-20T11:34:23+01:00,283,33.00,56.13,33.60,33.20,32.20,1,0,,,,
2026-03-20T11:36:24+01:00,284,33.07,56.10,33.60,33.30,32.30,1,0,,,,
2026-03-20T11:38:25+01:00,285,33.03,56.07,33.60,33.30,32.20,1,0,,,,
2026-03-20T11:40:25+01:00,286,33.03,55.93,33.60,33.30,32.20,1,0,,,,
2026-03-20T11:42:26+01:00,287,33.07,55.60,33.70,33.30,32.20,1,0,,,,
2026-03-20T11:44:26+01:00,288,33.10,55.57,33.70,33.30,32.30,1,0,,,,
2026-03-20T11:47:46+01:00,289,32.83,56.00,33.40,33.10,32.00,1,0,,,,
2026-03-20T11:49:47+01:00,290,32.90,56.00,33.50,33.10,32.10,1,0,,,,
2026-03-20T12:13:48+01:00,291,32.70,60.40,33.20,33.20,31.70,1,0,,,,
2026-03-20T12:15:48+01:00,292,32.80,60.80,33.40,33.20,31.80,1,0,,,,
2026-03-20T12:17:49+01:00,293,32.90,59.47,33.50,33.20,32.00,1,0,,,,
2026-03-20T12:19:49+01:00,294,33.07,58.77,33.80,33.30,32.10,1,0,,,,
2026-03-20T12:21:50+01:00,295,33.20,58.07,34.00,33.30,32.30,1,0,,,,
2026-03-20T12:23:50+01:00,296,33.37,57.50,34.20,33.40,32.50,1,0,,,,
2026-03-20T12:25:50+01:00,297,33.47,57.30,34.30,33.50,32.60,1,0,,,,
2026-03-20T12:27:52+01:00,298,33.60,57.13,34.50,33.60,32.70,1,0,,,,
2026-03-20T12:29:53+01:00,299,33.70,56.63,34.60,33.60,32.90,1,0,,,,
2026-03-20T12:31:53+01:00,300,33.80,56.50,34.70,33.70,33.00,1,0,,,,
2026-03-20T12:33:52+01:00,301,33.83,56.40,34.80,33.70,33.00,1,0,,,,
2026-03-20T12:35:52+01:00,302,33.93,56.27,34.90,33.80,33.10,1,0,,,,
2026-03-20T12:45:33+01:00,303,33.97,55.33,34.80,34.00,33.10,1,0,,,,
2026-03-20T12:47:33+01:00,304,33.97,55.17,34.80,34.00,33.10,1,0,,,,
2026-03-20T12:49:34+01:00,305,34.03,54.93,34.90,34.00,33.20,1,0,,,,
2026-03-20T12:51:34+01:00,306,34.03,54.43,34.90,34.00,33.20,1,0,,,,
2026-03-20T12:53:35+01:00,307,34.03,54.27,34.90,34.00,33.20,1,0,,,,
2026-03-20T12:55:35+01:00,308,34.03,54.10,34.90,34.00,33.20,1,0,,,,
2026-03-20T12:57:36+01:00,309,34.03,54.00,34.90,34.00,33.20,1,0,,,,
2026-03-20T12:59:36+01:00,310,34.07,53.83,35.00,34.00,33.20,1,0,,,,
2026-03-20T13:01:37+01:00,311,34.07,53.40,35.00,34.00,33.20,1,0,,,,
2026-03-20T13:05:38+01:00,312,34.07,53.27,35.00,34.00,33.20,1,0,,,,
2026-03-20T13:07:38+01:00,313,34.07,53.20,35.00,34.00,33.20,1,0,,,,
2026-03-20T13:11:39+01:00,314,34.13,52.97,35.10,34.00,33.30,1,0,,,,
2026-03-20T13:13:39+01:00,315,34.17,52.47,35.10,34.10,33.30,1,0,,,,
2026-03-20T13:15:40+01:00,316,34.17,52.40,35.10,34.10,33.30,1,0,,,,
2026-03-20T13:17:41+01:00,317,34.17,52.40,35.10,34.10,33.30,1,0,,,,
2026-03-20T13:19:41+01:00,318,34.17,52.43,35.10,34.10,33.30,1,0,,,,
2026-03-20T13:21:41+01:00,319,34.17,52.40,35.10,34.10,33.30,1,0,,,,
2026-03-20T13:23:42+01:00,320,34.17,52.37,35.10,34.10,33.30,1,0,,,,
2026-03-20T13:25:44+01:00,321,34.17,52.30,35.10,34.10,33.30,1,0,,,,
2026-03-20T13:27:43+01:00,322,34.20,52.27,35.10,34.10,33.40,1,0,,,,
2026-03-20T13:29:43+01:00,323,34.23,52.17,35.10,34.20,33.40,1,0,,,,
2026-03-20T13:31:44+01:00,324,34.27,52.00,35.20,34.20,33.40,1,0,,,,
2026-03-20T13:33:45+01:00,325,34.27,51.93,35.20,34.20,33.40,1,0,,,,
2026-03-20T13:35:47+01:00,326,34.27,51.87,35.20,34.20,33.40,1,0,,,,
2026-03-20T13:37:46+01:00,327,34.37,51.43,35.30,34.30,33.50,1,0,,,,
2026-03-20T13:39:47+01:00,328,34.40,51.70,35.30,34.30,33.60,1,0,,,,
2026-03-20T13:41:47+01:00,329,34.40,51.73,35.30,34.30,33.60,1,0,,,,
2026-03-20T13:45:48+01:00,330,34.40,51.43,35.30,34.30,33.60,1,0,,,,
2026-03-20T13:47:52+01:00,331,34.40,51.80,35.30,34.30,33.60,1,0,,,,
2026-03-20T13:49:50+01:00,332,34.50,51.43,35.40,34.40,33.70,1,0,,,,
2026-03-20T13:51:50+01:00,333,34.47,51.43,35.40,34.40,33.60,1,0,,,,
2026-03-20T13:53:51+01:00,334,34.50,51.37,35.40,34.40,33.70,1,0,,,,
2026-03-20T13:55:51+01:00,335,34.50,51.70,35.40,34.40,33.70,1,0,,,,
2026-03-20T13:57:51+01:00,336,34.50,51.20,35.40,34.40,33.70,1,0,,,,
2026-03-20T14:02:00+01:00,337,34.13,51.93,34.90,34.30,33.20,1,0,,,,
2026-03-20T14:37:43+01:00,338,33.60,53.77,34.30,33.80,32.70,1,0,,,,
2026-03-20T14:39:43+01:00,339,33.77,49.80,34.50,34.00,32.80,1,0,,,,
2026-03-20T14:51:25+01:00,340,33.63,54.20,34.20,34.00,32.70,1,0,,,,
2026-03-20T14:53:25+01:00,341,33.60,54.47,34.30,34.00,32.50,1,0,,,,
2026-03-20T14:55:26+01:00,342,33.73,55.27,34.40,34.10,32.70,1,0,,,,
2026-03-20T15:01:47+01:00,343,33.83,57.50,34.50,34.20,32.80,1,0,,,,
2026-03-20T15:05:52+01:00,344,33.83,54.87,34.50,34.20,32.80,1,0,,,,
2026-03-20T15:07:53+01:00,345,34.00,67.10,34.60,34.50,32.90,1,0,,,,
2026-03-20T15:09:53+01:00,346,33.63,66.77,34.00,34.40,32.50,1,0,,,,
2026-03-20T15:11:54+01:00,347,33.33,67.53,33.50,34.30,32.20,1,0,,,,
2026-03-20T15:13:55+01:00,348,33.10,68.27,33.20,34.10,32.00,1,0,,,,
2026-03-20T15:15:54+01:00,349,32.97,68.50,33.10,34.00,31.80,1,0,,,,
2026-03-20T15:26:30+01:00,350,33.10,67.47,33.30,34.00,32.00,1,0,,,,
2026-03-20T15:28:31+01:00,351,33.00,66.53,33.10,34.00,31.90,1,0,,,,
2026-03-20T15:30:31+01:00,352,33.03,64.77,33.20,34.00,31.90,1,0,,,,
2026-03-20T15:32:32+01:00,353,33.10,62.43,33.30,34.00,32.00,1,0,,,,
2026-03-20T15:34:32+01:00,354,33.23,59.57,33.60,34.00,32.10,1,0,,,,
2026-03-20T15:36:32+01:00,355,33.37,57.70,33.80,34.00,32.30,1,0,,,,
2026-03-20T15:38:33+01:00,356,33.50,55.50,34.00,34.10,32.40,1,0,,,,
2026-03-20T15:40:34+01:00,357,33.70,53.83,34.30,34.20,32.60,1,0,,,,
2026-03-20T15:42:34+01:00,358,33.90,52.77,34.50,34.30,32.90,1,0,,,,
2026-03-20T15:44:34+01:00,359,34.03,51.67,34.70,34.40,33.00,1,0,,,,
2026-03-20T15:46:35+01:00,360,34.20,50.87,34.90,34.50,33.20,1,0,,,,
2026-03-20T15:48:35+01:00,361,34.30,50.30,35.10,34.60,33.20,1,0,,,,
2026-03-20T15:50:35+01:00,362,34.43,50.00,35.20,34.70,33.40,1,0,,,,
2026-03-20T15:52:36+01:00,363,34.53,49.17,35.30,34.80,33.50,1,0,,,,
2026-03-20T15:54:36+01:00,364,34.70,47.77,35.50,34.90,33.70,1,0,,,,
2026-03-20T15:56:39+01:00,365,34.80,47.17,35.60,35.00,33.80,1,0,,,,
2026-03-20T15:58:37+01:00,366,34.80,46.77,35.70,34.90,33.80,1,0,,,,
2026-03-20T16:00:37+01:00,367,34.87,46.53,35.80,34.90,33.90,1,0,,,,
2026-03-20T16:02:38+01:00,368,34.90,46.30,35.90,34.90,33.90,1,0,,,,
2026-03-20T16:04:38+01:00,369,34.93,46.13,35.90,35.00,33.90,1,0,,,,
2026-03-20T16:06:39+01:00,370,35.00,45.63,36.00,35.00,34.00,1,0,,,,
2026-03-20T16:08:39+01:00,371,35.00,45.50,36.00,35.00,34.00,1,0,,,,
2026-03-20T16:10:40+01:00,372,35.07,45.33,36.10,35.10,34.00,1,0,,,,
2026-03-20T16:12:40+01:00,373,35.07,45.17,36.10,35.10,34.00,1,0,,,,
2026-03-20T16:14:41+01:00,374,35.10,44.87,36.10,35.10,34.10,1,0,,,,
2026-03-20T16:16:41+01:00,375,35.13,44.80,36.20,35.10,34.10,1,0,,,,
2026-03-20T16:23:30+01:00,376,34.50,49.53,35.30,34.70,33.50,1,0,,,,
2026-03-20T16:25:30+01:00,377,34.83,45.47,35.80,34.90,33.80,1,0,,,,
2026-03-20T16:27:31+01:00,378,34.97,45.07,35.90,35.00,34.00,1,0,,,,
2026-03-20T16:29:31+01:00,379,35.00,44.73,36.00,35.00,34.00,1,0,,,,
2026-03-20T16:31:32+01:00,380,35.07,44.10,36.10,35.10,34.00,1,0,,,,
2026-03-20T16:33:32+01:00,381,35.10,43.90,36.10,35.10,34.10,1,0,,,,
2026-03-20T16:35:32+01:00,382,35.13,43.37,36.20,35.10,34.10,1,0,,,,
2026-03-20T16:37:33+01:00,383,35.17,43.33,36.20,35.10,34.20,1,0,,,,
2026-03-20T16:39:35+01:00,384,35.20,43.23,36.20,35.20,34.20,1,0,,,,
2026-03-20T16:41:34+01:00,385,35.23,42.60,36.30,35.20,34.20,1,0,,,,
2026-03-20T16:43:40+01:00,386,35.30,42.50,36.30,35.30,34.30,1,0,,,,
2026-03-20T16:45:35+01:00,387,35.33,42.47,36.40,35.30,34.30,1,0,,,,
2026-03-20T16:47:35+01:00,388,35.40,42.43,36.50,35.30,34.40,1,0,,,,
2026-03-20T16:49:36+01:00,389,35.43,42.47,36.50,35.40,34.40,1,0,,,,
2026-03-20T16:51:38+01:00,390,35.40,42.50,36.40,35.40,34.40,1,0,,,,
2026-03-20T16:53:37+01:00,391,35.37,42.40,36.40,35.30,34.40,1,0,,,,
2026-03-20T16:55:38+01:00,392,35.33,42.90,36.40,35.30,34.30,1,0,,,,
2026-03-20T16:57:38+01:00,393,35.37,42.40,36.40,35.40,34.30,1,0,,,,
2026-03-20T16:59:38+01:00,394,35.40,42.40,36.40,35.40,34.40,1,0,,,,
2026-03-20T17:01:39+01:00,395,35.37,42.40,36.40,35.40,34.30,1,0,,,,
2026-03-20T17:03:39+01:00,396,35.30,42.87,36.30,35.30,34.30,1,0,,,,
2026-03-20T17:05:39+01:00,397,35.30,43.00,36.30,35.30,34.30,1,0,,,,
2026-03-20T17:07:41+01:00,398,35.30,43.10,36.30,35.30,34.30,1,0,,,,
2026-03-20T17:09:40+01:00,399,35.33,42.93,36.30,35.40,34.30,1,0,,,,
2026-03-20T17:11:41+01:00,400,35.37,42.93,36.30,35.40,34.40,1,0,,,,
2026-03-20T17:13:41+01:00,401,35.33,42.97,36.30,35.40,34.30,1,0,,,,
2026-03-20T17:15:42+01:00,402,35.33,43.03,36.30,35.40,34.30,1,0,,,,
2026-03-20T17:17:42+01:00,403,35.33,42.90,36.30,35.40,34.30,1,0,,,,
2026-03-20T17:19:42+01:00,404,35.33,42.93,36.30,35.40,34.30,1,0,,,,
2026-03-20T17:21:43+01:00,405,35.30,43.07,36.30,35.40,34.20,1,0,,,,
2026-03-20T17:23:43+01:00,406,35.30,42.90,36.30,35.40,34.20,1,0,,,,
2026-03-20T17:25:44+01:00,407,35.30,42.87,36.20,35.40,34.30,1,0,,,,
2026-03-20T17:27:44+01:00,408,35.33,42.37,36.30,35.40,34.30,1,0,,,,
2026-03-20T17:29:45+01:00,409,35.33,42.20,36.30,35.40,34.30,1,0,,,,
2026-03-20T17:31:46+01:00,410,35.33,42.17,36.30,35.40,34.30,1,0,,,,
2026-03-20T17:33:47+01:00,411,35.33,42.20,36.30,35.40,34.30,1,0,,,,
2026-03-20T17:35:47+01:00,412,35.37,42.23,36.30,35.40,34.40,1,0,,,,
2026-03-20T17:37:47+01:00,413,35.37,42.17,36.30,35.40,34.40,1,0,,,,
2026-03-20T17:39:47+01:00,414,35.40,42.13,36.30,35.50,34.40,1,0,,,,
2026-03-20T17:41:47+01:00,415,35.40,42.13,36.30,35.50,34.40,1,0,,,,
2026-03-20T17:43:48+01:00,416,35.37,42.17,36.30,35.50,34.30,1,0,,,,
2026-03-20T17:45:48+01:00,417,35.40,42.00,36.30,35.50,34.40,1,0,,,,
2026-03-20T17:47:48+01:00,418,35.43,41.93,36.40,35.50,34.40,1,0,,,,
2026-03-20T17:49:48+01:00,419,35.43,41.43,36.40,35.50,34.40,1,0,,,,
2026-03-20T17:51:52+01:00,420,35.43,41.40,36.40,35.50,34.40,1,0,,,,
2026-03-20T17:53:49+01:00,421,35.43,41.40,36.40,35.50,34.40,1,0,,,,
2026-03-20T17:55:49+01:00,422,35.43,41.47,36.40,35.50,34.40,1,0,,,,
2026-03-20T17:57:51+01:00,423,35.47,41.40,36.40,35.50,34.50,1,0,,,,
2026-03-20T17:59:50+01:00,424,35.43,41.40,36.40,35.50,34.40,1,0,,,,
2026-03-20T18:01:50+01:00,425,35.43,41.33,36.40,35.50,34.40,1,0,,,,
2026-03-20T18:03:51+01:00,426,35.47,41.40,36.40,35.60,34.40,1,0,,,,
2026-03-20T18:05:51+01:00,427,35.43,41.43,36.40,35.50,34.40,1,0,,,,
2026-03-20T18:07:52+01:00,428,35.43,41.40,36.40,35.50,34.40,1,0,,,,
2026-03-20T18:09:52+01:00,429,35.43,41.40,36.40,35.50,34.40,1,0,,,,
2026-03-20T18:11:52+01:00,430,35.43,41.43,36.40,35.50,34.40,1,0,,,,
2026-03-20T18:13:53+01:00,431,35.47,41.53,36.40,35.60,34.40,1,0,,,,
2026-03-20T18:15:54+01:00,432,35.53,43.10,36.50,35.60,34.50,1,0,,,,
2026-03-20T18:17:54+01:00,433,35.53,44.13,36.50,35.60,34.50,1,0,,,,
2026-03-20T18:19:55+01:00,434,35.47,45.27,36.40,35.60,34.40,1,0,,,,
2026-03-20T18:21:55+01:00,435,35.50,46.10,36.40,35.60,34.50,1,0,,,,
2026-03-20T18:23:55+01:00,436,35.53,47.20,36.50,35.60,34.50,1,0,,,,
2026-03-20T18:25:56+01:00,437,35.50,47.43,36.50,35.60,34.40,1,0,,,,
2026-03-20T18:27:57+01:00,438,35.47,48.00,36.40,35.60,34.40,1,0,,,,
2026-03-20T18:29:57+01:00,439,35.47,48.27,36.40,35.60,34.40,1,0,,,,
2026-03-20T18:31:58+01:00,440,35.47,48.47,36.40,35.60,34.40,1,0,,,,
2026-03-20T18:34:00+01:00,441,35.37,48.97,36.30,35.50,34.30,1,0,,,,
2026-03-20T18:35:58+01:00,442,35.37,49.17,36.30,35.50,34.30,1,0,,,,
2026-03-20T18:37:59+01:00,443,35.30,49.43,36.20,35.50,34.20,1,0,,,,
2026-03-20T18:39:59+01:00,444,35.27,49.93,36.20,35.40,34.20,1,0,,,,
2026-03-20T18:42:00+01:00,445,35.27,50.10,36.20,35.40,34.20,1,0,,,,
2026-03-20T18:44:00+01:00,446,35.27,50.23,36.20,35.40,34.20,1,0,,,,
2026-03-20T18:46:01+01:00,447,35.27,50.30,36.20,35.40,34.20,1,0,,,,
2026-03-20T18:48:01+01:00,448,35.23,50.30,36.10,35.40,34.20,1,0,,,,
2026-03-20T18:50:02+01:00,449,35.17,50.43,36.10,35.30,34.10,1,0,,,,
2026-03-20T18:52:05+01:00,450,35.20,50.63,36.10,35.30,34.20,1,0,,,,
2026-03-20T18:57:22+01:00,451,35.00,51.37,36.00,35.10,33.90,1,0,,,,
2026-03-20T18:59:23+01:00,452,35.07,51.43,36.00,35.20,34.00,1,0,,,,
2026-03-20T19:02:11+01:00,453,34.80,51.43,35.70,35.00,33.70,1,0,,,,
2026-03-20T19:04:11+01:00,454,34.90,52.33,35.80,35.00,33.90,1,0,,,,
2026-03-20T19:06:11+01:00,455,35.00,52.40,35.90,35.10,34.00,1,0,,,,
2026-03-20T19:08:12+01:00,456,35.03,52.73,36.00,35.10,34.00,0,0,,,,
2026-03-20T19:10:12+01:00,457,34.83,52.40,35.70,35.00,33.80,1,0,,,,
2026-03-20T19:12:13+01:00,458,34.90,53.23,35.80,35.00,33.90,1,0,,,,
2026-03-20T19:14:13+01:00,459,35.00,52.87,35.90,35.10,34.00,1,0,,,,
2026-03-20T19:16:14+01:00,460,35.00,52.90,35.90,35.10,34.00,0,0,,,,
2026-03-20T19:18:14+01:00,461,34.77,53.13,35.70,34.90,33.70,1,0,,,,
2026-03-20T19:20:14+01:00,462,34.90,53.67,35.80,35.00,33.90,1,0,,,,
2026-03-20T19:22:15+01:00,463,34.90,53.60,35.80,35.00,33.90,1,0,,,,
2026-03-20T19:24:15+01:00,464,34.90,53.50,35.80,35.00,33.90,0,0,,,,
2026-03-20T19:26:19+01:00,465,34.63,53.50,35.50,34.80,33.60,1,0,,,,
2026-03-20T19:30:16+01:00,466,34.40,54.33,35.20,34.60,33.40,1,0,,,,
2026-03-20T19:32:17+01:00,467,34.33,54.53,35.10,34.60,33.30,0,0,,,,
2026-03-20T19:34:18+01:00,468,34.17,54.37,34.90,34.50,33.10,1,0,,,,
2026-03-20T19:36:18+01:00,469,34.07,55.20,34.80,34.40,33.00,1,0,,,,
2026-03-20T19:38:19+01:00,470,34.03,55.87,34.80,34.30,33.00,1,0,,,,
2026-03-20T19:40:19+01:00,471,34.23,55.80,35.00,34.40,33.30,0,0,,,,
2026-03-20T19:42:20+01:00,472,34.03,55.23,34.80,34.30,33.00,1,0,,,,
2026-03-20T19:44:20+01:00,473,34.20,55.83,35.00,34.30,33.30,1,0,,,,
2026-03-20T19:46:21+01:00,474,34.27,55.70,35.10,34.40,33.30,1,0,,,,
2026-03-20T19:48:25+01:00,475,34.37,55.63,35.20,34.40,33.50,0,0,,,,
2026-03-20T19:50:28+01:00,476,34.13,55.20,35.00,34.30,33.10,1,0,,,,
2026-03-20T19:52:26+01:00,477,34.23,55.67,35.10,34.30,33.30,1,0,,,,
2026-03-20T19:54:23+01:00,478,34.30,55.57,35.20,34.40,33.30,1,0,,,,
2026-03-20T19:56:23+01:00,479,34.27,55.53,35.10,34.30,33.40,0,0,,,,
2026-03-20T19:58:35+01:00,480,34.03,55.70,34.90,34.20,33.00,1,0,,,,
2026-03-20T20:02:24+01:00,481,34.20,55.63,35.10,34.30,33.20,1,0,,,,
2026-03-20T20:04:25+01:00,482,34.17,55.27,35.00,34.30,33.20,0,0,,,,
2026-03-20T20:06:24+01:00,483,34.00,55.40,34.80,34.20,33.00,1,0,,,,
2026-03-20T20:08:25+01:00,484,34.17,55.80,35.00,34.30,33.20,1,0,,,,
2026-03-20T20:10:26+01:00,485,34.33,55.83,35.20,34.40,33.40,1,0,,,,
2026-03-20T20:12:28+01:00,486,34.43,55.53,35.30,34.50,33.50,0,0,,,,
2026-03-20T20:14:26+01:00,487,34.23,55.13,35.10,34.40,33.20,1,0,,,,
2026-03-20T20:16:27+01:00,488,34.40,55.80,35.30,34.50,33.40,1,0,,,,
2026-03-20T20:18:28+01:00,489,34.57,55.63,35.50,34.60,33.60,1,0,,,,
2026-03-20T20:20:28+01:00,490,34.63,54.97,35.50,34.70,33.70,0,0,,,,
2026-03-20T20:22:29+01:00,491,34.23,55.13,35.00,34.50,33.20,1,0,,,,
2026-03-20T20:24:29+01:00,492,34.27,55.70,35.10,34.50,33.20,1,0,,,,
2026-03-20T20:26:30+01:00,493,34.23,55.13,35.10,34.40,33.20,1,0,,,,
2026-03-20T20:28:30+01:00,494,34.17,55.60,35.00,34.30,33.20,0,0,,,,
2026-03-20T20:30:32+01:00,495,33.93,55.43,34.70,34.10,33.00,1,0,,,,
2026-03-20T20:32:31+01:00,496,33.97,55.93,34.80,34.10,33.00,1,0,,,,
2026-03-20T20:34:31+01:00,497,33.97,56.03,34.80,34.10,33.00,1,0,,,,
2026-03-20T20:36:32+01:00,498,33.93,56.20,34.80,34.00,33.00,0,0,,,,
2026-03-20T20:38:35+01:00,499,33.67,56.00,34.40,33.90,32.70,1,0,,,,
2026-03-20T20:40:33+01:00,500,33.80,57.13,34.60,33.90,32.90,1,0,,,,
2026-03-20T20:42:34+01:00,501,33.80,56.53,34.60,33.90,32.90,1,0,,,,
2026-03-20T20:44:35+01:00,502,33.80,56.40,34.60,33.90,32.90,0,0,,,,
2026-03-20T20:46:35+01:00,503,33.53,56.13,34.30,33.70,32.60,1,0,,,,
2026-03-20T20:48:36+01:00,504,33.53,57.10,34.30,33.70,32.60,1,0,,,,
2026-03-20T20:50:35+01:00,505,33.60,57.13,34.40,33.70,32.70,1,0,,,,
2026-03-20T20:52:36+01:00,506,33.67,57.13,34.50,33.80,32.70,0,0,,,,
2026-03-20T20:54:36+01:00,507,33.43,56.73,34.20,33.60,32.50,1,0,,,,
2026-03-20T20:56:40+01:00,508,33.50,57.27,34.30,33.60,32.60,1,0,,,,
2026-03-20T20:58:38+01:00,509,33.50,57.27,34.30,33.60,32.60,1,0,,,,
2026-03-20T21:00:41+01:00,510,33.50,57.27,34.30,33.60,32.60,0,0,,,,
2026-03-20T21:04:39+01:00,511,33.27,57.93,34.00,33.40,32.40,1,0,,,,
2026-03-20T21:06:39+01:00,512,33.30,58.10,34.10,33.40,32.40,1,0,,,,
2026-03-20T21:08:40+01:00,513,33.40,58.07,34.20,33.50,32.50,0,0,,,,
2026-03-20T21:10:40+01:00,514,33.17,57.67,34.00,33.30,32.20,1,0,,,,
2026-03-20T21:12:39+01:00,515,33.20,58.63,34.00,33.30,32.30,1,0,,,,
2026-03-20T21:14:40+01:00,516,33.23,58.37,34.00,33.30,32.40,1,0,,,,
2026-03-20T21:16:42+01:00,517,33.30,58.20,34.10,33.40,32.40,0,0,,,,
2026-03-20T21:20:42+01:00,518,33.17,58.87,34.00,33.20,32.30,1,0,,,,
2026-03-20T21:22:42+01:00,519,33.20,58.77,34.00,33.30,32.30,1,0,,,,
2026-03-20T21:24:42+01:00,520,33.23,58.50,34.00,33.30,32.40,0,0,,,,
2026-03-20T21:26:45+01:00,521,33.03,58.00,33.80,33.20,32.10,1,0,,,,
2026-03-20T21:28:43+01:00,522,33.17,59.00,34.00,33.20,32.30,1,0,,,,
2026-03-20T21:30:44+01:00,523,33.23,58.50,34.00,33.30,32.40,1,0,,,,
2026-03-20T21:32:44+01:00,524,33.27,58.50,34.10,33.30,32.40,0,0,,,,
2026-03-20T21:34:45+01:00,525,33.03,58.40,33.80,33.20,32.10,1,0,,,,
2026-03-20T21:36:52+01:00,526,33.10,59.13,33.90,33.20,32.20,1,0,,,,
2026-03-20T21:38:49+01:00,527,33.20,59.00,34.00,33.30,32.30,1,0,,,,
2026-03-20T21:40:47+01:00,528,33.23,58.93,34.00,33.30,32.40,0,0,,,,
2026-03-20T21:42:47+01:00,529,32.93,58.57,33.70,33.10,32.00,1,0,,,,
2026-03-20T21:44:48+01:00,530,33.00,59.80,33.80,33.10,32.10,1,0,,,,
2026-03-20T21:46:48+01:00,531,33.10,59.47,33.90,33.10,32.30,1,0,,,,
2026-03-20T21:48:49+01:00,532,33.17,59.77,34.00,33.20,32.30,0,0,,,,
2026-03-20T21:50:48+01:00,533,32.93,58.77,33.70,33.00,32.10,1,0,,,,
2026-03-20T21:52:49+01:00,534,33.10,59.90,33.90,33.10,32.30,1,0,,,,
2026-03-20T21:54:50+01:00,535,33.17,59.43,34.00,33.20,32.30,1,0,,,,
2026-03-20T21:56:50+01:00,536,33.27,59.27,34.10,33.30,32.40,0,0,,,,
2026-03-20T21:58:51+01:00,537,33.07,58.73,33.90,33.10,32.20,1,0,,,,
2026-03-20T22:00:52+01:00,538,33.13,59.83,34.00,33.10,32.30,1,0,,,,
2026-03-20T22:02:52+01:00,539,33.17,59.87,34.00,33.20,32.30,1,0,,,,
2026-03-20T22:04:53+01:00,540,33.17,59.90,34.00,33.20,32.30,0,0,,,,
2026-03-20T22:06:54+01:00,541,32.93,58.90,33.70,33.00,32.10,1,0,,,,
2026-03-20T22:08:56+01:00,542,33.07,60.07,33.90,33.10,32.20,1,0,,,,
2026-03-20T22:10:55+01:00,543,33.13,59.97,34.00,33.10,32.30,1,0,,,,
2026-03-20T22:12:55+01:00,544,33.17,59.97,34.00,33.20,32.30,0,0,,,,
2026-03-20T22:14:55+01:00,545,32.93,58.97,33.70,33.00,32.10,1,0,,,,
2026-03-20T22:16:56+01:00,546,33.07,60.13,33.90,33.10,32.20,1,0,,,,
2026-03-20T22:18:58+01:00,547,33.17,59.93,34.00,33.20,32.30,1,0,,,,
2026-03-20T22:20:57+01:00,548,33.13,59.97,34.00,33.10,32.30,0,0,,,,
2026-03-20T22:22:58+01:00,549,32.83,59.43,33.60,32.90,32.00,1,0,,,,
2026-03-20T22:24:59+01:00,550,32.83,61.03,33.60,32.90,32.00,1,0,,,,
2026-03-20T22:26:59+01:00,551,32.90,60.80,33.70,32.90,32.10,1,0,,,,
2026-03-20T22:28:59+01:00,552,33.00,60.57,33.80,33.00,32.20,0,0,,,,
2026-03-20T22:31:01+01:00,553,32.83,59.60,33.60,32.90,32.00,1,0,,,,
2026-03-20T22:33:00+01:00,554,32.87,61.17,33.70,32.90,32.00,1,0,,,,
2026-03-20T22:35:01+01:00,555,32.93,61.13,33.80,32.90,32.10,1,0,,,,
2026-03-20T22:37:04+01:00,556,33.00,61.00,33.80,33.00,32.20,0,0,,,,
2026-03-20T22:39:03+01:00,557,32.73,59.90,33.50,32.80,31.90,1,0,,,,
2026-03-20T22:43:03+01:00,558,32.97,61.07,33.80,33.00,32.10,1,0,,,,
2026-03-20T22:47:03+01:00,559,32.63,60.27,33.40,32.90,31.60,1,0,,,,
2026-03-20T22:49:04+01:00,560,32.60,61.57,33.40,32.80,31.60,1,0,,,,
2026-03-20T22:51:04+01:00,561,32.63,61.63,33.40,32.80,31.70,1,0,,,,
2026-03-20T22:53:05+01:00,562,32.63,62.10,33.40,32.80,31.70,0,0,,,,
2026-03-20T22:55:05+01:00,563,32.27,61.27,33.00,32.60,31.20,1,0,,,,
2026-03-20T22:57:06+01:00,564,32.37,62.60,33.10,32.60,31.40,1,0,,,,
2026-03-20T22:59:07+01:00,565,32.43,62.63,33.20,32.60,31.50,1,0,,,,
2026-03-20T23:01:07+01:00,566,32.50,62.67,33.30,32.60,31.60,0,0,,,,
2026-03-20T23:03:09+01:00,567,32.27,61.57,33.00,32.50,31.30,1,0,,,,
2026-03-20T23:05:11+01:00,568,32.37,62.73,33.10,32.50,31.50,1,0,,,,
2026-03-21T05:11:41+01:00,569,32.53,62.73,33.40,32.50,31.70,1,0,,,,
2026-03-21T05:13:42+01:00,570,32.70,63.33,33.60,32.60,31.90,1,0,,,,
2026-03-21T05:15:43+01:00,571,32.80,63.10,33.70,32.70,32.00,1,0,,,,
2026-03-21T05:17:43+01:00,572,32.80,63.07,33.70,32.70,32.00,0,0,,,,
2026-03-21T05:19:43+01:00,573,32.63,62.53,33.50,32.60,31.80,1,0,,,,
2026-03-21T05:21:43+01:00,574,32.70,63.10,33.60,32.60,31.90,1,0,,,,
2026-03-21T05:23:43+01:00,575,32.73,63.10,33.60,32.70,31.90,1,0,,,,
2026-03-21T05:25:43+01:00,576,32.77,63.10,33.60,32.70,32.00,0,0,,,,
2026-03-21T05:27:43+01:00,577,32.53,62.67,33.40,32.50,31.70,1,0,,,,
2026-03-21T05:29:43+01:00,578,32.60,63.30,33.50,32.50,31.80,1,0,,,,
2026-03-21T05:31:44+01:00,579,32.70,63.23,33.60,32.60,31.90,1,0,,,,
2026-03-21T05:33:44+01:00,580,32.77,63.03,33.60,32.70,32.00,0,0,,,,
2026-03-21T05:35:44+01:00,581,32.47,62.63,33.30,32.50,31.60,1,0,,,,
2026-03-21T05:37:44+01:00,582,32.53,63.37,33.40,32.50,31.70,1,0,,,,
2026-03-21T05:39:44+01:00,583,32.63,63.30,33.50,32.60,31.80,1,0,,,,
2026-03-21T05:41:55+01:00,584,32.67,63.20,33.50,32.60,31.90,0,0,,,,
2026-03-21T05:43:45+01:00,585,32.43,62.70,33.30,32.40,31.60,1,0,,,,
2026-03-21T05:45:45+01:00,586,32.53,63.40,33.40,32.50,31.70,1,0,,,,
2026-03-21T05:47:46+01:00,587,32.57,63.77,33.40,32.50,31.80,1,0,,,,
2026-03-21T05:49:46+01:00,588,32.60,63.33,33.50,32.50,31.80,0,0,,,,
2026-03-21T05:51:46+01:00,589,32.37,62.87,33.20,32.40,31.50,1,0,,,,
2026-03-21T05:53:47+01:00,590,32.47,63.80,33.30,32.40,31.70,1,0,,,,
2026-03-21T05:55:47+01:00,591,32.57,63.33,33.40,32.50,31.80,1,0,,,,
2026-03-21T05:57:48+01:00,592,32.60,63.30,33.50,32.50,31.80,0,0,,,,
2026-03-21T05:59:48+01:00,593,32.40,62.83,33.20,32.40,31.60,1,0,,,,
2026-03-21T06:01:48+01:00,594,32.47,63.80,33.30,32.40,31.70,1,0,,,,
2026-03-21T06:03:49+01:00,595,32.57,63.43,33.40,32.50,31.80,1,0,,,,
2026-03-21T06:05:49+01:00,596,32.63,63.27,33.50,32.60,31.80,0,0,,,,
2026-03-21T06:07:49+01:00,597,32.40,62.83,33.20,32.40,31.60,1,0,,,,
2026-03-21T06:09:49+01:00,598,32.43,63.50,33.30,32.40,31.60,1,0,,,,
2026-03-21T06:11:50+01:00,599,32.50,63.83,33.40,32.40,31.70,1,0,,,,
2026-03-21T06:13:50+01:00,600,32.50,63.83,33.40,32.40,31.70,0,0,,,,
2026-03-21T06:15:51+01:00,601,32.27,63.30,33.10,32.20,31.50,1,0,,,,
2026-03-21T06:17:50+01:00,602,32.37,64.07,33.20,32.30,31.60,1,0,,,,
2026-03-21T06:19:51+01:00,603,32.50,63.90,33.40,32.40,31.70,1,0,,,,
2026-03-21T06:21:51+01:00,604,32.60,63.33,33.50,32.50,31.80,0,0,,,,
2026-03-21T06:23:51+01:00,605,32.40,62.87,33.20,32.40,31.60,1,0,,,,
2026-03-21T06:25:52+01:00,606,32.53,63.40,33.40,32.50,31.70,1,0,,,,
2026-03-21T06:27:52+01:00,607,32.57,63.27,33.40,32.50,31.80,1,0,,,,
2026-03-21T06:29:52+01:00,608,32.63,63.20,33.50,32.60,31.80,0,0,,,,
2026-03-21T06:31:53+01:00,609,32.40,62.80,33.20,32.40,31.60,1,0,,,,
2026-03-21T06:33:53+01:00,610,32.53,63.77,33.40,32.50,31.70,1,0,,,,
2026-03-21T06:35:55+01:00,611,32.60,63.33,33.50,32.50,31.80,1,0,,,,
2026-03-21T06:37:54+01:00,612,32.67,63.23,33.50,32.60,31.90,0,0,,,,
2026-03-21T06:39:54+01:00,613,32.43,62.83,33.30,32.40,31.60,1,0,,,,
2026-03-21T06:41:55+01:00,614,32.53,63.40,33.40,32.50,31.70,1,0,,,,
2026-03-21T06:43:55+01:00,615,32.67,63.33,33.50,32.60,31.90,1,0,,,,
2026-03-21T06:45:55+01:00,616,32.63,63.23,33.50,32.50,31.90,0,0,,,,
2026-03-21T06:47:55+01:00,617,32.43,62.90,33.30,32.40,31.60,1,0,,,,
2026-03-21T06:49:56+01:00,618,32.50,63.83,33.40,32.40,31.70,1,0,,,,
2026-03-21T06:51:56+01:00,619,32.63,63.30,33.50,32.50,31.90,1,0,,,,
2026-03-21T06:53:56+01:00,620,32.70,63.27,33.60,32.60,31.90,0,0,,,,
2026-03-21T06:55:57+01:00,621,32.43,62.87,33.30,32.40,31.60,1,0,,,,
2026-03-21T06:57:57+01:00,622,32.57,63.50,33.40,32.50,31.80,1,0,,,,
2026-03-21T06:59:58+01:00,623,32.67,63.30,33.50,32.60,31.90,1,0,,,,
2026-03-21T07:01:58+01:00,624,32.77,63.20,33.60,32.70,32.00,0,0,,,,
2026-03-21T07:03:59+01:00,625,32.50,62.80,33.30,32.50,31.70,1,0,,,,
2026-03-21T07:05:59+01:00,626,32.63,63.67,33.50,32.60,31.80,1,0,,,,
2026-03-21T07:08:00+01:00,627,32.70,63.27,33.60,32.60,31.90,1,0,,,,
2026-03-21T07:10:00+01:00,628,32.70,63.20,33.60,32.60,31.90,0,0,,,,
2026-03-21T07:12:01+01:00,629,32.43,62.90,33.30,32.40,31.60,1,0,,,,
2026-03-21T07:14:01+01:00,630,32.47,64.00,33.30,32.40,31.70,1,0,,,,
2026-03-21T07:16:02+01:00,631,32.53,63.97,33.40,32.40,31.80,1,0,,,,
2026-03-21T07:18:02+01:00,632,32.63,63.60,33.50,32.50,31.90,0,0,,,,
2026-03-21T07:20:03+01:00,633,32.37,63.43,33.20,32.40,31.50,1,0,,,,
2026-03-21T07:22:03+01:00,634,32.43,64.10,33.30,32.30,31.70,1,0,,,,
2026-03-21T07:24:03+01:00,635,32.50,64.10,33.40,32.40,31.70,1,0,,,,
2026-03-21T07:26:04+01:00,636,32.63,63.67,33.50,32.50,31.90,0,0,,,,
2026-03-21T07:28:04+01:00,637,32.43,63.07,33.30,32.40,31.60,1,0,,,,
2026-03-21T07:30:05+01:00,638,32.53,63.90,33.40,32.50,31.70,1,0,,,,
2026-03-21T07:32:05+01:00,639,32.60,63.93,33.50,32.50,31.80,1,0,,,,
2026-03-21T07:34:06+01:00,640,32.70,63.87,33.60,32.60,31.90,0,0,,,,
2026-03-21T07:36:06+01:00,641,32.47,63.40,33.30,32.40,31.70,1,0,,,,
2026-03-21T07:38:07+01:00,642,32.50,64.03,33.40,32.40,31.70,1,0,,,,
2026-03-21T07:40:07+01:00,643,32.53,64.03,33.40,32.40,31.80,1,0,,,,
2026-03-21T07:42:07+01:00,644,32.57,64.07,33.50,32.40,31.80,0,0,,,,
2026-03-21T07:44:08+01:00,645,32.30,63.53,33.20,32.20,31.50,1,0,,,,
2026-03-21T07:46:08+01:00,646,32.37,64.27,33.30,32.20,31.60,1,0,,,,
2026-03-21T07:48:08+01:00,647,32.50,64.17,33.40,32.40,31.70,1,0,,,,
2026-03-21T07:50:09+01:00,648,32.63,64.00,33.50,32.50,31.90,0,0,,,,
2026-03-21T07:52:09+01:00,649,32.43,63.47,33.30,32.40,31.60,1,0,,,,
2026-03-21T07:54:10+01:00,650,32.57,64.03,33.40,32.50,31.80,1,0,,,,
2026-03-21T07:56:10+01:00,651,32.70,63.43,33.60,32.60,31.90,1,0,,,,
2026-03-21T07:58:11+01:00,652,32.77,63.27,33.60,32.70,32.00,0,0,,,,
2026-03-21T08:00:11+01:00,653,32.50,62.97,33.30,32.50,31.70,1,0,,,,
2026-03-21T08:02:11+01:00,654,32.60,63.77,33.50,32.50,31.80,1,0,,,,
2026-03-21T08:04:12+01:00,655,32.70,63.37,33.60,32.60,31.90,1,0,,,,
2026-03-21T08:06:12+01:00,656,32.80,63.23,33.70,32.70,32.00,0,0,,,,
2026-03-21T08:08:13+01:00,657,32.57,62.90,33.40,32.50,31.80,1,0,,,,
2026-03-21T08:10:13+01:00,658,32.63,63.37,33.50,32.60,31.80,1,0,,,,
2026-03-21T08:12:13+01:00,659,32.73,63.23,33.60,32.60,32.00,1,0,,,,
2026-03-21T08:14:14+01:00,660,32.80,63.17,33.70,32.70,32.00,0,0,,,,
2026-03-21T08:16:14+01:00,661,32.63,62.80,33.50,32.60,31.80,1,0,,,,
2026-03-21T08:18:14+01:00,662,32.70,63.27,33.60,32.60,31.90,1,0,,,,
2026-03-21T08:20:14+01:00,663,32.73,63.30,33.60,32.60,32.00,1,0,,,,
2026-03-21T08:22:14+01:00,664,32.80,63.23,33.70,32.70,32.00,0,0,,,,
2026-03-21T08:24:15+01:00,665,32.63,62.80,33.50,32.60,31.80,1,0,,,,
2026-03-21T08:26:15+01:00,666,32.70,63.13,33.60,32.60,31.90,1,0,,,,
2026-03-21T08:28:16+01:00,667,32.80,63.03,33.70,32.70,32.00,1,0,,,,
2026-03-21T08:36:16+01:00,668,32.67,62.90,33.50,32.60,31.90,1,0,,,,
2026-03-21T08:38:16+01:00,669,32.77,62.93,33.60,32.70,32.00,0,0,,,,
2026-03-21T08:40:17+01:00,670,32.47,62.70,33.30,32.50,31.60,1,0,,,,
2026-03-21T08:50:17+01:00,671,32.70,62.13,33.50,32.70,31.90,1,0,,,,
2026-03-21T08:52:18+01:00,672,32.73,62.10,33.60,32.70,31.90,1,0,,,,
2026-03-21T08:54:18+01:00,673,32.80,62.00,33.70,32.70,32.00,0,0,,,,
2026-03-21T08:56:18+01:00,674,32.63,61.83,33.50,32.60,31.80,1,0,,,,
2026-03-21T08:58:19+01:00,675,32.70,62.13,33.60,32.60,31.90,1,0,,,,
2026-03-21T09:00:19+01:00,676,32.80,61.97,33.70,32.70,32.00,1,0,,,,
2026-03-21T09:02:19+01:00,677,32.87,61.70,33.70,32.80,32.10,0,0,,,,
2026-03-21T09:04:19+01:00,678,32.60,61.70,33.50,32.60,31.70,1,0,,,,
2026-03-21T09:06:19+01:00,679,32.70,62.00,33.60,32.60,31.90,1,0,,,,
2026-03-21T09:08:20+01:00,680,32.77,61.73,33.60,32.70,32.00,1,0,,,,
2026-03-21T09:10:21+01:00,681,32.77,61.63,33.60,32.70,32.00,0,0,,,,
2026-03-21T09:12:20+01:00,682,32.50,61.67,33.30,32.50,31.70,1,0,,,,
2026-03-21T09:14:21+01:00,683,32.57,61.77,33.40,32.50,31.80,1,0,,,,
2026-03-21T09:16:21+01:00,684,32.63,61.67,33.50,32.60,31.80,1,0,,,,
2026-03-21T09:18:22+01:00,685,32.67,61.63,33.50,32.60,31.90,0,0,,,,
2026-03-21T09:20:22+01:00,686,32.37,61.60,33.20,32.40,31.50,1,0,,,,
2026-03-21T09:22:22+01:00,687,32.43,61.50,33.20,32.40,31.70,1,0,,,,
2026-03-21T09:24:23+01:00,688,32.47,61.63,33.30,32.40,31.70,1,0,,,,
2026-03-21T09:26:23+01:00,689,32.57,61.47,33.40,32.50,31.80,0,0,,,,
2026-03-21T09:28:23+01:00,690,32.37,61.40,33.20,32.40,31.50,1,0,,,,
2026-03-21T09:30:24+01:00,691,32.47,61.50,33.30,32.40,31.70,1,0,,,,
2026-03-21T09:32:24+01:00,692,32.57,61.40,33.40,32.50,31.80,1,0,,,,
2026-03-21T09:34:24+01:00,693,32.63,60.80,33.50,32.60,31.80,0,0,,,,
2026-03-21T09:36:25+01:00,694,32.43,61.17,33.30,32.40,31.60,1,0,,,,
2026-03-21T09:38:25+01:00,695,32.53,60.53,33.40,32.50,31.70,1,0,,,,
2026-03-21T09:40:25+01:00,696,32.63,60.50,33.50,32.50,31.90,1,0,,,,
2026-03-21T09:42:26+01:00,697,32.67,60.27,33.50,32.60,31.90,0,0,,,,
2026-03-21T09:56:09+01:00,698,31.80,64.53,32.40,32.00,31.00,1,0,,,,
2026-03-21T09:58:10+01:00,699,31.90,62.20,32.50,32.10,31.10,1,0,,,,
2026-03-21T10:00:10+01:00,700,32.03,62.07,32.60,32.20,31.30,1,0,,,,
2026-03-21T10:02:10+01:00,701,32.13,61.80,32.70,32.30,31.40,0,0,,,,
2026-03-21T10:04:11+01:00,702,32.13,61.67,32.70,32.40,31.30,1,0,,,,
2026-03-21T10:06:11+01:00,703,32.13,61.43,32.70,32.40,31.30,1,0,,,,
2026-03-21T10:08:11+01:00,704,32.23,60.87,32.80,32.40,31.50,1,0,,,,
2026-03-21T10:10:12+01:00,705,32.30,61.37,32.90,32.50,31.50,0,0,,,,
2026-03-21T10:12:13+01:00,706,32.30,61.27,32.90,32.50,31.50,1,0,,,,
2026-03-21T10:14:13+01:00,707,32.33,60.73,32.90,32.60,31.50,1,0,,,,
2026-03-21T10:16:23+01:00,708,32.37,60.50,33.00,32.60,31.50,1,0,,,,
2026-03-21T10:18:13+01:00,709,32.40,61.00,33.00,32.60,31.60,0,0,,,,
2026-03-21T10:20:14+01:00,710,32.33,61.10,32.90,32.60,31.50,1,0,,,,
2026-03-21T10:22:14+01:00,711,32.33,60.63,32.90,32.60,31.50,1,0,,,,
2026-03-21T10:24:15+01:00,712,32.33,61.17,32.90,32.60,31.50,1,0,,,,
2026-03-21T10:26:16+01:00,713,32.43,60.57,33.00,32.70,31.60,0,0,,,,
2026-03-21T10:28:16+01:00,714,32.30,60.70,32.80,32.60,31.50,1,0,,,,
2026-03-21T10:30:17+01:00,715,32.30,60.40,32.80,32.60,31.50,1,0,,,,
2026-03-21T10:32:17+01:00,716,32.30,59.57,32.80,32.60,31.50,1,0,,,,
2026-03-21T10:34:18+01:00,717,32.33,60.20,32.90,32.60,31.50,0,0,,,,
2026-03-21T10:37:26+01:00,718,32.20,61.67,32.60,32.60,31.40,1,0,,,,
2026-03-21T10:39:26+01:00,719,32.33,61.77,32.80,32.70,31.50,1,0,,,,
2026-03-21T10:41:27+01:00,720,32.30,60.77,32.80,32.60,31.50,1,0,,,,
2026-03-21T10:43:39+01:00,721,32.30,61.17,32.80,32.60,31.50,0,0,,,,
2026-03-21T10:45:28+01:00,722,32.23,61.23,32.70,32.60,31.40,1,0,,,,
2026-03-21T10:47:29+01:00,723,32.30,60.43,32.80,32.60,31.50,1,0,,,,
2026-03-21T10:49:29+01:00,724,32.30,59.40,32.80,32.60,31.50,1,0,,,,
2026-03-21T10:51:30+01:00,725,32.33,59.17,32.90,32.60,31.50,0,0,,,,
2026-03-21T10:53:30+01:00,726,32.30,59.40,32.80,32.60,31.50,1,0,,,,
2026-03-21T10:55:30+01:00,727,32.40,60.10,32.90,32.70,31.60,1,0,,,,
2026-03-21T10:57:33+01:00,728,32.43,59.43,33.00,32.70,31.60,1,0,,,,
2026-03-21T10:59:32+01:00,729,32.43,60.10,33.00,32.70,31.60,0,0,,,,
2026-03-21T11:01:34+01:00,730,32.43,60.07,33.00,32.70,31.60,1,0,,,,
2026-03-21T11:03:33+01:00,731,32.53,60.03,33.10,32.80,31.70,1,0,,,,
2026-03-21T11:05:34+01:00,732,32.53,59.83,33.10,32.80,31.70,1,0,,,,
2026-03-21T11:08:53+01:00,733,32.57,60.03,33.10,32.90,31.70,1,0,,,,
2026-03-21T11:10:53+01:00,734,32.67,59.67,33.20,33.00,31.80,1,0,,,,
2026-03-21T11:14:53+01:00,735,32.67,58.30,33.20,33.00,31.80,0,0,,,,
2026-03-21T11:16:53+01:00,736,32.60,58.90,33.10,33.00,31.70,1,0,,,,
2026-03-21T11:18:54+01:00,737,32.60,58.33,33.20,32.90,31.70,1,0,,,,
2026-03-21T11:20:54+01:00,738,32.67,58.07,33.20,33.00,31.80,1,0,,,,
2026-03-21T11:22:55+01:00,739,32.70,57.17,33.30,33.00,31.80,0,0,,,,
2026-03-21T11:24:55+01:00,740,32.70,57.63,33.30,33.00,31.80,1,0,,,,
2026-03-21T11:26:56+01:00,741,32.77,56.37,33.40,33.00,31.90,1,0,,,,
2026-03-21T11:28:56+01:00,742,32.83,56.23,33.50,33.10,31.90,1,0,,,,
2026-03-21T11:30:57+01:00,743,32.90,55.97,33.60,33.10,32.00,0,0,,,,
2026-03-21T11:32:57+01:00,744,32.87,56.60,33.60,33.10,31.90,1,0,,,,
2026-03-21T11:34:58+01:00,745,32.87,55.73,33.60,33.10,31.90,1,0,,,,
2026-03-21T11:36:58+01:00,746,32.93,56.27,33.60,33.20,32.00,1,0,,,,
2026-03-21T11:38:58+01:00,747,33.00,55.60,33.70,33.20,32.10,0,0,,,,
2026-03-21T11:40:59+01:00,748,33.00,56.30,33.80,33.20,32.00,1,0,,,,
2026-03-21T11:42:59+01:00,749,33.07,55.87,33.80,33.30,32.10,1,0,,,,
2026-03-21T11:45:00+01:00,750,33.23,55.33,34.00,33.40,32.30,1,0,,,,
2026-03-21T11:47:00+01:00,751,33.27,53.87,34.00,33.50,32.30,0,0,,,,
2026-03-21T11:49:01+01:00,752,33.27,54.93,34.10,33.50,32.20,1,0,,,,
2026-03-21T11:51:01+01:00,753,33.30,54.60,34.10,33.50,32.30,1,0,,,,
2026-03-21T11:53:02+01:00,754,33.30,54.07,34.10,33.50,32.30,1,0,,,,
2026-03-21T11:58:12+01:00,755,33.13,56.37,34.00,33.30,32.10,1,0,,,,
2026-03-21T12:00:13+01:00,756,33.20,54.57,34.00,33.40,32.20,1,0,,,,
2026-03-21T12:02:13+01:00,757,33.27,54.20,34.00,33.50,32.30,1,0,,,,
2026-03-21T12:04:14+01:00,758,33.27,53.87,34.00,33.50,32.30,0,0,,,,
2026-03-21T12:06:14+01:00,759,33.23,54.73,34.00,33.50,32.20,1,0,,,,
2026-03-21T12:08:15+01:00,760,33.27,52.60,34.00,33.50,32.30,1,0,,,,
2026-03-21T12:10:15+01:00,761,33.27,52.83,34.00,33.50,32.30,1,0,,,,
2026-03-21T12:12:16+01:00,762,33.27,53.53,34.00,33.50,32.30,0,0,,,,
2026-03-21T12:14:16+01:00,763,33.20,54.47,34.00,33.40,32.20,1,0,,,,
2026-03-21T12:16:16+01:00,764,33.23,54.57,34.00,33.40,32.30,1,0,,,,
2026-03-21T12:18:17+01:00,765,33.27,54.00,34.00,33.50,32.30,1,0,,,,
2026-03-21T12:20:17+01:00,766,33.33,54.03,34.10,33.50,32.40,0,0,,,,
2026-03-21T12:22:17+01:00,767,33.27,55.07,34.10,33.50,32.20,1,0,,,,
2026-03-21T12:24:18+01:00,768,33.33,54.03,34.10,33.50,32.40,1,0,,,,
2026-03-21T12:26:18+01:00,769,33.43,53.23,34.20,33.60,32.50,1,0,,,,
2026-03-21T12:28:19+01:00,770,33.50,52.80,34.20,33.70,32.60,0,0,,,,
2026-03-21T12:30:19+01:00,771,33.47,53.80,34.30,33.60,32.50,1,0,,,,
2026-03-21T12:32:20+01:00,772,33.43,52.73,34.20,33.60,32.50,1,0,,,,
2026-03-21T12:34:20+01:00,773,33.47,52.73,34.20,33.70,32.50,1,0,,,,
2026-03-21T12:36:21+01:00,774,33.53,52.33,34.30,33.70,32.60,0,0,,,,
2026-03-21T12:38:22+01:00,775,33.50,53.63,34.30,33.70,32.50,1,0,,,,
2026-03-21T12:40:21+01:00,776,33.50,51.90,34.30,33.70,32.50,1,0,,,,
2026-03-21T12:42:22+01:00,777,33.50,51.97,34.30,33.70,32.50,1,0,,,,
2026-03-21T12:44:22+01:00,778,33.50,52.23,34.20,33.70,32.60,0,0,,,,
2026-03-21T12:46:23+01:00,779,33.47,53.40,34.20,33.70,32.50,1,0,,,,
2026-03-21T12:48:23+01:00,780,33.47,52.83,34.20,33.70,32.50,1,0,,,,
2026-03-21T12:50:24+01:00,781,33.50,52.73,34.20,33.70,32.60,1,0,,,,
2026-03-21T12:52:24+01:00,782,33.57,52.23,34.30,33.80,32.60,0,0,,,,
2026-03-21T12:54:24+01:00,783,33.53,53.33,34.30,33.70,32.60,1,0,,,,
2026-03-21T13:03:03+01:00,784,33.27,55.33,34.10,33.40,32.30,1,0,,,,
2026-03-21T13:05:04+01:00,785,33.37,51.87,34.10,33.60,32.40,1,0,,,,
2026-03-21T13:07:04+01:00,786,33.43,51.13,34.20,33.60,32.50,1,0,,,,
2026-03-21T13:09:05+01:00,787,33.53,50.70,34.30,33.70,32.60,0,0,,,,
2026-03-21T13:11:05+01:00,788,33.53,51.90,34.30,33.70,32.60,1,0,,,,
2026-03-21T13:13:06+01:00,789,33.57,50.70,34.30,33.70,32.70,1,0,,,,
2026-03-21T13:15:06+01:00,790,33.60,49.87,34.30,33.80,32.70,1,0,,,,
2026-03-21T13:17:07+01:00,791,33.63,49.50,34.40,33.80,32.70,0,0,,,,
2026-03-21T13:19:07+01:00,792,33.60,50.80,34.40,33.80,32.60,1,0,,,,
2026-03-21T13:21:07+01:00,793,33.60,48.53,34.30,33.80,32.70,1,0,,,,
2026-03-21T13:23:08+01:00,794,33.63,48.07,34.40,33.80,32.70,1,0,,,,
2026-03-21T13:25:08+01:00,795,33.73,48.53,34.40,33.90,32.90,0,0,,,,
2026-03-21T13:27:08+01:00,796,33.73,49.73,34.50,33.90,32.80,1,0,,,,
2026-03-21T13:29:09+01:00,797,33.80,47.60,34.50,34.00,32.90,1,0,,,,
2026-03-21T13:31:09+01:00,798,33.87,46.00,34.60,34.00,33.00,1,0,,,,
2026-03-21T13:33:09+01:00,799,33.87,45.73,34.60,34.00,33.00,0,0,,,,
2026-03-21T13:35:10+01:00,800,33.83,47.70,34.60,34.00,32.90,1,0,,,,
2026-03-21T13:37:10+01:00,801,33.97,45.50,34.70,34.10,33.10,1,0,,,,
2026-03-21T13:39:10+01:00,802,34.10,45.30,34.90,34.20,33.20,1,0,,,,
2026-03-21T13:41:11+01:00,803,34.13,45.27,34.90,34.30,33.20,0,0,,,,
2026-03-21T13:43:11+01:00,804,34.07,47.23,34.90,34.20,33.10,1,0,,,,
2026-03-21T13:45:11+01:00,805,34.07,45.80,34.80,34.20,33.20,1,0,,,,
2026-03-21T13:47:12+01:00,806,34.13,46.30,34.90,34.30,33.20,1,0,,,,
2026-03-21T13:49:12+01:00,807,34.17,45.83,34.90,34.30,33.30,0,0,,,,
2026-03-21T13:51:13+01:00,808,34.13,47.47,34.90,34.30,33.20,1,0,,,,
2026-03-21T13:53:13+01:00,809,34.20,44.40,35.00,34.30,33.30,1,0,,,,
2026-03-21T13:55:13+01:00,810,34.27,43.93,35.00,34.40,33.40,1,0,,,,
2026-03-21T13:57:14+01:00,811,34.33,42.67,35.10,34.50,33.40,0,0,,,,
2026-03-21T13:59:14+01:00,812,34.30,45.20,35.00,34.50,33.40,1,0,,,,
2026-03-21T14:11:06+01:00,813,33.83,49.70,34.50,34.00,33.00,1,0,,,,
2026-03-21T14:13:06+01:00,814,33.97,45.20,34.70,34.10,33.10,1,0,,,,
2026-03-21T14:15:07+01:00,815,34.07,44.70,34.80,34.20,33.20,1,0,,,,
2026-03-21T14:17:07+01:00,816,34.13,45.07,34.90,34.30,33.20,0,0,,,,
2026-03-21T14:19:08+01:00,817,34.10,46.87,34.80,34.30,33.20,1,0,,,,
2026-03-21T14:21:08+01:00,818,34.23,45.00,35.00,34.40,33.30,1,0,,,,
2026-03-21T14:23:09+01:00,819,34.23,45.03,35.00,34.40,33.30,1,0,,,,
2026-03-21T14:25:09+01:00,820,34.30,45.20,35.00,34.50,33.40,0,0,,,,
2026-03-21T14:27:10+01:00,821,34.23,46.80,35.00,34.40,33.30,1,0,,,,
2026-03-21T14:29:11+01:00,822,34.30,45.43,35.00,34.50,33.40,1,0,,,,
2026-03-21T14:31:11+01:00,823,34.40,45.10,35.10,34.60,33.50,1,0,,,,
2026-03-21T14:33:11+01:00,824,34.57,43.47,35.30,34.70,33.70,0,0,,,,
2026-03-21T14:35:12+01:00,825,34.53,45.70,35.30,34.70,33.60,1,0,,,,
2026-03-21T14:37:12+01:00,826,34.57,44.13,35.30,34.70,33.70,1,0,,,,
2026-03-21T14:39:13+01:00,827,34.70,44.27,35.50,34.80,33.80,1,0,,,,
2026-03-21T14:41:13+01:00,828,34.73,44.23,35.50,34.90,33.80,0,0,,,,
2026-03-21T14:43:14+01:00,829,34.70,45.77,35.50,34.90,33.70,1,0,,,,
2026-03-21T14:53:42+01:00,830,34.40,49.77,35.10,34.60,33.50,1,0,,,,
2026-03-21T14:55:43+01:00,831,34.57,45.27,35.30,34.70,33.70,1,0,,,,
2026-03-21T14:57:46+01:00,832,34.67,43.40,35.40,34.80,33.80,1,0,,,,
2026-03-21T14:59:43+01:00,833,34.73,42.73,35.50,34.90,33.80,0,0,,,,
2026-03-21T15:01:44+01:00,834,34.73,45.13,35.50,34.90,33.80,1,0,,,,
2026-03-21T15:03:44+01:00,835,34.80,41.67,35.50,35.00,33.90,1,0,,,,
2026-03-21T15:05:46+01:00,836,34.77,41.60,35.50,35.00,33.80,1,0,,,,
2026-03-21T15:07:45+01:00,837,34.83,41.57,35.60,35.00,33.90,0,0,,,,
2026-03-21T15:09:46+01:00,838,34.87,43.97,35.70,35.00,33.90,1,0,,,,
2026-03-21T15:11:46+01:00,839,34.97,42.43,35.80,35.10,34.00,1,0,,,,
2026-03-21T15:13:47+01:00,840,35.00,42.53,35.80,35.20,34.00,1,0,,,,
2026-03-21T15:15:47+01:00,841,35.00,42.47,35.80,35.20,34.00,0,0,,,,
2026-03-21T15:17:48+01:00,842,34.97,44.67,35.70,35.20,34.00,1,0,,,,
2026-03-21T15:19:48+01:00,843,34.97,42.43,35.70,35.20,34.00,1,0,,,,
2026-03-21T15:21:48+01:00,844,34.97,42.10,35.70,35.20,34.00,1,0,,,,
2026-03-21T15:23:49+01:00,845,34.97,42.07,35.70,35.20,34.00,0,0,,,,
2026-03-21T15:25:49+01:00,846,34.83,44.03,35.60,35.10,33.80,1,0,,,,
2026-03-21T15:27:50+01:00,847,34.90,42.33,35.70,35.10,33.90,1,0,,,,
2026-03-21T15:29:50+01:00,848,34.97,42.07,35.70,35.20,34.00,1,0,,,,
2026-03-21T15:31:50+01:00,849,35.03,41.60,35.80,35.30,34.00,0,0,,,,
2026-03-21T15:33:50+01:00,850,35.00,43.87,35.80,35.20,34.00,1,0,,,,
2026-03-21T15:35:50+01:00,851,35.00,42.27,35.80,35.20,34.00,1,0,,,,
2026-03-21T15:37:51+01:00,852,35.03,42.23,35.80,35.30,34.00,1,0,,,,
2026-03-21T15:39:51+01:00,853,34.97,41.57,35.70,35.20,34.00,0,0,,,,
2026-03-21T15:41:51+01:00,854,34.93,43.43,35.70,35.20,33.90,1,0,,,,
2026-03-21T15:43:52+01:00,855,34.83,43.03,35.60,35.10,33.80,1,0,,,,
2026-03-21T15:47:54+01:00,856,34.80,43.20,35.50,35.10,33.80,0,0,,,,
2026-03-21T15:49:55+01:00,857,34.70,44.70,35.40,35.00,33.70,1,0,,,,
2026-03-21T15:51:55+01:00,858,34.70,43.90,35.40,35.00,33.70,1,0,,,,
2026-03-21T15:53:55+01:00,859,34.73,43.93,35.40,35.00,33.80,1,0,,,,
2026-03-21T15:55:56+01:00,860,34.73,43.90,35.40,35.00,33.80,0,0,,,,
2026-03-21T15:57:56+01:00,861,34.70,45.00,35.40,35.00,33.70,1,0,,,,
2026-03-21T15:59:56+01:00,862,34.77,43.30,35.50,35.00,33.80,1,0,,,,
2026-03-21T16:01:57+01:00,863,34.80,43.87,35.50,35.10,33.80,1,0,,,,
2026-03-21T16:03:57+01:00,864,34.80,43.90,35.50,35.10,33.80,0,0,,,,
2026-03-21T16:05:57+01:00,865,34.77,44.97,35.50,35.10,33.70,1,0,,,,
2026-03-21T16:07:57+01:00,866,34.83,43.83,35.60,35.10,33.80,1,0,,,,
2026-03-21T16:09:57+01:00,867,34.87,43.37,35.60,35.10,33.90,1,0,,,,
2026-03-21T16:11:58+01:00,868,34.90,43.23,35.60,35.20,33.90,0,0,,,,
2026-03-21T16:13:58+01:00,869,34.87,44.77,35.60,35.20,33.80,1,0,,,,
2026-03-21T16:15:58+01:00,870,34.93,43.00,35.70,35.20,33.90,1,0,,,,
2026-03-21T16:17:58+01:00,871,35.00,42.10,35.80,35.20,34.00,1,0,,,,
2026-03-21T16:19:58+01:00,872,35.10,41.53,35.90,35.30,34.10,0,0,,,,
2026-03-21T16:21:59+01:00,873,35.03,43.33,35.80,35.30,34.00,1,0,,,,
2026-03-21T16:23:59+01:00,874,35.03,42.30,35.80,35.30,34.00,1,0,,,,
2026-03-21T16:25:59+01:00,875,35.03,42.13,35.80,35.30,34.00,1,0,,,,
2026-03-21T16:28:00+01:00,876,35.07,42.03,35.90,35.30,34.00,0,0,,,,
2026-03-21T16:30:01+01:00,877,35.03,43.67,35.80,35.30,34.00,1,0,,,,
2026-03-21T16:32:00+01:00,878,35.03,42.00,35.80,35.30,34.00,1,0,,,,
2026-03-21T16:34:01+01:00,879,35.03,41.30,35.80,35.30,34.00,1,0,,,,
2026-03-21T16:36:01+01:00,880,35.13,41.17,35.90,35.40,34.10,0,0,,,,
2026-03-21T16:38:02+01:00,881,35.13,42.63,35.90,35.40,34.10,1,0,,,,
2026-03-21T16:40:02+01:00,882,35.13,41.30,35.90,35.40,34.10,1,0,,,,
2026-03-21T16:42:02+01:00,883,35.17,41.27,35.90,35.50,34.10,1,0,,,,
2026-03-21T16:44:02+01:00,884,35.23,41.00,36.00,35.50,34.20,0,0,,,,
2026-03-21T16:46:03+01:00,885,35.20,42.43,36.00,35.50,34.10,1,0,,,,
2026-03-21T16:48:03+01:00,886,35.17,41.20,35.90,35.50,34.10,1,0,,,,
2026-03-21T16:50:04+01:00,887,35.13,41.33,35.90,35.40,34.10,1,0,,,,
2026-03-21T16:52:04+01:00,888,35.13,41.27,35.90,35.40,34.10,0,0,,,,
2026-03-21T16:54:04+01:00,889,35.03,42.80,35.80,35.30,34.00,1,0,,,,
2026-03-21T16:56:05+01:00,890,35.03,40.63,35.80,35.30,34.00,1,0,,,,
2026-03-21T16:58:05+01:00,891,35.13,40.43,35.90,35.40,34.10,1,0,,,,
2026-03-21T17:00:06+01:00,892,35.13,40.57,35.90,35.40,34.10,0,0,,,,
2026-03-21T17:02:06+01:00,893,35.03,42.10,35.80,35.30,34.00,1,0,,,,
2026-03-21T17:04:06+01:00,894,34.97,41.20,35.70,35.30,33.90,1,0,,,,
2026-03-21T17:06:06+01:00,895,35.00,41.23,35.70,35.30,34.00,1,0,,,,
2026-03-21T17:08:06+01:00,896,34.97,41.37,35.70,35.30,33.90,0,0,,,,
2026-03-21T17:10:07+01:00,897,34.93,42.77,35.70,35.20,33.90,1,0,,,,
2026-03-21T17:12:07+01:00,898,34.90,42.07,35.60,35.20,33.90,1,0,,,,
2026-03-21T17:14:07+01:00,899,34.93,41.57,35.70,35.20,33.90,1,0,,,,
2026-03-21T17:16:08+01:00,900,34.93,41.43,35.70,35.20,33.90,0,0,,,,
2026-03-21T17:18:08+01:00,901,34.87,43.00,35.70,35.10,33.80,1,0,,,,
2026-03-21T17:20:08+01:00,902,34.93,42.17,35.70,35.20,33.90,1,0,,,,
2026-03-21T17:22:09+01:00,903,35.00,41.57,35.80,35.20,34.00,1,0,,,,
2026-03-21T17:24:09+01:00,904,35.07,41.97,35.90,35.30,34.00,0,0,,,,
2026-03-21T17:26:09+01:00,905,35.03,43.07,35.90,35.20,34.00,1,0,,,,
2026-03-21T17:28:10+01:00,906,34.97,42.40,35.80,35.20,33.90,1,0,,,,
2026-03-21T17:30:10+01:00,907,35.00,42.20,35.80,35.20,34.00,1,0,,,,
2026-03-21T17:39:20+01:00,908,34.80,45.87,35.70,34.90,33.80,1,0,,,,
2026-03-21T17:44:44+01:00,909,34.57,47.47,35.40,34.80,33.50,1,0,,,,
2026-03-21T19:12:57+01:00,910,32.43,55.50,32.80,33.00,31.50,1,0,,,,
2026-03-21T19:14:58+01:00,911,32.63,59.47,33.10,33.10,31.70,1,0,,,,
2026-03-21T19:16:59+01:00,912,32.80,59.03,33.30,33.20,31.90,1,0,,,,
2026-03-21T19:18:58+01:00,913,32.97,58.87,33.50,33.30,32.10,0,0,,,,
2026-03-21T19:20:59+01:00,914,33.00,57.37,33.60,33.40,32.00,1,0,,,,
2026-03-21T19:22:59+01:00,915,33.07,58.80,33.70,33.40,32.10,1,0,,,,
2026-03-21T19:25:00+01:00,916,33.13,58.77,33.70,33.50,32.20,1,0,,,,
2026-03-21T19:27:00+01:00,917,33.17,58.87,33.80,33.50,32.20,0,0,,,,
2026-03-21T19:29:01+01:00,918,33.07,57.97,33.70,33.40,32.10,1,0,,,,
2026-03-21T19:31:01+01:00,919,33.10,59.03,33.70,33.40,32.20,1,0,,,,
2026-03-21T19:33:02+01:00,920,33.20,59.07,33.80,33.50,32.30,1,0,,,,
2026-03-21T19:35:05+01:00,921,33.20,59.13,33.80,33.50,32.30,0,0,,,,
2026-03-21T19:37:02+01:00,922,33.17,58.20,33.80,33.50,32.20,1,0,,,,
2026-03-21T19:39:02+01:00,923,33.20,59.67,33.80,33.50,32.30,1,0,,,,
2026-03-21T19:43:04+01:00,924,33.27,59.67,33.90,33.60,32.30,0,0,,,,
2026-03-21T19:45:04+01:00,925,33.07,58.47,33.70,33.40,32.10,1,0,,,,
2026-03-21T19:47:04+01:00,926,33.07,60.20,33.70,33.40,32.10,1,0,,,,
2026-03-21T19:49:05+01:00,927,33.00,60.37,33.60,33.30,32.10,1,0,,,,
2026-03-21T19:51:07+01:00,928,33.03,60.83,33.60,33.30,32.20,0,0,,,,
2026-03-21T19:53:07+01:00,929,32.97,59.27,33.60,33.30,32.00,1,0,,,,
2026-03-21T19:55:18+01:00,930,33.00,61.03,33.60,33.30,32.10,1,0,,,,
2026-03-21T19:57:09+01:00,931,33.00,61.17,33.60,33.30,32.10,1,0,,,,
2026-03-21T19:59:12+01:00,932,33.00,61.23,33.60,33.30,32.10,0,0,,,,
2026-03-21T20:01:08+01:00,933,32.93,59.97,33.60,33.20,32.00,1,0,,,,
2026-03-21T20:03:09+01:00,934,32.97,61.30,33.60,33.20,32.10,1,0,,,,
2026-03-21T20:05:09+01:00,935,33.03,61.30,33.60,33.30,32.20,1,0,,,,
2026-03-21T20:07:09+01:00,936,33.07,61.23,33.70,33.30,32.20,0,0,,,,
2026-03-21T20:09:10+01:00,937,33.00,60.00,33.60,33.30,32.10,1,0,,,,
2026-03-21T20:11:10+01:00,938,33.00,61.37,33.60,33.30,32.10,1,0,,,,
2026-03-21T20:13:11+01:00,939,33.00,61.60,33.60,33.30,32.10,1,0,,,,
2026-03-21T20:15:13+01:00,940,33.07,61.83,33.70,33.30,32.20,0,0,,,,
2026-03-21T20:17:11+01:00,941,32.97,60.37,33.60,33.30,32.00,1,0,,,,
2026-03-21T20:19:12+01:00,942,33.07,61.63,33.70,33.40,32.10,1,0,,,,
2026-03-21T20:21:13+01:00,943,33.13,61.57,33.80,33.40,32.20,1,0,,,,
2026-03-21T20:23:14+01:00,944,33.23,61.50,33.90,33.50,32.30,0,0,,,,
2026-03-21T20:25:13+01:00,945,33.17,60.13,33.80,33.50,32.20,1,0,,,,
2026-03-21T20:27:14+01:00,946,33.23,61.50,33.90,33.50,32.30,1,0,,,,
2026-03-21T20:29:15+01:00,947,33.23,61.50,33.90,33.50,32.30,1,0,,,,
2026-03-21T20:31:14+01:00,948,33.27,61.50,34.00,33.50,32.30,0,0,,,,
2026-03-21T20:33:15+01:00,949,33.17,60.23,33.90,33.50,32.10,1,0,,,,
2026-03-21T20:35:15+01:00,950,33.23,61.40,33.90,33.50,32.30,1,0,,,,
2026-03-21T20:37:17+01:00,951,33.27,61.43,34.00,33.50,32.30,1,0,,,,
2026-03-21T20:39:17+01:00,952,33.30,61.40,34.00,33.60,32.30,0,0,,,,
2026-03-21T20:41:17+01:00,953,33.23,60.20,34.00,33.50,32.20,1,0,,,,
2026-03-21T20:43:17+01:00,954,33.20,61.43,33.90,33.50,32.20,1,0,,,,
2026-03-21T20:45:18+01:00,955,33.13,62.03,33.80,33.40,32.20,1,0,,,,
2026-03-21T20:47:19+01:00,956,33.23,62.13,33.90,33.50,32.30,0,0,,,,
2026-03-21T20:49:19+01:00,957,33.13,60.47,33.80,33.50,32.10,1,0,,,,
2026-03-21T20:51:20+01:00,958,33.17,61.63,33.80,33.50,32.20,1,0,,,,
2026-03-21T20:53:22+01:00,959,33.23,61.70,33.90,33.50,32.30,1,0,,,,
2026-03-21T20:55:20+01:00,960,33.23,61.67,33.90,33.50,32.30,0,0,,,,
2026-03-21T20:57:22+01:00,961,33.07,60.47,33.80,33.40,32.00,1,0,,,,
2026-03-21T20:59:29+01:00,962,33.10,62.30,33.80,33.40,32.10,1,0,,,,
2026-03-21T21:01:23+01:00,963,33.13,62.43,33.80,33.40,32.20,1,0,,,,
2026-03-21T21:03:24+01:00,964,33.13,62.47,33.80,33.40,32.20,0,0,,,,
2026-03-21T21:05:25+01:00,965,33.00,60.83,33.70,33.30,32.00,1,0,,,,
2026-03-21T21:07:23+01:00,966,33.03,62.53,33.70,33.30,32.10,1,0,,,,
2026-03-21T21:09:24+01:00,967,33.03,62.60,33.70,33.30,32.10,1,0,,,,
2026-03-21T21:11:24+01:00,968,33.03,62.57,33.70,33.30,32.10,0,0,,,,
2026-03-21T21:13:26+01:00,969,32.90,61.37,33.60,33.20,31.90,1,0,,,,
2026-03-21T21:15:25+01:00,970,32.93,62.70,33.60,33.20,32.00,1,0,,,,
2026-03-21T21:17:27+01:00,971,33.07,62.63,33.70,33.30,32.20,1,0,,,,
2026-03-21T21:19:27+01:00,972,33.03,62.63,33.70,33.30,32.10,0,0,,,,
2026-03-21T21:21:26+01:00,973,32.97,61.40,33.60,33.30,32.00,1,0,,,,
2026-03-21T21:23:27+01:00,974,33.00,62.63,33.60,33.30,32.10,1,0,,,,
2026-03-21T21:25:28+01:00,975,32.97,62.73,33.60,33.20,32.10,1,0,,,,
2026-03-21T21:27:28+01:00,976,32.97,62.83,33.60,33.20,32.10,0,0,,,,
2026-03-21T21:29:28+01:00,977,32.93,61.63,33.60,33.20,32.00,1,0,,,,
2026-03-21T21:31:28+01:00,978,32.97,62.83,33.60,33.30,32.00,1,0,,,,
2026-03-21T21:33:29+01:00,979,33.00,62.83,33.60,33.30,32.10,1,0,,,,
2026-03-21T21:35:29+01:00,980,32.97,62.90,33.60,33.30,32.00,0,0,,,,
2026-03-21T21:37:30+01:00,981,32.93,61.80,33.50,33.30,32.00,1,0,,,,
2026-03-21T21:39:31+01:00,982,32.93,63.33,33.50,33.30,32.00,1,0,,,,
2026-03-21T21:41:33+01:00,983,32.83,63.27,33.40,33.20,31.90,1,0,,,,
2026-03-21T21:43:34+01:00,984,32.80,63.50,33.40,33.10,31.90,0,0,,,,
2026-03-21T21:45:32+01:00,985,32.80,62.00,33.40,33.20,31.80,1,0,,,,
2026-03-21T21:47:33+01:00,986,32.83,63.40,33.40,33.20,31.90,1,0,,,,
2026-03-21T21:49:33+01:00,987,32.83,63.57,33.40,33.20,31.90,1,0,,,,
2026-03-21T21:51:34+01:00,988,32.87,63.77,33.50,33.20,31.90,0,0,,,,
2026-03-21T21:53:35+01:00,989,32.77,62.50,33.40,33.10,31.80,1,0,,,,
2026-03-21T21:55:35+01:00,990,32.80,64.27,33.40,33.10,31.90,1,0,,,,
2026-03-21T21:57:36+01:00,991,32.83,64.33,33.50,33.10,31.90,1,0,,,,
2026-03-21T21:59:36+01:00,992,32.77,64.47,33.40,33.10,31.80,0,0,,,,
2026-03-21T22:01:37+01:00,993,32.67,63.30,33.40,33.00,31.60,1,0,,,,
2026-03-21T22:03:37+01:00,994,32.67,64.53,33.30,33.00,31.70,1,0,,,,
2026-03-21T22:05:38+01:00,995,32.63,64.80,33.30,32.90,31.70,1,0,,,,
2026-03-21T22:07:39+01:00,996,32.63,64.97,33.30,32.90,31.70,0,0,,,,
2026-03-21T22:09:40+01:00,997,32.60,63.67,33.30,32.90,31.60,1,0,,,,
2026-03-21T22:11:39+01:00,998,32.70,64.93,33.30,33.00,31.80,1,0,,,,
2026-03-21T22:13:42+01:00,999,32.77,64.87,33.40,33.10,31.80,1,0,,,,
2026-03-21T22:15:40+01:00,1000,32.80,64.53,33.40,33.10,31.90,0,0,,,,
2026-03-21T22:17:41+01:00,1001,32.73,63.10,33.40,33.10,31.70,1,0,,,,
2026-03-21T22:19:41+01:00,1002,32.77,64.50,33.40,33.10,31.80,1,0,,,,
2026-03-21T22:21:41+01:00,1003,32.83,64.17,33.50,33.10,31.90,1,0,,,,
2026-03-21T22:23:42+01:00,1004,32.90,64.07,33.50,33.20,32.00,0,0,,,,
2026-03-21T22:25:43+01:00,1005,32.83,63.00,33.50,33.20,31.80,1,0,,,,
2026-03-21T22:27:44+01:00,1006,32.87,64.43,33.50,33.20,31.90,1,0,,,,
2026-03-21T22:29:43+01:00,1007,32.90,64.43,33.50,33.20,32.00,1,0,,,,
2026-03-21T22:31:43+01:00,1008,32.90,64.07,33.50,33.20,32.00,0,0,,,,
2026-03-21T22:33:44+01:00,1009,32.87,62.97,33.50,33.20,31.90,1,0,,,,
2026-03-21T22:35:44+01:00,1010,32.90,64.37,33.50,33.20,32.00,1,0,,,,
2026-03-21T22:37:45+01:00,1011,32.97,63.97,33.60,33.30,32.00,1,0,,,,
2026-03-21T22:39:45+01:00,1012,33.00,63.97,33.60,33.30,32.10,0,0,,,,
2026-03-21T22:41:45+01:00,1013,32.93,63.00,33.60,33.30,31.90,1,0,,,,
2026-03-21T22:43:46+01:00,1014,32.97,64.00,33.60,33.30,32.00,1,0,,,,
2026-03-21T22:45:46+01:00,1015,32.97,63.97,33.60,33.30,32.00,1,0,,,,
2026-03-21T22:47:47+01:00,1016,33.00,63.90,33.60,33.30,32.10,0,0,,,,
2026-03-21T22:49:48+01:00,1017,32.90,63.03,33.50,33.30,31.90,1,0,,,,
2026-03-21T22:51:48+01:00,1018,32.93,64.27,33.50,33.30,32.00,1,0,,,,
2026-03-21T22:53:48+01:00,1019,32.90,64.30,33.50,33.20,32.00,1,0,,,,
2026-03-21T22:55:48+01:00,1020,32.83,64.47,33.40,33.20,31.90,0,0,,,,
2026-03-21T22:57:49+01:00,1021,32.70,63.20,33.30,33.10,31.70,1,0,,,,
2026-03-21T22:59:49+01:00,1022,32.70,64.60,33.30,33.10,31.70,1,0,,,,
2026-03-21T23:01:49+01:00,1023,32.73,64.70,33.30,33.10,31.80,1,0,,,,
2026-03-21T23:03:50+01:00,1024,32.73,64.70,33.30,33.10,31.80,0,0,,,,
2026-03-21T23:05:50+01:00,1025,32.60,63.50,33.20,33.00,31.60,1,0,,,,
2026-03-21T23:07:51+01:00,1026,32.63,64.97,33.20,33.00,31.70,1,0,,,,
2026-03-21T23:09:51+01:00,1027,32.63,65.07,33.20,33.00,31.70,1,0,,,,
2026-03-21T23:11:52+01:00,1028,32.67,65.00,33.20,33.00,31.80,0,0,,,,
2026-03-21T23:13:52+01:00,1029,32.60,63.93,33.20,33.00,31.60,1,0,,,,
2026-03-21T23:15:52+01:00,1030,32.53,65.23,33.10,32.90,31.60,1,0,,,,
2026-03-21T23:17:52+01:00,1031,32.47,65.73,33.00,32.80,31.60,1,0,,,,
2026-03-21T23:19:53+01:00,1032,32.37,66.03,32.90,32.70,31.50,0,0,,,,
2026-03-21T23:21:53+01:00,1033,32.27,64.70,32.80,32.70,31.30,1,0,,,,
2026-03-21T23:23:54+01:00,1034,32.30,66.20,32.80,32.70,31.40,1,0,,,,
2026-03-21T23:25:54+01:00,1035,32.27,66.37,32.80,32.60,31.40,1,0,,,,
2026-03-21T23:27:54+01:00,1036,32.27,66.43,32.80,32.60,31.40,0,0,,,,
2026-03-21T23:29:54+01:00,1037,32.17,65.33,32.70,32.60,31.20,1,0,,,,
2026-03-21T23:31:55+01:00,1038,32.17,66.77,32.70,32.50,31.30,1,0,,,,
2026-03-21T23:33:55+01:00,1039,32.13,66.90,32.60,32.50,31.30,1,0,,,,
2026-03-21T23:35:55+01:00,1040,32.20,66.93,32.70,32.50,31.40,0,0,,,,
2026-03-21T23:37:55+01:00,1041,32.13,65.47,32.70,32.50,31.20,1,0,,,,
2026-03-21T23:39:55+01:00,1042,32.10,66.87,32.60,32.50,31.20,1,0,,,,
2026-03-21T23:41:56+01:00,1043,32.03,67.03,32.50,32.40,31.20,1,0,,,,
2026-03-21T23:43:56+01:00,1044,32.00,67.17,32.50,32.40,31.10,0,0,,,,
2026-03-21T23:45:56+01:00,1045,31.93,65.77,32.40,32.40,31.00,1,0,,,,
2026-03-21T23:47:57+01:00,1046,31.93,67.17,32.40,32.30,31.10,1,0,,,,
2026-03-21T23:49:57+01:00,1047,31.93,67.23,32.40,32.30,31.10,1,0,,,,
2026-03-21T23:51:58+01:00,1048,32.03,67.20,32.50,32.40,31.20,0,0,,,,
2026-03-21T23:53:58+01:00,1049,32.00,65.77,32.50,32.40,31.10,1,0,,,,
2026-03-21T23:55:58+01:00,1050,31.97,67.07,32.50,32.30,31.10,1,0,,,,
2026-03-21T23:57:59+01:00,1051,32.00,67.10,32.50,32.30,31.20,1,0,,,,
2026-03-22T00:00:00+01:00,1052,32.00,67.13,32.50,32.30,31.20,0,0,,,,
2026-03-22T00:02:00+01:00,1053,31.93,65.73,32.40,32.30,31.10,1,0,,,,
2026-03-22T07:44:17+01:00,1054,31.50,68.47,32.00,31.70,30.80,0,0,,,,
2026-03-22T07:46:18+01:00,1055,31.43,68.57,32.00,31.70,30.60,1,0,,,,
2026-03-22T07:48:18+01:00,1056,31.47,68.57,32.00,31.70,30.70,1,0,,,,
2026-03-22T07:50:19+01:00,1057,31.47,68.90,32.00,31.70,30.70,1,0,,,,
2026-03-22T07:52:19+01:00,1058,31.47,68.90,32.00,31.70,30.70,0,0,,,,
2026-03-22T07:54:19+01:00,1059,31.40,68.60,32.00,31.60,30.60,1,0,,,,
2026-03-22T07:56:19+01:00,1060,31.40,69.03,32.00,31.60,30.60,1,0,,,,
2026-03-22T07:58:20+01:00,1061,31.47,69.00,32.00,31.70,30.70,1,0,,,,
2026-03-22T08:00:20+01:00,1062,31.50,68.50,32.00,31.70,30.80,0,0,,,,
2026-03-22T08:02:20+01:00,1063,31.37,68.27,32.00,31.60,30.50,1,0,,,,
2026-03-22T08:04:20+01:00,1064,31.43,69.03,32.00,31.60,30.70,1,0,,,,
2026-03-22T08:06:21+01:00,1065,31.43,69.13,32.00,31.60,30.70,1,0,,,,
2026-03-22T08:08:21+01:00,1066,31.50,68.83,32.00,31.70,30.80,0,0,,,,
2026-03-22T08:10:22+01:00,1067,31.43,68.60,32.00,31.70,30.60,1,0,,,,
2026-03-22T08:12:22+01:00,1068,31.40,69.03,32.00,31.60,30.60,1,0,,,,
2026-03-22T08:14:22+01:00,1069,31.47,68.57,32.00,31.70,30.70,1,0,,,,
2026-03-22T08:16:23+01:00,1070,31.50,69.00,32.00,31.70,30.80,0,0,,,,
2026-03-22T08:18:23+01:00,1071,31.43,68.23,32.00,31.70,30.60,1,0,,,,
2026-03-22T08:20:23+01:00,1072,31.47,68.43,32.00,31.70,30.70,1,0,,,,
2026-03-22T08:22:24+01:00,1073,31.50,68.43,32.00,31.70,30.80,1,0,,,,
2026-03-22T08:24:24+01:00,1074,31.53,68.43,32.00,31.80,30.80,0,0,,,,
2026-03-22T08:26:25+01:00,1075,31.43,68.10,32.00,31.70,30.60,1,0,,,,
2026-03-22T08:49:19+01:00,1076,31.00,68.17,31.50,31.40,30.10,1,0,,,,
2026-03-22T08:51:19+01:00,1077,31.23,69.97,31.70,31.50,30.50,1,0,,,,
2026-03-22T08:53:19+01:00,1078,31.37,69.40,31.90,31.60,30.60,1,0,,,,
2026-03-22T08:55:20+01:00,1079,31.50,68.77,32.00,31.70,30.80,0,0,,,,
2026-03-22T08:57:20+01:00,1080,31.43,68.50,32.00,31.70,30.60,1,0,,,,
2026-03-22T08:59:20+01:00,1081,31.53,68.43,32.00,31.80,30.80,1,0,,,,
2026-03-22T09:01:21+01:00,1082,31.57,68.30,32.10,31.80,30.80,1,0,,,,
2026-03-22T09:03:21+01:00,1083,31.67,68.20,32.20,31.90,30.90,0,0,,,,
2026-03-22T09:05:22+01:00,1084,31.63,67.90,32.10,31.90,30.90,1,0,,,,
2026-03-22T09:07:22+01:00,1085,31.67,68.17,32.20,31.90,30.90,1,0,,,,
2026-03-22T09:09:23+01:00,1086,31.73,68.10,32.20,32.00,31.00,1,0,,,,
2026-03-22T09:11:23+01:00,1087,31.77,67.63,32.30,32.00,31.00,0,0,,,,
2026-03-22T09:13:23+01:00,1088,31.70,67.77,32.20,32.00,30.90,1,0,,,,
2026-03-22T09:15:24+01:00,1089,31.77,67.57,32.30,32.00,31.00,1,0,,,,
2026-03-22T09:17:24+01:00,1090,31.77,67.50,32.30,32.00,31.00,1,0,,,,
2026-03-22T09:19:25+01:00,1091,31.77,67.53,32.30,32.00,31.00,0,0,,,,
2026-03-22T09:21:25+01:00,1092,31.67,67.37,32.20,32.00,30.80,1,0,,,,
2026-03-22T09:23:25+01:00,1093,31.77,67.57,32.30,32.00,31.00,1,0,,,,
2026-03-22T09:25:26+01:00,1094,31.83,67.40,32.40,32.00,31.10,1,0,,,,
2026-03-22T09:40:20+01:00,1095,31.40,67.57,31.90,31.80,30.50,1,0,,,,
2026-03-22T09:42:20+01:00,1096,31.57,67.37,32.00,31.90,30.80,1,0,,,,
2026-03-22T09:44:21+01:00,1097,31.70,66.83,32.20,32.00,30.90,1,0,,,,
2026-03-22T09:46:21+01:00,1098,31.73,66.77,32.20,32.00,31.00,0,0,,,,
2026-03-22T09:48:22+01:00,1099,31.70,66.60,32.20,32.00,30.90,1,0,,,,
2026-03-22T09:50:22+01:00,1100,31.77,67.10,32.30,32.00,31.00,1,0,,,,
2026-03-22T09:52:23+01:00,1101,31.80,66.60,32.40,32.00,31.00,1,0,,,,
2026-03-22T09:54:23+01:00,1102,31.83,66.57,32.40,32.00,31.10,0,0,,,,
2026-03-22T09:56:23+01:00,1103,31.80,66.43,32.40,32.00,31.00,1,0,,,,
2026-03-22T09:58:23+01:00,1104,31.83,66.40,32.40,32.00,31.10,1,0,,,,
2026-03-22T10:00:23+01:00,1105,31.90,66.43,32.50,32.10,31.10,1,0,,,,
2026-03-22T10:02:24+01:00,1106,31.97,65.80,32.60,32.10,31.20,0,0,,,,
2026-03-22T10:04:24+01:00,1107,31.90,66.17,32.50,32.10,31.10,1,0,,,,
2026-03-22T10:06:25+01:00,1108,31.90,66.07,32.50,32.10,31.10,1,0,,,,
2026-03-22T10:08:25+01:00,1109,31.97,66.17,32.60,32.10,31.20,1,0,,,,
2026-03-22T10:10:26+01:00,1110,32.03,65.80,32.60,32.20,31.30,0,0,,,,
2026-03-22T10:12:26+01:00,1111,31.97,66.13,32.60,32.20,31.10,1,0,,,,
2026-03-22T10:14:26+01:00,1112,32.03,66.20,32.70,32.20,31.20,1,0,,,,
2026-03-22T10:16:27+01:00,1113,32.13,66.10,32.70,32.30,31.40,1,0,,,,
2026-03-22T10:18:27+01:00,1114,32.20,66.03,32.80,32.40,31.40,0,0,,,,
2026-03-22T10:20:28+01:00,1115,32.13,66.03,32.70,32.40,31.30,1,0,,,,
2026-03-22T10:22:28+01:00,1116,32.20,65.53,32.80,32.40,31.40,1,0,,,,
2026-03-22T10:24:29+01:00,1117,32.20,65.40,32.80,32.40,31.40,1,0,,,,
2026-03-22T10:26:29+01:00,1118,32.27,65.17,32.90,32.40,31.50,0,0,,,,
2026-03-22T10:28:30+01:00,1119,32.17,65.37,32.80,32.40,31.30,1,0,,,,
2026-03-22T10:30:30+01:00,1120,32.23,65.37,32.80,32.40,31.50,1,0,,,,
2026-03-22T10:32:30+01:00,1121,32.30,65.40,32.90,32.50,31.50,1,0,,,,
2026-03-22T10:34:31+01:00,1122,32.33,65.07,33.00,32.50,31.50,0,0,,,,
2026-03-22T10:36:31+01:00,1123,32.27,65.30,32.90,32.50,31.40,1,0,,,,
2026-03-22T10:38:32+01:00,1124,32.30,64.43,32.90,32.50,31.50,1,0,,,,
2026-03-22T10:40:32+01:00,1125,32.40,64.10,33.00,32.60,31.60,1,0,,,,
2026-03-22T10:42:33+01:00,1126,32.40,63.20,33.00,32.60,31.60,0,0,,,,
2026-03-22T10:44:33+01:00,1127,32.33,64.13,33.00,32.50,31.50,1,0,,,,
2026-03-22T10:46:34+01:00,1128,32.37,63.37,33.00,32.60,31.50,1,0,,,,
2026-03-22T10:48:34+01:00,1129,32.33,63.03,33.00,32.50,31.50,1,0,,,,
2026-03-22T10:50:35+01:00,1130,32.40,63.27,33.00,32.60,31.60,0,0,,,,
2026-03-22T10:52:35+01:00,1131,32.37,64.00,33.00,32.60,31.50,1,0,,,,
2026-03-22T12:13:38+01:00,1132,31.93,64.90,32.30,32.40,31.10,1,0,,,,
2026-03-22T12:15:38+01:00,1133,32.17,62.57,32.60,32.50,31.40,1,0,,,,
2026-03-22T12:52:13+01:00,1134,32.53,63.17,33.00,32.90,31.70,1,0,,,,
2026-03-22T12:54:14+01:00,1135,32.60,58.50,33.10,32.90,31.80,1,0,,,,
2026-03-22T12:56:14+01:00,1136,32.70,57.80,33.30,33.00,31.80,1,0,,,,
2026-03-22T12:58:14+01:00,1137,32.83,57.73,33.40,33.10,32.00,0,0,,,,
2026-03-22T13:00:16+01:00,1138,32.83,59.27,33.50,33.10,31.90,1,0,,,,
2026-03-22T13:02:16+01:00,1139,33.00,57.67,33.60,33.30,32.10,1,0,,,,
2026-03-22T13:04:16+01:00,1140,33.17,56.80,33.80,33.40,32.30,1,0,,,,
2026-03-22T13:06:17+01:00,1141,33.23,56.63,33.90,33.50,32.30,0,0,,,,
2026-03-22T13:08:17+01:00,1142,33.20,58.23,33.90,33.50,32.20,1,0,,,,
2026-03-22T13:10:18+01:00,1143,33.30,56.43,33.90,33.60,32.40,1,0,,,,
2026-03-22T13:12:18+01:00,1144,33.37,56.10,34.00,33.70,32.40,1,0,,,,
2026-03-22T13:14:19+01:00,1145,33.40,55.47,34.00,33.70,32.50,0,0,,,,
2026-03-22T13:16:19+01:00,1146,33.40,57.10,34.00,33.80,32.40,1,0,,,,
2026-03-22T13:18:20+01:00,1147,33.47,55.23,34.10,33.80,32.50,1,0,,,,
2026-03-22T13:20:20+01:00,1148,33.47,54.33,34.10,33.80,32.50,1,0,,,,
2026-03-22T13:22:21+01:00,1149,33.53,54.57,34.10,33.90,32.60,0,0,,,,
2026-03-22T13:24:25+01:00,1150,33.47,56.37,34.10,33.80,32.50,1,0,,,,
2026-03-22T13:26:22+01:00,1151,33.43,55.93,34.00,33.80,32.50,1,0,,,,
2026-03-22T13:28:23+01:00,1152,33.47,55.90,34.10,33.80,32.50,1,0,,,,
2026-03-22T13:30:23+01:00,1153,33.50,55.80,34.10,33.90,32.50,0,0,,,,
2026-03-22T13:32:23+01:00,1154,33.50,56.90,34.10,33.90,32.50,1,0,,,,
2026-03-22T13:34:24+01:00,1155,33.50,55.13,34.10,33.90,32.50,1,0,,,,
2026-03-22T13:36:24+01:00,1156,33.63,54.33,34.20,34.00,32.70,1,0,,,,
2026-03-22T13:38:25+01:00,1157,33.70,53.17,34.30,34.00,32.80,0,0,,,,
2026-03-22T13:40:25+01:00,1158,33.67,55.30,34.30,34.00,32.70,1,0,,,,
2026-03-22T13:42:25+01:00,1159,33.70,53.10,34.30,34.00,32.80,1,0,,,,
2026-03-22T13:44:26+01:00,1160,33.80,52.87,34.40,34.10,32.90,1,0,,,,
2026-03-22T13:46:26+01:00,1161,33.83,53.20,34.50,34.10,32.90,0,0,,,,
2026-03-22T13:48:27+01:00,1162,33.83,54.70,34.50,34.10,32.90,1,0,,,,
2026-03-22T13:50:28+01:00,1163,33.90,52.10,34.50,34.20,33.00,1,0,,,,
2026-03-22T13:52:29+01:00,1164,33.93,51.23,34.60,34.20,33.00,1,0,,,,
2026-03-22T13:54:27+01:00,1165,33.93,51.70,34.60,34.20,33.00,0,0,,,,
2026-03-22T13:56:27+01:00,1166,33.90,53.47,34.60,34.20,32.90,1,0,,,,
2026-03-22T13:58:28+01:00,1167,33.97,51.20,34.60,34.30,33.00,1,0,,,,
2026-03-22T14:00:28+01:00,1168,34.07,51.70,34.70,34.40,33.10,1,0,,,,
2026-03-22T14:02:29+01:00,1169,34.13,51.30,34.80,34.40,33.20,0,0,,,,
2026-03-22T14:04:29+01:00,1170,34.13,53.33,34.80,34.50,33.10,1,0,,,,
2026-03-22T14:06:29+01:00,1171,34.17,49.87,34.80,34.50,33.20,1,0,,,,
2026-03-22T14:08:29+01:00,1172,34.23,49.67,34.90,34.50,33.30,1,0,,,,
2026-03-22T14:10:30+01:00,1173,34.27,49.63,34.90,34.60,33.30,0,0,,,,
2026-03-22T14:12:30+01:00,1174,34.20,52.07,34.90,34.50,33.20,1,0,,,,
2026-03-22T14:14:30+01:00,1175,34.20,50.43,34.90,34.50,33.20,1,0,,,,
2026-03-22T14:16:31+01:00,1176,34.27,50.60,34.90,34.60,33.30,1,0,,,,
2026-03-22T14:18:31+01:00,1177,34.23,50.73,34.90,34.60,33.20,0,0,,,,
2026-03-22T14:20:31+01:00,1178,34.13,52.50,34.80,34.50,33.10,1,0,,,,
2026-03-22T14:22:33+01:00,1179,34.17,53.83,34.80,34.50,33.20,1,0,,,,
2026-03-22T14:24:32+01:00,1180,34.13,56.03,34.80,34.50,33.10,1,0,,,,
2026-03-22T14:26:33+01:00,1181,34.03,57.23,34.70,34.40,33.00,0,0,,,,
2026-03-22T14:32:34+01:00,1182,33.87,58.80,34.50,34.20,32.90,1,0,,,,
2026-03-22T14:34:33+01:00,1183,33.87,58.83,34.50,34.20,32.90,0,0,,,,
2026-03-22T14:36:34+01:00,1184,33.80,58.97,34.40,34.20,32.80,1,0,,,,
2026-03-22T14:38:34+01:00,1185,33.70,59.67,34.30,34.10,32.70,1,0,,,,
2026-03-22T14:40:35+01:00,1186,33.70,59.87,34.30,34.10,32.70,1,0,,,,
2026-03-22T15:02:49+01:00,1187,32.93,62.40,33.40,33.50,31.90,1,0,,,,
2026-03-22T15:04:49+01:00,1188,33.07,62.40,33.60,33.50,32.10,1,0,,,,
2026-03-22T15:06:49+01:00,1189,33.07,62.33,33.60,33.50,32.10,1,0,,,,
2026-03-22T15:08:49+01:00,1190,33.13,61.90,33.70,33.50,32.20,0,0,,,,
2026-03-22T15:10:50+01:00,1191,32.97,62.10,33.60,33.40,31.90,1,0,,,,
2026-03-22T15:12:50+01:00,1192,32.93,62.30,33.50,33.30,32.00,1,0,,,,
2026-03-22T15:14:50+01:00,1193,32.87,62.47,33.50,33.20,31.90,1,0,,,,
2026-03-22T15:16:52+01:00,1194,32.87,62.77,33.50,33.20,31.90,0,0,,,,
2026-03-22T15:18:55+01:00,1195,32.80,62.87,33.40,33.20,31.80,1,0,,,,
2026-03-22T15:20:51+01:00,1196,32.80,63.47,33.40,33.20,31.80,1,0,,,,
2026-03-22T15:22:51+01:00,1197,32.90,63.60,33.50,33.20,32.00,1,0,,,,
2026-03-22T15:24:52+01:00,1198,33.00,63.20,33.60,33.30,32.10,0,0,,,,
2026-03-22T15:26:52+01:00,1199,32.97,63.03,33.60,33.30,32.00,1,0,,,,
2026-03-22T15:28:52+01:00,1200,32.97,62.53,33.60,33.30,32.00,1,0,,,,
2026-03-22T15:30:52+01:00,1201,33.00,61.93,33.60,33.30,32.10,1,0,,,,
2026-03-22T15:32:53+01:00,1202,32.97,61.73,33.60,33.30,32.00,0,0,,,,
2026-03-22T15:34:53+01:00,1203,32.87,62.07,33.50,33.20,31.90,1,0,,,,
2026-03-22T15:36:53+01:00,1204,32.77,61.50,33.40,33.10,31.80,1,0,,,,
2026-03-22T15:38:54+01:00,1205,32.77,61.83,33.40,33.10,31.80,1,0,,,,
2026-03-22T15:42:54+01:00,1206,32.70,62.03,33.30,33.10,31.70,1,0,,,,
2026-03-22T15:44:54+01:00,1207,32.70,61.90,33.30,33.00,31.80,1,0,,,,
2026-03-22T15:46:55+01:00,1208,32.73,61.90,33.30,33.10,31.80,1,0,,,,
2026-03-22T15:48:55+01:00,1209,32.77,61.80,33.40,33.00,31.90,0,0,,,,
2026-03-22T15:50:55+01:00,1210,32.67,61.77,33.30,33.00,31.70,1,0,,,,
2026-03-22T15:52:56+01:00,1211,32.70,61.83,33.30,33.00,31.80,1,0,,,,
2026-03-22T15:54:57+01:00,1212,32.80,61.87,33.40,33.10,31.90,1,0,,,,
2026-03-22T15:58:56+01:00,1213,32.77,62.23,33.40,33.10,31.80,1,0,,,,
2026-03-22T16:00:57+01:00,1214,32.77,63.67,33.40,33.10,31.80,1,0,,,,
2026-03-22T16:02:58+01:00,1215,32.80,63.60,33.40,33.10,31.90,1,0,,,,
2026-03-22T16:04:58+01:00,1216,32.80,62.73,33.40,33.10,31.90,0,0,,,,
2026-03-22T16:06:59+01:00,1217,32.80,62.63,33.40,33.20,31.80,1,0,,,,
2026-03-22T16:10:21+01:00,1218,32.87,62.67,33.50,33.20,31.90,1,0,,,,
2026-03-22T16:12:20+01:00,1219,32.80,63.83,33.40,33.10,31.90,1,0,,,,
2026-03-22T16:14:20+01:00,1220,32.67,64.13,33.20,33.00,31.80,1,0,,,,
2026-03-22T16:16:20+01:00,1221,32.67,64.70,33.20,33.00,31.80,0,0,,,,
2026-03-22T16:18:21+01:00,1222,32.53,64.43,33.00,32.90,31.70,1,0,,,,
2026-03-22T16:20:21+01:00,1223,32.43,65.33,32.90,32.80,31.60,1,0,,,,
2026-03-22T16:22:22+01:00,1224,32.33,65.97,32.80,32.70,31.50,1,0,,,,
2026-03-22T16:24:22+01:00,1225,32.27,66.13,32.70,32.70,31.40,0,0,,,,
2026-03-22T16:26:23+01:00,1226,32.17,65.60,32.60,32.60,31.30,1,0,,,,
2026-03-22T16:28:23+01:00,1227,32.20,65.93,32.60,32.60,31.40,1,0,,,,
2026-03-22T16:30:24+01:00,1228,32.20,65.97,32.70,32.50,31.40,1,0,,,,
2026-03-22T16:32:25+01:00,1229,32.30,65.43,32.80,32.60,31.50,0,0,,,,
2026-03-22T16:34:25+01:00,1230,32.23,64.93,32.80,32.60,31.30,1,0,,,,
2026-03-22T16:36:25+01:00,1231,32.23,65.10,32.80,32.50,31.40,1,0,,,,
2026-03-22T16:38:26+01:00,1232,32.23,65.03,32.80,32.50,31.40,1,0,,,,
2026-03-22T16:40:26+01:00,1233,32.27,65.10,32.80,32.50,31.50,0,0,,,,
2026-03-22T16:42:27+01:00,1234,32.23,64.67,32.80,32.60,31.30,1,0,,,,
2026-03-22T16:44:27+01:00,1235,32.27,64.10,32.80,32.50,31.50,1,0,,,,
2026-03-22T16:46:29+01:00,1236,32.27,63.90,32.80,32.50,31.50,1,0,,,,
2026-03-22T16:48:28+01:00,1237,32.27,63.43,32.80,32.50,31.50,0,0,,,,
2026-03-22T16:50:28+01:00,1238,32.13,63.30,32.70,32.40,31.30,1,0,,,,
2026-03-22T16:52:29+01:00,1239,32.03,63.93,32.60,32.30,31.20,1,0,,,,
2026-03-22T16:54:29+01:00,1240,32.00,64.23,32.60,32.20,31.20,1,0,,,,
2026-03-22T16:56:30+01:00,1241,32.03,64.77,32.60,32.30,31.20,0,0,,,,
2026-03-22T16:58:30+01:00,1242,32.00,64.40,32.60,32.30,31.10,1,0,,,,
2026-03-22T17:00:31+01:00,1243,31.93,64.93,32.50,32.20,31.10,1,0,,,,
2026-03-22T17:02:31+01:00,1244,31.93,65.17,32.50,32.20,31.10,1,0,,,,
2026-03-22T17:04:32+01:00,1245,31.83,65.03,32.30,32.10,31.10,0,0,,,,
2026-03-22T17:06:37+01:00,1246,31.73,64.77,32.20,32.10,30.90,1,0,,,,
2026-03-22T17:08:33+01:00,1247,31.70,65.37,32.20,32.00,30.90,1,0,,,,
2026-03-22T17:10:33+01:00,1248,31.73,65.33,32.20,32.00,31.00,1,0,,,,
2026-03-22T17:12:33+01:00,1249,31.73,65.13,32.20,32.00,31.00,0,0,,,,
2026-03-22T17:14:34+01:00,1250,31.63,64.80,32.10,32.00,30.80,1,0,,,,
2026-03-22T17:16:35+01:00,1251,31.67,65.77,32.10,32.00,30.90,1,0,,,,
2026-03-22T17:18:35+01:00,1252,31.70,65.80,32.20,32.00,30.90,1,0,,,,
2026-03-22T17:20:36+01:00,1253,31.73,65.33,32.20,32.00,31.00,0,0,,,,
2026-03-22T17:22:35+01:00,1254,31.70,64.93,32.20,32.00,30.90,1,0,,,,
2026-03-22T17:24:36+01:00,1255,31.73,65.03,32.20,32.00,31.00,1,0,,,,
2026-03-22T17:26:37+01:00,1256,31.87,64.53,32.40,32.10,31.10,1,0,,,,
2026-03-22T17:28:37+01:00,1257,31.87,64.27,32.40,32.10,31.10,0,0,,,,
2026-03-22T17:30:38+01:00,1258,31.83,63.97,32.40,32.10,31.00,1,0,,,,
2026-03-22T17:32:51+01:00,1259,31.83,63.97,32.40,32.10,31.00,1,0,,,,
2026-03-22T17:34:51+01:00,1260,31.93,63.13,32.50,32.20,31.10,1,0,,,,
2026-03-22T17:36:51+01:00,1261,31.93,62.80,32.50,32.20,31.10,1,0,,,,
2026-03-22T17:38:52+01:00,1262,31.93,62.80,32.50,32.20,31.10,0,0,,,,
2026-03-22T17:40:53+01:00,1263,31.90,62.90,32.50,32.20,31.00,1,0,,,,
2026-03-22T17:42:53+01:00,1264,31.97,62.63,32.50,32.30,31.10,1,0,,,,
2026-03-22T17:44:53+01:00,1265,32.10,61.97,32.60,32.50,31.20,1,0,,,,
2026-03-22T17:46:54+01:00,1266,32.10,61.93,32.60,32.50,31.20,0,0,,,,
2026-03-22T17:48:54+01:00,1267,32.00,62.57,32.50,32.40,31.10,1,0,,,,
2026-03-22T17:50:54+01:00,1268,32.00,61.93,32.50,32.40,31.10,1,0,,,,
2026-03-22T17:52:55+01:00,1269,31.93,61.90,32.40,32.30,31.10,1,0,,,,
2026-03-22T17:54:55+01:00,1270,31.97,62.37,32.50,32.30,31.10,0,0,,,,
2026-03-22T17:56:56+01:00,1271,31.87,62.53,32.40,32.20,31.00,1,0,,,,
2026-03-22T17:58:56+01:00,1272,31.87,62.47,32.40,32.20,31.00,1,0,,,,
2026-03-22T18:00:57+01:00,1273,31.77,62.63,32.20,32.10,31.00,1,0,,,,
2026-03-22T18:02:57+01:00,1274,31.77,62.87,32.20,32.10,31.00,0,0,,,,
2026-03-22T18:04:57+01:00,1275,31.73,62.87,32.20,32.10,30.90,1,0,,,,
2026-03-22T18:06:57+01:00,1276,31.80,62.93,32.30,32.10,31.00,1,0,,,,
2026-03-22T18:08:58+01:00,1277,31.80,62.93,32.30,32.10,31.00,1,0,,,,
2026-03-22T18:10:58+01:00,1278,31.87,62.97,32.40,32.10,31.10,0,0,,,,
2026-03-22T18:12:59+01:00,1279,31.77,62.87,32.30,32.00,31.00,1,0,,,,
2026-03-22T18:14:59+01:00,1280,31.67,63.43,32.10,32.00,30.90,1,0,,,,
2026-03-22T18:17:00+01:00,1281,31.67,63.80,32.10,32.00,30.90,1,0,,,,
2026-03-22T18:19:01+01:00,1282,31.63,63.87,32.00,32.00,30.90,0,0,,,,
2026-03-22T18:21:02+01:00,1283,31.60,63.73,32.00,32.00,30.80,1,0,,,,
2026-03-22T18:23:02+01:00,1284,31.60,64.00,32.00,32.00,30.80,1,0,,,,
2026-03-22T18:25:03+01:00,1285,31.57,64.23,32.00,31.90,30.80,1,0,,,,
2026-03-22T18:27:04+01:00,1286,31.57,64.30,32.00,31.90,30.80,0,0,,,,
2026-03-22T18:29:04+01:00,1287,31.50,64.07,31.90,31.90,30.70,1,0,,,,
2026-03-22T18:31:04+01:00,1288,31.50,64.33,31.90,31.90,30.70,1,0,,,,
2026-03-22T18:33:05+01:00,1289,31.50,64.43,31.90,31.90,30.70,1,0,,,,
2026-03-22T18:35:05+01:00,1290,31.50,64.47,31.90,31.80,30.80,0,0,,,,
2026-03-22T18:37:06+01:00,1291,31.40,64.23,31.80,31.80,30.60,1,0,,,,
2026-03-22T18:39:06+01:00,1292,31.40,64.47,31.80,31.80,30.60,1,0,,,,
2026-03-22T18:41:07+01:00,1293,31.40,64.43,31.80,31.80,30.60,1,0,,,,
2026-03-22T18:43:06+01:00,1294,31.40,64.37,31.80,31.70,30.70,0,0,,,,
2026-03-22T18:45:07+01:00,1295,31.27,64.17,31.70,31.70,30.40,1,0,,,,
2026-03-22T18:47:07+01:00,1296,31.33,64.33,31.70,31.70,30.60,1,0,,,,
2026-03-22T18:49:08+01:00,1297,31.33,64.37,31.70,31.70,30.60,1,0,,,,
2026-03-22T18:51:08+01:00,1298,31.37,64.37,31.80,31.60,30.70,0,0,,,,
2026-03-22T18:53:09+01:00,1299,31.33,64.07,31.80,31.70,30.50,1,0,,,,
2026-03-22T18:55:09+01:00,1300,31.43,64.23,31.90,31.70,30.70,1,0,,,,
2026-03-22T18:57:10+01:00,1301,31.43,63.97,31.90,31.70,30.70,1,0,,,,
2026-03-22T18:59:10+01:00,1302,31.43,64.07,31.90,31.70,30.70,0,0,,,,
2026-03-22T19:01:11+01:00,1303,31.40,63.90,31.90,31.70,30.60,1,0,,,,
2026-03-22T19:03:11+01:00,1304,31.37,63.37,31.80,31.70,30.60,1,0,,,,
2026-03-22T19:05:12+01:00,1305,31.33,63.27,31.70,31.70,30.60,1,0,,,,
2026-03-22T19:07:13+01:00,1306,31.30,63.20,31.70,31.60,30.60,0,0,,,,
2026-03-22T19:09:13+01:00,1307,31.23,63.23,31.60,31.70,30.40,1,0,,,,
2026-03-22T19:11:13+01:00,1308,31.20,63.60,31.60,31.60,30.40,1,0,,,,
2026-03-22T19:13:14+01:00,1309,31.20,63.13,31.60,31.60,30.40,1,0,,,,
2026-03-22T19:15:15+01:00,1310,31.23,63.20,31.70,31.60,30.40,0,0,,,,
2026-03-22T19:17:15+01:00,1311,31.23,63.50,31.70,31.60,30.40,1,0,,,,
2026-03-22T19:19:17+01:00,1312,31.30,63.07,31.80,31.60,30.50,1,0,,,,
2026-03-22T19:21:16+01:00,1313,31.33,63.07,31.80,31.60,30.60,1,0,,,,
2026-03-22T19:23:17+01:00,1314,31.37,63.10,31.80,31.60,30.70,0,0,,,,
2026-03-22T19:25:17+01:00,1315,31.27,63.07,31.70,31.60,30.50,1,0,,,,
2026-03-22T19:27:17+01:00,1316,31.27,63.30,31.70,31.50,30.60,1,0,,,,
2026-03-22T19:29:19+01:00,1317,31.27,63.30,31.70,31.50,30.60,1,0,,,,
2026-03-22T19:31:23+01:00,1318,31.27,63.37,31.80,31.40,30.60,0,0,,,,
2026-03-22T19:33:19+01:00,1319,31.20,63.23,31.70,31.50,30.40,1,0,,,,
2026-03-22T19:35:20+01:00,1320,31.20,63.33,31.70,31.40,30.50,1,0,,,,
2026-03-22T19:37:21+01:00,1321,31.23,64.07,31.70,31.40,30.60,1,0,,,,
2026-03-22T19:39:21+01:00,1322,31.30,63.70,31.80,31.50,30.60,0,0,,,,
2026-03-22T19:41:22+01:00,1323,31.20,63.37,31.70,31.50,30.40,1,0,,,,
2026-03-22T19:43:22+01:00,1324,31.03,63.47,31.50,31.30,30.30,1,0,,,,
2026-03-22T19:45:23+01:00,1325,31.00,64.17,31.50,31.20,30.30,1,0,,,,
2026-03-22T19:49:23+01:00,1326,31.00,63.93,31.50,31.20,30.30,1,0,,,,
2026-03-22T19:51:24+01:00,1327,31.13,64.27,31.60,31.30,30.50,1,0,,,,
2026-03-22T19:53:24+01:00,1328,31.27,64.17,31.80,31.40,30.60,1,0,,,,
2026-03-22T19:55:26+01:00,1329,31.33,63.63,31.80,31.50,30.70,0,0,,,,
2026-03-22T19:57:25+01:00,1330,31.23,63.40,31.80,31.40,30.50,1,0,,,,
2026-03-22T19:59:26+01:00,1331,31.30,63.57,31.80,31.50,30.60,1,0,,,,
2026-03-22T20:01:26+01:00,1332,31.40,63.60,31.90,31.50,30.80,1,0,,,,
2026-03-22T20:03:27+01:00,1333,31.50,63.53,32.00,31.60,30.90,0,0,,,,
2026-03-22T20:05:27+01:00,1334,31.43,63.30,32.00,31.60,30.70,1,0,,,,
2026-03-22T20:07:29+01:00,1335,31.50,63.47,32.00,31.70,30.80,1,0,,,,
2026-03-22T20:09:28+01:00,1336,31.53,63.43,32.00,31.70,30.90,1,0,,,,
2026-03-22T20:11:29+01:00,1337,31.60,63.40,32.10,31.80,30.90,0,0,,,,
2026-03-22T20:13:29+01:00,1338,31.57,63.23,32.10,31.80,30.80,1,0,,,,
2026-03-22T20:15:29+01:00,1339,31.60,63.40,32.10,31.80,30.90,1,0,,,,
2026-03-22T20:17:30+01:00,1340,31.67,63.30,32.20,31.90,30.90,1,0,,,,
2026-03-22T20:19:30+01:00,1341,31.70,63.20,32.20,31.90,31.00,0,0,,,,
2026-03-22T20:21:35+01:00,1342,31.67,63.10,32.20,31.90,30.90,1,0,,,,
2026-03-22T20:23:31+01:00,1343,31.67,63.07,32.20,31.90,30.90,1,0,,,,
2026-03-22T20:25:33+01:00,1344,31.67,63.03,32.10,31.90,31.00,1,0,,,,
2026-03-22T20:27:33+01:00,1345,31.70,63.10,32.20,31.90,31.00,0,0,,,,
2026-03-22T20:29:33+01:00,1346,31.57,63.03,32.10,31.80,30.80,1,0,,,,
2026-03-22T20:31:34+01:00,1347,31.57,63.23,32.10,31.80,30.80,1,0,,,,
2026-03-22T20:33:34+01:00,1348,31.63,63.30,32.10,31.90,30.90,1,0,,,,
2026-03-22T20:35:34+01:00,1349,31.70,63.37,32.20,31.90,31.00,0,0,,,,
2026-03-22T20:37:35+01:00,1350,31.63,63.20,32.10,31.90,30.90,1,0,,,,
2026-03-22T20:39:35+01:00,1351,31.67,63.83,32.20,31.90,30.90,1,0,,,,
2026-03-22T20:41:35+01:00,1352,31.63,63.07,32.10,31.90,30.90,1,0,,,,
2026-03-22T20:43:36+01:00,1353,31.60,63.23,32.10,31.80,30.90,0,0,,,,
2026-03-22T20:45:36+01:00,1354,31.50,63.33,32.00,31.70,30.80,1,0,,,,
2026-03-22T20:47:37+01:00,1355,31.43,63.60,32.00,31.60,30.70,1,0,,,,
2026-03-22T20:49:37+01:00,1356,31.40,64.10,31.90,31.60,30.70,1,0,,,,
2026-03-22T20:51:40+01:00,1357,31.43,64.13,32.00,31.60,30.70,0,0,,,,
2026-03-22T20:53:41+01:00,1358,31.37,63.60,31.90,31.60,30.60,1,0,,,,
2026-03-22T20:55:39+01:00,1359,31.40,64.33,31.90,31.60,30.70,1,0,,,,
2026-03-22T20:57:40+01:00,1360,31.47,64.40,32.00,31.60,30.80,1,0,,,,
2026-03-22T20:59:41+01:00,1361,31.50,64.23,32.00,31.70,30.80,0,0,,,,
2026-03-22T21:01:41+01:00,1362,31.43,64.00,32.00,31.60,30.70,1,0,,,,
2026-03-22T21:03:42+01:00,1363,31.47,64.23,32.00,31.60,30.80,1,0,,,,
2026-03-22T21:05:44+01:00,1364,31.47,64.17,32.00,31.60,30.80,1,0,,,,
2026-03-22T21:07:42+01:00,1365,31.50,63.83,32.00,31.70,30.80,0,0,,,,
2026-03-22T21:09:44+01:00,1366,31.37,64.00,31.90,31.60,30.60,1,0,,,,
2026-03-22T21:11:44+01:00,1367,31.40,64.23,31.90,31.60,30.70,1,0,,,,
2026-03-22T21:24:12+01:00,1368,30.60,66.20,31.00,31.00,29.80,1,0,,,,
2026-03-22T21:26:12+01:00,1369,30.83,65.63,31.30,31.10,30.10,1,0,,,,
2026-03-22T21:28:12+01:00,1370,30.97,65.40,31.40,31.20,30.30,1,0,,,,
2026-03-22T21:30:14+01:00,1371,31.03,64.90,31.50,31.20,30.40,0,0,,,,
2026-03-22T21:32:14+01:00,1372,30.97,64.80,31.50,31.20,30.20,1,0,,,,
2026-03-22T21:34:14+01:00,1373,31.10,64.87,31.60,31.30,30.40,1,0,,,,
2026-03-22T21:36:14+01:00,1374,31.27,64.73,31.80,31.40,30.60,1,0,,,,
2026-03-22T21:38:14+01:00,1375,31.33,64.57,31.80,31.50,30.70,0,0,,,,
2026-03-22T21:40:15+01:00,1376,31.30,64.27,31.80,31.50,30.60,1,0,,,,
2026-03-22T21:42:20+01:00,1377,31.37,64.37,31.90,31.50,30.70,1,0,,,,
2026-03-22T21:44:16+01:00,1378,31.27,64.30,31.70,31.50,30.60,1,0,,,,
2026-03-22T21:46:17+01:00,1379,31.23,64.57,31.70,31.40,30.60,0,0,,,,
2026-03-22T21:48:17+01:00,1380,31.17,64.37,31.70,31.40,30.40,1,0,,,,
2026-03-22T21:50:18+01:00,1381,31.30,65.13,31.80,31.40,30.70,1,0,,,,
2026-03-22T21:52:18+01:00,1382,31.43,64.70,31.90,31.60,30.80,1,0,,,,
2026-03-22T21:54:21+01:00,1383,31.47,64.63,31.90,31.70,30.80,0,0,,,,
2026-03-22T21:56:19+01:00,1384,31.40,64.40,31.80,31.70,30.70,1,0,,,,
2026-03-22T21:58:20+01:00,1385,31.47,64.60,31.90,31.70,30.80,1,0,,,,
2026-03-22T22:00:20+01:00,1386,31.47,64.73,31.90,31.70,30.80,1,0,,,,
2026-03-22T22:02:21+01:00,1387,31.50,64.73,32.00,31.70,30.80,0,0,,,,
2026-03-22T22:04:21+01:00,1388,31.40,64.47,31.90,31.70,30.60,1,0,,,,
2026-03-22T22:06:21+01:00,1389,31.47,65.23,31.90,31.70,30.80,1,0,,,,
2026-03-22T22:08:22+01:00,1390,31.50,65.13,32.00,31.70,30.80,1,0,,,,
2026-03-22T22:10:22+01:00,1391,31.53,65.23,32.00,31.80,30.80,0,0,,,,
2026-03-22T22:12:25+01:00,1392,31.50,64.60,32.00,31.70,30.80,1,0,,,,
2026-03-22T22:20:24+01:00,1393,31.50,64.90,32.00,31.70,30.80,1,0,,,,
2026-03-22T22:22:25+01:00,1394,31.50,65.27,32.00,31.70,30.80,1,0,,,,
2026-03-22T22:24:25+01:00,1395,31.60,65.53,32.10,31.80,30.90,1,0,,,,
2026-03-22T22:26:25+01:00,1396,31.63,65.50,32.10,31.90,30.90,0,0,,,,
2026-03-22T22:28:26+01:00,1397,31.57,65.10,32.10,31.80,30.80,1,0,,,,
2026-03-22T22:30:26+01:00,1398,31.60,65.40,32.10,31.80,30.90,1,0,,,,
2026-03-22T22:32:27+01:00,1399,31.60,65.47,32.10,31.80,30.90,1,0,,,,
2026-03-22T22:34:27+01:00,1400,31.63,65.50,32.10,31.90,30.90,0,0,,,,
2026-03-22T22:36:28+01:00,1401,31.63,65.17,32.10,31.90,30.90,1,0,,,,
2026-03-22T22:38:30+01:00,1402,31.63,65.63,32.10,31.90,30.90,1,0,,,,
2026-03-22T22:40:28+01:00,1403,31.63,65.60,32.10,31.90,30.90,1,0,,,,
2026-03-22T22:42:29+01:00,1404,31.70,65.60,32.20,31.90,31.00,0,0,,,,
2026-03-22T22:44:29+01:00,1405,31.60,65.27,32.10,31.90,30.80,1,0,,,,
2026-03-22T22:46:30+01:00,1406,31.60,66.03,32.10,31.80,30.90,1,0,,,,
2026-03-22T22:48:30+01:00,1407,31.67,65.70,32.10,31.90,31.00,1,0,,,,
2026-03-22T22:50:30+01:00,1408,31.70,65.63,32.20,31.90,31.00,0,0,,,,
2026-03-22T22:52:31+01:00,1409,31.63,65.33,32.10,31.90,30.90,1,0,,,,
2026-03-22T22:54:31+01:00,1410,31.67,65.73,32.10,31.90,31.00,1,0,,,,
2026-03-22T22:56:31+01:00,1411,31.67,65.70,32.10,31.90,31.00,1,0,,,,
2026-03-22T23:12:32+01:00,1412,31.17,68.10,31.60,31.40,30.50,1,0,,,,
2026-03-22T23:14:32+01:00,1413,31.17,67.77,31.60,31.40,30.50,0,0,,,,
2026-03-22T23:16:33+01:00,1414,31.07,67.23,31.50,31.40,30.30,1,0,,,,
2026-03-22T23:18:33+01:00,1415,31.03,68.17,31.50,31.30,30.30,1,0,,,,
2026-03-22T23:20:33+01:00,1416,31.07,68.23,31.50,31.30,30.40,1,0,,,,
2026-03-22T23:24:33+01:00,1417,30.97,67.37,31.40,31.30,30.20,1,0,,,,
2026-03-22T23:26:33+01:00,1418,31.00,67.83,31.40,31.30,30.30,1,0,,,,
2026-03-22T23:28:34+01:00,1419,31.07,68.17,31.50,31.30,30.40,1,0,,,,
2026-03-22T23:30:34+01:00,1420,31.07,67.83,31.50,31.30,30.40,0,0,,,,
2026-03-22T23:32:35+01:00,1421,30.97,67.30,31.40,31.20,30.30,1,0,,,,
2026-03-22T23:34:35+01:00,1422,30.97,68.07,31.40,31.20,30.30,1,0,,,,
2026-03-22T23:36:35+01:00,1423,30.97,67.73,31.40,31.20,30.30,1,0,,,,
2026-03-22T23:38:35+01:00,1424,30.90,67.77,31.40,31.10,30.20,0,0,,,,
2026-03-22T23:40:36+01:00,1425,30.83,67.37,31.30,31.10,30.10,1,0,,,,
2026-03-22T23:42:36+01:00,1426,30.87,68.27,31.30,31.10,30.20,1,0,,,,
2026-03-22T23:44:36+01:00,1427,30.90,68.27,31.30,31.10,30.30,1,0,,,,
2026-03-22T23:46:36+01:00,1428,30.93,67.83,31.40,31.10,30.30,0,0,,,,
2026-03-22T23:48:36+01:00,1429,30.87,67.33,31.30,31.10,30.20,1,0,,,,
2026-03-22T23:50:37+01:00,1430,30.93,67.80,31.40,31.10,30.30,1,0,,,,
2026-03-22T23:52:37+01:00,1431,30.93,67.83,31.40,31.10,30.30,1,0,,,,
2026-03-22T23:54:37+01:00,1432,30.93,67.77,31.40,31.10,30.30,0,0,,,,
2026-03-22T23:56:38+01:00,1433,30.83,67.37,31.30,31.10,30.10,1,0,,,,
2026-03-22T23:58:38+01:00,1434,30.83,67.80,31.30,31.00,30.20,1,0,,,,
2026-03-23T00:00:38+01:00,1435,30.87,67.83,31.30,31.10,30.20,1,0,,,,
2026-03-23T00:02:39+01:00,1436,30.87,67.80,31.30,31.10,30.20,0,0,,,,
2026-03-23T00:04:39+01:00,1437,30.77,67.37,31.20,31.00,30.10,1,0,,,,
2026-03-23T00:06:39+01:00,1438,30.80,67.83,31.30,31.00,30.10,1,0,,,,
2026-03-23T00:08:39+01:00,1439,30.83,67.70,31.30,31.00,30.20,1,0,,,,
2026-03-23T00:10:39+01:00,1440,30.83,67.77,31.30,31.00,30.20,0,0,,,,
2026-03-23T00:12:40+01:00,1441,30.73,67.43,31.20,31.00,30.00,1,0,,,,
2026-03-23T00:14:39+01:00,1442,30.77,67.90,31.20,31.00,30.10,1,0,,,,
2026-03-23T00:16:40+01:00,1443,30.77,67.87,31.20,31.00,30.10,1,0,,,,
2026-03-23T00:18:40+01:00,1444,30.83,67.80,31.30,31.00,30.20,0,0,,,,
2026-03-23T00:20:40+01:00,1445,30.80,67.33,31.30,31.00,30.10,1,0,,,,
2026-03-23T00:22:40+01:00,1446,30.97,67.63,31.50,31.10,30.30,1,0,,,,
2026-03-23T00:24:40+01:00,1447,31.10,67.50,31.60,31.20,30.50,1,0,,,,
2026-03-23T00:26:41+01:00,1448,31.20,67.40,31.70,31.30,30.60,0,0,,,,
2026-03-23T00:28:41+01:00,1449,31.13,66.67,31.70,31.30,30.40,1,0,,,,
2026-03-23T00:30:41+01:00,1450,31.17,66.97,31.70,31.30,30.50,1,0,,,,
2026-03-23T00:32:41+01:00,1451,31.27,66.93,31.80,31.40,30.60,1,0,,,,
2026-03-23T00:34:41+01:00,1452,31.30,66.87,31.80,31.40,30.70,0,0,,,,
2026-03-23T00:36:41+01:00,1453,31.23,66.57,31.80,31.40,30.50,1,0,,,,
2026-03-23T00:38:41+01:00,1454,31.37,66.97,31.90,31.50,30.70,1,0,,,,
2026-03-23T00:40:42+01:00,1455,31.43,66.83,32.00,31.50,30.80,1,0,,,,
2026-03-23T00:42:42+01:00,1456,31.47,66.73,32.00,31.60,30.80,0,0,,,,
2026-03-23T00:44:42+01:00,1457,31.40,66.47,32.00,31.60,30.60,1,0,,,,
2026-03-23T00:46:42+01:00,1458,31.43,66.77,32.00,31.60,30.70,1,0,,,,
2026-03-23T00:48:43+01:00,1459,31.50,66.63,32.00,31.70,30.80,1,0,,,,
2026-03-23T00:50:43+01:00,1460,31.53,66.57,32.00,31.70,30.90,0,0,,,,
2026-03-23T00:52:43+01:00,1461,31.50,66.37,32.00,31.70,30.80,1,0,,,,
2026-03-23T00:54:43+01:00,1462,31.50,66.60,32.00,31.70,30.80,1,0,,,,
2026-03-23T00:56:43+01:00,1463,31.50,66.57,32.00,31.70,30.80,1,0,,,,
2026-03-23T00:58:44+01:00,1464,31.60,66.53,32.10,31.80,30.90,0,0,,,,
2026-03-23T01:00:44+01:00,1465,31.50,66.33,32.00,31.70,30.80,1,0,,,,
2026-03-23T01:02:45+01:00,1466,31.50,66.63,32.00,31.70,30.80,1,0,,,,
2026-03-23T01:04:45+01:00,1467,31.60,66.57,32.10,31.80,30.90,1,0,,,,
2026-03-23T01:06:45+01:00,1468,31.57,66.53,32.00,31.80,30.90,0,0,,,,
2026-03-23T01:08:45+01:00,1469,31.50,66.37,32.00,31.70,30.80,1,0,,,,
2026-03-23T01:10:45+01:00,1470,31.43,66.67,32.00,31.60,30.70,1,0,,,,
2026-03-23T01:12:46+01:00,1471,31.47,66.73,32.00,31.60,30.80,1,0,,,,
2026-03-23T01:14:46+01:00,1472,31.43,66.80,32.00,31.60,30.70,0,0,,,,
2026-03-23T01:16:46+01:00,1473,31.33,66.57,31.90,31.60,30.50,1,0,,,,
2026-03-23T01:18:46+01:00,1474,31.33,67.33,31.90,31.50,30.60,1,0,,,,
2026-03-23T01:20:47+01:00,1475,31.33,67.33,31.90,31.50,30.60,1,0,,,,
2026-03-23T01:22:47+01:00,1476,31.37,67.07,31.90,31.50,30.70,0,0,,,,
2026-03-23T01:24:47+01:00,1477,31.33,67.00,31.90,31.50,30.60,1,0,,,,
2026-03-23T01:26:47+01:00,1478,31.30,67.43,31.80,31.50,30.60,1,0,,,,
2026-03-23T01:28:47+01:00,1479,31.33,67.47,31.90,31.50,30.60,1,0,,,,
2026-03-23T01:30:48+01:00,1480,31.33,67.07,31.90,31.50,30.60,0,0,,,,
2026-03-23T01:32:48+01:00,1481,31.27,67.07,31.80,31.50,30.50,1,0,,,,
2026-03-23T01:34:48+01:00,1482,31.30,67.47,31.80,31.50,30.60,1,0,,,,
2026-03-23T01:36:48+01:00,1483,31.30,67.47,31.80,31.50,30.60,1,0,,,,
2026-03-23T01:38:48+01:00,1484,31.33,67.13,31.80,31.50,30.70,0,0,,,,
2026-03-23T01:40:48+01:00,1485,31.23,66.77,31.80,31.40,30.50,1,0,,,,
2026-03-23T01:42:48+01:00,1486,31.23,67.50,31.70,31.40,30.60,1,0,,,,
2026-03-23T01:44:49+01:00,1487,31.27,67.53,31.80,31.40,30.60,1,0,,,,
2026-03-23T01:46:49+01:00,1488,31.27,67.53,31.80,31.40,30.60,0,0,,,,
2026-03-23T01:48:49+01:00,1489,31.17,67.20,31.70,31.40,30.40,1,0,,,,
2026-03-23T01:50:49+01:00,1490,31.13,67.60,31.70,31.30,30.40,1,0,,,,
2026-03-23T01:52:49+01:00,1491,31.13,67.63,31.70,31.30,30.40,1,0,,,,
2026-03-23T01:54:49+01:00,1492,31.17,67.63,31.70,31.30,30.50,0,0,,,,
2026-03-23T01:56:49+01:00,1493,31.07,67.33,31.60,31.30,30.30,1,0,,,,
2026-03-23T01:58:50+01:00,1494,31.00,67.63,31.50,31.20,30.30,1,0,,,,
2026-03-23T02:00:50+01:00,1495,31.00,67.70,31.50,31.20,30.30,1,0,,,,
2026-03-23T02:02:50+01:00,1496,31.00,67.70,31.50,31.20,30.30,0,0,,,,
2026-03-23T02:04:50+01:00,1497,30.97,67.40,31.50,31.20,30.20,1,0,,,,
2026-03-23T02:06:50+01:00,1498,30.97,68.17,31.50,31.20,30.20,1,0,,,,
2026-03-23T02:08:51+01:00,1499,31.03,68.20,31.50,31.20,30.40,1,0,,,,
2026-03-23T02:10:51+01:00,1500,31.13,67.83,31.60,31.30,30.50,0,0,,,,
2026-03-23T02:12:51+01:00,1501,31.07,67.47,31.60,31.30,30.30,1,0,,,,
2026-03-23T02:14:51+01:00,1502,31.17,67.87,31.70,31.30,30.50,1,0,,,,
2026-03-23T02:16:51+01:00,1503,31.27,67.80,31.80,31.40,30.60,1,0,,,,
2026-03-23T02:18:51+01:00,1504,31.27,67.67,31.80,31.40,30.60,0,0,,,,
2026-03-23T02:20:51+01:00,1505,31.17,67.40,31.70,31.40,30.40,1,0,,,,
2026-03-23T02:22:51+01:00,1506,31.13,67.67,31.70,31.30,30.40,1,0,,,,
2026-03-23T02:24:52+01:00,1507,31.13,67.70,31.70,31.30,30.40,1,0,,,,
2026-03-23T02:26:52+01:00,1508,31.10,67.80,31.60,31.30,30.40,0,0,,,,
2026-03-23T02:28:52+01:00,1509,31.00,67.53,31.50,31.20,30.30,1,0,,,,
2026-03-23T02:30:52+01:00,1510,31.00,68.27,31.50,31.20,30.30,1,0,,,,
2026-03-23T02:32:52+01:00,1511,31.10,68.30,31.60,31.30,30.40,1,0,,,,
2026-03-23T02:34:52+01:00,1512,31.10,68.30,31.60,31.30,30.40,0,0,,,,
2026-03-23T02:36:52+01:00,1513,30.97,67.97,31.50,31.20,30.20,1,0,,,,
2026-03-23T02:38:52+01:00,1514,31.00,68.37,31.50,31.20,30.30,1,0,,,,
2026-03-23T02:40:52+01:00,1515,31.07,68.37,31.60,31.20,30.40,1,0,,,,
2026-03-23T02:42:52+01:00,1516,31.10,68.40,31.60,31.30,30.40,0,0,,,,
2026-03-23T02:44:52+01:00,1517,31.07,67.67,31.60,31.30,30.30,1,0,,,,
2026-03-23T02:46:52+01:00,1518,31.10,68.37,31.60,31.30,30.40,1,0,,,,
2026-03-23T02:48:53+01:00,1519,31.17,68.33,31.70,31.30,30.50,1,0,,,,
2026-03-23T02:50:53+01:00,1520,31.23,67.97,31.70,31.40,30.60,0,0,,,,
2026-03-23T02:52:54+01:00,1521,31.07,67.93,31.60,31.30,30.30,1,0,,,,
2026-03-23T02:54:54+01:00,1522,31.13,68.37,31.70,31.30,30.40,1,0,,,,
2026-03-23T02:56:54+01:00,1523,31.23,68.37,31.70,31.40,30.60,1,0,,,,
2026-03-23T02:58:55+01:00,1524,31.23,68.33,31.70,31.40,30.60,0,0,,,,
2026-03-23T03:00:55+01:00,1525,31.17,67.67,31.70,31.40,30.40,1,0,,,,
2026-03-23T03:02:55+01:00,1526,31.13,68.37,31.70,31.30,30.40,1,0,,,,
2026-03-23T03:04:56+01:00,1527,31.23,68.37,31.70,31.40,30.60,1,0,,,,
2026-03-23T03:06:56+01:00,1528,31.23,68.03,31.70,31.40,30.60,0,0,,,,
2026-03-23T03:08:57+01:00,1529,31.17,68.03,31.70,31.40,30.40,1,0,,,,
2026-03-23T03:10:57+01:00,1530,31.20,68.37,31.70,31.40,30.50,1,0,,,,
2026-03-23T03:12:57+01:00,1531,31.20,68.37,31.70,31.40,30.50,1,0,,,,
2026-03-23T03:14:58+01:00,1532,31.23,68.43,31.70,31.40,30.60,0,0,,,,
2026-03-23T03:16:58+01:00,1533,31.20,67.77,31.70,31.40,30.50,1,0,,,,
2026-03-23T03:18:59+01:00,1534,31.23,68.43,31.70,31.40,30.60,1,0,,,,
2026-03-23T03:20:59+01:00,1535,31.33,68.37,31.80,31.50,30.70,1,0,,,,
2026-03-23T03:23:00+01:00,1536,31.33,68.00,31.80,31.50,30.70,0,0,,,,
2026-03-23T03:25:00+01:00,1537,31.23,67.73,31.80,31.40,30.50,1,0,,,,
2026-03-23T03:27:01+01:00,1538,31.20,68.40,31.70,31.40,30.50,1,0,,,,
2026-03-23T03:29:01+01:00,1539,31.17,68.47,31.70,31.30,30.50,1,0,,,,
2026-03-23T03:31:02+01:00,1540,31.20,68.47,31.70,31.40,30.50,0,0,,,,
2026-03-23T03:33:02+01:00,1541,31.10,68.13,31.60,31.30,30.40,1,0,,,,
2026-03-23T03:35:03+01:00,1542,31.10,68.53,31.60,31.30,30.40,1,0,,,,
2026-03-23T03:37:03+01:00,1543,31.13,68.53,31.60,31.30,30.50,1,0,,,,
2026-03-23T03:39:04+01:00,1544,31.13,68.60,31.60,31.30,30.50,0,0,,,,
2026-03-23T03:41:04+01:00,1545,31.10,68.23,31.60,31.30,30.40,1,0,,,,
2026-03-23T03:43:05+01:00,1546,31.10,68.63,31.60,31.30,30.40,1,0,,,,
2026-03-23T03:45:05+01:00,1547,31.17,68.63,31.70,31.30,30.50,1,0,,,,
2026-03-23T03:47:05+01:00,1548,31.20,68.67,31.70,31.30,30.60,0,0,,,,
2026-03-23T03:49:06+01:00,1549,31.13,68.23,31.70,31.30,30.40,1,0,,,,
2026-03-23T03:51:06+01:00,1550,31.30,68.57,31.80,31.40,30.70,1,0,,,,
2026-03-23T03:53:06+01:00,1551,31.30,68.50,31.80,31.40,30.70,1,0,,,,
2026-03-23T03:55:07+01:00,1552,31.27,68.47,31.80,31.40,30.60,0,0,,,,
2026-03-23T03:57:07+01:00,1553,31.27,68.17,31.80,31.40,30.60,1,0,,,,
2026-03-23T03:59:07+01:00,1554,31.23,68.57,31.70,31.40,30.60,1,0,,,,
2026-03-23T04:01:08+01:00,1555,31.30,68.67,31.80,31.40,30.70,1,0,,,,
2026-03-23T04:03:08+01:00,1556,31.37,68.53,31.90,31.50,30.70,0,0,,,,
2026-03-23T04:05:09+01:00,1557,31.30,68.20,31.80,31.50,30.60,1,0,,,,
2026-03-23T04:07:09+01:00,1558,31.30,68.53,31.80,31.50,30.60,1,0,,,,
2026-03-23T04:09:10+01:00,1559,31.40,68.47,31.90,31.50,30.80,1,0,,,,
2026-03-23T04:11:10+01:00,1560,31.47,68.43,32.00,31.60,30.80,0,0,,,,
2026-03-23T04:13:11+01:00,1561,31.40,68.13,31.90,31.60,30.70,1,0,,,,
2026-03-23T04:15:11+01:00,1562,31.47,68.47,32.00,31.60,30.80,1,0,,,,
2026-03-23T04:17:12+01:00,1563,31.47,68.40,32.00,31.60,30.80,1,0,,,,
2026-03-23T04:19:12+01:00,1564,31.50,68.03,32.00,31.70,30.80,0,0,,,,
2026-03-23T04:21:12+01:00,1565,31.50,67.77,32.00,31.70,30.80,1,0,,,,
2026-03-23T04:23:13+01:00,1566,31.50,68.07,32.00,31.70,30.80,1,0,,,,
2026-03-23T04:25:13+01:00,1567,31.50,67.93,32.00,31.70,30.80,1,0,,,,
2026-03-23T04:27:14+01:00,1568,31.53,67.80,32.00,31.70,30.90,0,0,,,,
2026-03-23T04:29:14+01:00,1569,31.50,67.67,32.00,31.70,30.80,1,0,,,,
2026-03-23T04:31:15+01:00,1570,31.50,68.00,32.00,31.70,30.80,1,0,,,,
2026-03-23T04:33:15+01:00,1571,31.53,67.80,32.00,31.70,30.90,1,0,,,,
2026-03-23T04:35:15+01:00,1572,31.53,67.77,32.00,31.70,30.90,0,0,,,,
2026-03-23T04:37:16+01:00,1573,31.47,67.57,32.00,31.70,30.70,1,0,,,,
2026-03-23T04:39:16+01:00,1574,31.50,67.83,32.00,31.70,30.80,1,0,,,,
2026-03-23T04:41:17+01:00,1575,31.47,68.23,32.00,31.60,30.80,1,0,,,,
2026-03-23T04:43:17+01:00,1576,31.50,68.33,32.00,31.70,30.80,0,0,,,,
2026-03-23T04:45:17+01:00,1577,31.40,67.73,32.00,31.60,30.60,1,0,,,,
2026-03-23T04:47:18+01:00,1578,31.50,68.37,32.00,31.70,30.80,1,0,,,,
2026-03-23T04:49:19+01:00,1579,31.50,67.87,32.00,31.70,30.80,1,0,,,,
2026-03-23T04:51:19+01:00,1580,31.53,67.97,32.00,31.70,30.90,0,0,,,,
2026-03-23T04:53:19+01:00,1581,31.47,68.03,32.00,31.70,30.70,1,0,,,,
2026-03-23T04:55:19+01:00,1582,31.50,68.47,32.00,31.70,30.80,1,0,,,,
2026-03-23T04:57:19+01:00,1583,31.50,68.70,32.00,31.70,30.80,1,0,,,,
2026-03-23T04:59:19+01:00,1584,31.57,68.53,32.00,31.80,30.90,0,0,,,,
2026-03-23T05:01:19+01:00,1585,31.50,68.27,32.00,31.70,30.80,1,0,,,,
2026-03-23T05:03:19+01:00,1586,31.50,68.70,32.00,31.70,30.80,1,0,,,,
2026-03-23T05:05:20+01:00,1587,31.53,68.50,32.00,31.80,30.80,1,0,,,,
2026-03-23T06:02:05+01:00,1588,29.63,70.33,30.00,30.00,28.90,1,0,,,,
2026-03-23T06:04:04+01:00,1589,29.93,74.00,30.30,30.20,29.30,1,0,,,,
2026-03-23T06:06:04+01:00,1590,30.17,73.13,30.60,30.40,29.50,1,0,,,,
2026-03-23T06:08:04+01:00,1591,30.40,72.57,30.80,30.60,29.80,0,0,,,,
2026-03-23T06:10:05+01:00,1592,30.47,71.13,30.90,30.70,29.80,1,0,,,,
2026-03-23T06:12:05+01:00,1593,30.57,71.97,31.00,30.80,29.90,1,0,,,,
2026-03-23T06:14:05+01:00,1594,30.67,71.07,31.10,30.90,30.00,1,0,,,,
2026-03-23T06:16:06+01:00,1595,30.80,70.83,31.30,31.00,30.10,0,0,,,,
2026-03-23T06:18:06+01:00,1596,30.77,69.43,31.30,31.00,30.00,1,0,,,,
2026-03-23T06:20:06+01:00,1597,30.80,70.07,31.30,31.00,30.10,1,0,,,,
2026-03-23T06:22:07+01:00,1598,30.90,69.97,31.40,31.10,30.20,1,0,,,,
2026-03-23T06:24:07+01:00,1599,30.93,69.93,31.50,31.10,30.20,0,0,,,,
2026-03-23T06:26:08+01:00,1600,30.93,69.20,31.50,31.20,30.10,1,0,,,,
2026-03-23T06:28:08+01:00,1601,31.00,69.93,31.50,31.20,30.30,1,0,,,,
2026-03-23T06:30:08+01:00,1602,31.10,69.83,31.60,31.30,30.40,1,0,,,,
2026-03-23T06:32:09+01:00,1603,31.23,69.57,31.70,31.40,30.60,0,0,,,,
2026-03-23T06:34:09+01:00,1604,31.17,68.70,31.70,31.40,30.40,1,0,,,,
2026-03-23T06:36:09+01:00,1605,31.27,69.40,31.80,31.40,30.60,1,0,,,,
2026-03-23T06:38:10+01:00,1606,31.30,68.87,31.80,31.50,30.60,1,0,,,,
2026-03-23T06:40:10+01:00,1607,31.37,68.83,31.90,31.50,30.70,0,0,,,,
2026-03-23T06:42:11+01:00,1608,31.30,68.47,31.80,31.50,30.60,1,0,,,,
2026-03-23T06:44:11+01:00,1609,31.37,68.73,31.90,31.50,30.70,1,0,,,,
2026-03-23T06:46:12+01:00,1610,31.37,68.80,31.90,31.50,30.70,1,0,,,,
2026-03-23T06:48:12+01:00,1611,31.43,68.67,31.90,31.60,30.80,0,0,,,,
2026-03-23T06:50:12+01:00,1612,31.33,68.43,31.90,31.60,30.50,1,0,,,,
2026-03-23T06:52:13+01:00,1613,31.40,68.97,31.90,31.60,30.70,1,0,,,,
2026-03-23T06:54:13+01:00,1614,31.40,68.60,31.90,31.60,30.70,1,0,,,,
2026-03-23T06:56:14+01:00,1615,31.40,68.60,31.90,31.60,30.70,0,0,,,,
2026-03-23T06:58:14+01:00,1616,31.37,68.40,31.90,31.60,30.60,1,0,,,,
2026-03-23T07:00:15+01:00,1617,31.40,68.57,31.90,31.60,30.70,1,0,,,,
2026-03-23T07:02:15+01:00,1618,31.47,68.63,32.00,31.60,30.80,1,0,,,,
2026-03-23T07:04:15+01:00,1619,31.50,68.53,32.00,31.70,30.80,0,0,,,,
2026-03-23T07:06:16+01:00,1620,31.40,68.33,32.00,31.60,30.60,1,0,,,,
2026-03-23T07:08:16+01:00,1621,31.47,68.47,32.00,31.60,30.80,1,0,,,,
2026-03-23T07:10:16+01:00,1622,31.47,68.40,32.00,31.60,30.80,1,0,,,,
2026-03-23T07:12:17+01:00,1623,31.50,68.07,32.00,31.70,30.80,0,0,,,,
2026-03-23T07:14:17+01:00,1624,31.37,67.93,31.90,31.60,30.60,1,0,,,,
2026-03-23T07:16:18+01:00,1625,31.43,68.47,31.90,31.60,30.80,1,0,,,,
2026-03-23T07:18:19+01:00,1626,31.47,68.47,32.00,31.60,30.80,1,0,,,,
2026-03-23T07:20:19+01:00,1627,31.47,68.40,32.00,31.60,30.80,0,0,,,,
2026-03-23T07:22:19+01:00,1628,31.37,68.27,31.90,31.60,30.60,1,0,,,,
2026-03-23T07:24:19+01:00,1629,31.40,68.50,31.90,31.60,30.70,1,0,,,,
2026-03-23T07:26:20+01:00,1630,31.47,68.53,32.00,31.60,30.80,1,0,,,,
2026-03-23T07:28:20+01:00,1631,31.50,68.53,32.00,31.70,30.80,0,0,,,,
2026-03-23T07:30:20+01:00,1632,31.40,68.33,32.00,31.60,30.60,1,0,,,,
2026-03-23T07:32:21+01:00,1633,31.50,68.53,32.00,31.70,30.80,1,0,,,,
2026-03-23T07:34:21+01:00,1634,31.50,68.53,32.00,31.70,30.80,1,0,,,,
2026-03-23T07:36:22+01:00,1635,31.50,68.47,32.00,31.70,30.80,0,0,,,,
2026-03-23T07:38:22+01:00,1636,31.47,68.33,32.00,31.70,30.70,1,0,,,,
2026-03-23T07:40:23+01:00,1637,31.40,68.70,31.90,31.60,30.70,1,0,,,,
2026-03-23T07:42:23+01:00,1638,31.40,68.87,31.90,31.60,30.70,1,0,,,,
2026-03-23T07:44:23+01:00,1639,31.40,69.23,31.90,31.60,30.70,0,0,,,,
2026-03-23T07:46:24+01:00,1640,31.27,68.57,31.80,31.50,30.50,1,0,,,,
2026-03-23T07:48:24+01:00,1641,31.27,69.40,31.70,31.50,30.60,1,0,,,,
2026-03-23T07:50:24+01:00,1642,31.27,69.60,31.70,31.50,30.60,1,0,,,,
2026-03-23T07:52:24+01:00,1643,31.27,69.90,31.70,31.50,30.60,0,0,,,,
2026-03-23T07:54:25+01:00,1644,31.07,69.33,31.50,31.30,30.40,1,0,,,,
2026-03-23T07:56:25+01:00,1645,31.00,70.93,31.50,31.20,30.30,1,0,,,,
2026-03-23T07:58:26+01:00,1646,31.10,70.97,31.60,31.30,30.40,1,0,,,,
2026-03-23T08:00:26+01:00,1647,31.17,70.80,31.60,31.40,30.50,0,0,,,,
2026-03-23T08:02:27+01:00,1648,31.10,69.70,31.60,31.30,30.40,1,0,,,,
2026-03-23T08:04:28+01:00,1649,31.20,71.20,31.70,31.40,30.50,1,0,,,,
2026-03-23T08:06:28+01:00,1650,31.17,70.43,31.60,31.40,30.50,1,0,,,,
2026-03-23T08:08:29+01:00,1651,31.17,71.00,31.60,31.40,30.50,0,0,,,,
2026-03-23T08:10:30+01:00,1652,31.03,69.97,31.50,31.30,30.30,1,0,,,,
2026-03-23T08:12:30+01:00,1653,31.03,70.90,31.50,31.30,30.30,1,0,,,,
2026-03-23T08:14:31+01:00,1654,31.07,70.87,31.50,31.30,30.40,1,0,,,,
2026-03-23T08:16:31+01:00,1655,30.97,70.80,31.40,31.20,30.30,0,0,,,,
2026-03-23T08:18:32+01:00,1656,30.80,70.50,31.20,31.10,30.10,1,0,,,,
2026-03-23T08:20:32+01:00,1657,30.77,71.90,31.20,31.00,30.10,1,0,,,,
2026-03-23T08:22:33+01:00,1658,30.77,71.57,31.20,31.00,30.10,1,0,,,,
2026-03-23T08:24:33+01:00,1659,30.70,71.67,31.10,31.00,30.00,0,0,,,,
2026-03-23T08:26:34+01:00,1660,30.67,71.27,31.00,31.00,30.00,1,0,,,,
2026-03-23T08:28:35+01:00,1661,30.63,72.40,31.00,30.90,30.00,1,0,,,,
2026-03-23T08:30:35+01:00,1662,30.73,72.33,31.10,31.00,30.10,1,0,,,,
2026-03-23T08:32:35+01:00,1663,30.77,71.67,31.20,31.00,30.10,0,0,,,,
2026-03-23T08:34:36+01:00,1664,30.73,70.90,31.20,31.00,30.00,1,0,,,,
2026-03-23T08:36:36+01:00,1665,30.80,71.63,31.30,31.00,30.10,1,0,,,,
2026-03-23T08:38:39+01:00,1666,30.87,71.33,31.30,31.10,30.20,1,0,,,,
2026-03-23T08:40:37+01:00,1667,30.87,71.27,31.30,31.10,30.20,0,0,,,,
2026-03-23T08:42:38+01:00,1668,30.83,70.60,31.30,31.10,30.10,1,0,,,,
2026-03-23T08:44:38+01:00,1669,30.90,70.97,31.40,31.10,30.20,1,0,,,,
2026-03-23T08:46:38+01:00,1670,30.97,70.63,31.40,31.20,30.30,1,0,,,,
2026-03-23T08:48:39+01:00,1671,31.03,70.03,31.50,31.20,30.40,0,0,,,,
2026-03-23T08:50:39+01:00,1672,30.93,69.57,31.40,31.20,30.20,1,0,,,,
2026-03-23T08:52:43+01:00,1673,30.83,69.43,31.30,31.10,30.10,1,0,,,,
2026-03-23T08:54:39+01:00,1674,30.80,69.63,31.30,31.00,30.10,1,0,,,,
2026-03-23T08:56:40+01:00,1675,30.77,69.63,31.20,31.00,30.10,0,0,,,,
2026-03-23T08:58:40+01:00,1676,30.73,69.40,31.20,31.00,30.00,1,0,,,,
2026-03-23T09:00:40+01:00,1677,30.73,69.60,31.20,31.00,30.00,1,0,,,,
2026-03-23T09:02:41+01:00,1678,30.77,69.63,31.20,31.00,30.10,1,0,,,,
2026-03-23T09:04:42+01:00,1679,30.77,69.00,31.20,31.00,30.10,0,0,,,,
2026-03-23T09:06:42+01:00,1680,30.73,69.10,31.20,31.00,30.00,1,0,,,,
2026-03-23T09:08:43+01:00,1681,30.77,69.10,31.20,31.00,30.10,1,0,,,,
2026-03-23T09:10:43+01:00,1682,30.80,68.70,31.30,31.00,30.10,1,0,,,,
2026-03-23T09:12:44+01:00,1683,30.83,68.60,31.30,31.00,30.20,0,0,,,,
2026-03-23T09:14:45+01:00,1684,30.80,68.50,31.30,31.00,30.10,1,0,,,,
2026-03-23T09:16:45+01:00,1685,30.80,68.50,31.30,31.00,30.10,1,0,,,,
2026-03-23T09:18:45+01:00,1686,30.80,68.33,31.30,31.00,30.10,1,0,,,,
2026-03-23T09:20:46+01:00,1687,30.83,68.37,31.30,31.00,30.20,0,0,,,,
2026-03-23T09:22:46+01:00,1688,30.80,68.30,31.30,31.00,30.10,1,0,,,,
2026-03-23T09:24:47+01:00,1689,30.80,68.47,31.30,31.00,30.10,1,0,,,,
2026-03-23T09:26:47+01:00,1690,30.87,68.40,31.30,31.10,30.20,1,0,,,,
2026-03-23T09:28:48+01:00,1691,30.90,68.27,31.40,31.10,30.20,0,0,,,,
2026-03-23T09:30:49+01:00,1692,30.83,67.90,31.30,31.10,30.10,1,0,,,,
2026-03-23T09:32:48+01:00,1693,30.87,68.27,31.30,31.10,30.20,1,0,,,,
2026-03-23T09:34:49+01:00,1694,30.97,67.87,31.40,31.20,30.30,1,0,,,,
2026-03-23T09:36:49+01:00,1695,31.00,67.70,31.50,31.20,30.30,0,0,,,,
2026-03-23T09:38:50+01:00,1696,31.00,67.73,31.50,31.20,30.30,1,0,,,,
2026-03-23T09:40:50+01:00,1697,31.03,67.87,31.50,31.20,30.40,1,0,,,,
2026-03-23T09:42:51+01:00,1698,31.13,67.67,31.60,31.30,30.50,1,0,,,,
2026-03-23T09:44:51+01:00,1699,31.23,67.60,31.70,31.40,30.60,0,0,,,,
2026-03-23T09:46:51+01:00,1700,31.13,67.57,31.70,31.30,30.40,1,0,,,,
2026-03-23T09:48:52+01:00,1701,31.20,67.40,31.70,31.40,30.50,1,0,,,,
2026-03-23T09:50:53+01:00,1702,31.27,67.47,31.80,31.40,30.60,1,0,,,,
2026-03-23T09:52:53+01:00,1703,31.27,67.57,31.80,31.40,30.60,0,0,,,,
2026-03-23T09:54:54+01:00,1704,31.17,67.57,31.70,31.40,30.40,1,0,,,,
2026-03-23T09:56:54+01:00,1705,31.20,67.37,31.70,31.40,30.50,1,0,,,,
2026-03-23T09:58:55+01:00,1706,31.20,66.80,31.70,31.40,30.50,1,0,,,,
2026-03-23T10:00:55+01:00,1707,31.23,66.73,31.70,31.40,30.60,0,0,,,,
2026-03-23T10:02:55+01:00,1708,31.17,66.90,31.70,31.40,30.40,1,0,,,,
2026-03-23T10:04:56+01:00,1709,31.20,66.70,31.70,31.40,30.50,1,0,,,,
2026-03-23T10:06:56+01:00,1710,31.30,66.57,31.80,31.50,30.60,1,0,,,,
2026-03-23T10:08:57+01:00,1711,31.30,66.43,31.80,31.50,30.60,0,0,,,,
2026-03-23T10:10:57+01:00,1712,31.27,66.57,31.80,31.50,30.50,1,0,,,,
2026-03-23T10:12:58+01:00,1713,31.30,66.20,31.80,31.50,30.60,1,0,,,,
2026-03-23T10:14:58+01:00,1714,31.30,65.53,31.80,31.50,30.60,1,0,,,,
2026-03-23T10:16:59+01:00,1715,31.37,65.67,31.90,31.50,30.70,0,0,,,,
2026-03-23T10:18:59+01:00,1716,31.30,66.27,31.90,31.50,30.50,1,0,,,,
2026-03-23T10:21:00+01:00,1717,31.37,66.20,31.90,31.50,30.70,1,0,,,,
2026-03-23T10:23:00+01:00,1718,31.37,65.70,31.90,31.50,30.70,1,0,,,,
2026-03-23T10:25:01+01:00,1719,31.37,64.83,31.90,31.50,30.70,0,0,,,,
2026-03-23T10:27:02+01:00,1720,31.33,65.60,31.90,31.50,30.60,1,0,,,,
2026-03-23T10:29:02+01:00,1721,31.30,65.23,31.80,31.50,30.60,1,0,,,,
2026-03-23T10:31:03+01:00,1722,31.37,65.40,31.90,31.50,30.70,1,0,,,,
2026-03-23T10:33:03+01:00,1723,31.37,65.47,31.90,31.50,30.70,0,0,,,,
2026-03-23T10:35:04+01:00,1724,31.33,65.70,31.90,31.50,30.60,1,0,,,,
2026-03-23T10:37:07+01:00,1725,31.37,65.53,31.90,31.50,30.70,1,0,,,,
2026-03-23T10:39:05+01:00,1726,31.43,65.53,32.00,31.60,30.70,1,0,,,,
2026-03-23T10:41:05+01:00,1727,31.43,65.40,32.00,31.60,30.70,0,0,,,,
2026-03-23T10:43:06+01:00,1728,31.37,65.63,32.00,31.60,30.50,1,0,,,,
2026-03-23T10:45:06+01:00,1729,31.43,65.27,32.00,31.60,30.70,1,0,,,,
2026-03-23T10:47:07+01:00,1730,31.43,65.27,32.00,31.60,30.70,1,0,,,,
2026-03-23T10:49:07+01:00,1731,31.47,65.33,32.00,31.60,30.80,0,0,,,,
2026-03-23T10:51:08+01:00,1732,31.43,65.53,32.00,31.60,30.70,1,0,,,,
2026-03-23T10:53:08+01:00,1733,31.47,65.17,32.00,31.60,30.80,1,0,,,,
2026-03-23T10:55:08+01:00,1734,31.50,65.23,32.00,31.70,30.80,1,0,,,,
2026-03-23T10:57:09+01:00,1735,31.47,64.77,32.00,31.70,30.70,0,0,,,,
2026-03-23T10:59:09+01:00,1736,31.40,65.43,32.00,31.60,30.60,1,0,,,,
2026-03-23T11:01:10+01:00,1737,31.50,64.73,32.00,31.70,30.80,1,0,,,,
2026-03-23T11:03:11+01:00,1738,31.50,65.07,32.00,31.70,30.80,1,0,,,,
2026-03-23T11:05:11+01:00,1739,31.50,64.43,32.00,31.70,30.80,0,0,,,,
2026-03-23T11:07:12+01:00,1740,31.47,64.77,32.00,31.70,30.70,1,0,,,,
2026-03-23T11:09:12+01:00,1741,31.50,64.17,32.00,31.70,30.80,1,0,,,,
2026-03-23T11:11:13+01:00,1742,31.50,64.20,32.00,31.70,30.80,1,0,,,,
2026-03-23T11:13:14+01:00,1743,31.50,63.97,32.00,31.70,30.80,0,0,,,,
2026-03-23T11:15:14+01:00,1744,31.47,64.43,32.00,31.70,30.70,1,0,,,,
2026-03-23T11:17:15+01:00,1745,31.50,63.60,32.00,31.70,30.80,1,0,,,,
2026-03-23T11:19:15+01:00,1746,31.50,63.50,32.00,31.70,30.80,1,0,,,,
2026-03-23T11:21:16+01:00,1747,31.50,63.47,32.00,31.70,30.80,0,0,,,,
2026-03-23T11:23:16+01:00,1748,31.50,64.27,32.00,31.70,30.80,1,0,,,,
2026-03-23T11:25:17+01:00,1749,31.50,63.47,32.00,31.70,30.80,1,0,,,,
2026-03-23T11:27:17+01:00,1750,31.50,63.33,32.00,31.70,30.80,1,0,,,,
2026-03-23T11:29:17+01:00,1751,31.60,63.30,32.10,31.80,30.90,0,0,,,,
2026-03-23T11:31:18+01:00,1752,31.53,63.73,32.10,31.70,30.80,1,0,,,,
2026-03-23T11:33:26+01:00,1753,31.53,63.47,32.10,31.70,30.80,1,0,,,,
2026-03-23T11:36:55+01:00,1754,31.50,63.73,32.00,31.70,30.80,1,0,,,,
2026-03-23T11:38:55+01:00,1755,31.57,63.43,32.10,31.70,30.90,1,0,,,,
2026-03-23T11:40:56+01:00,1756,31.60,63.47,32.10,31.80,30.90,1,0,,,,
2026-03-23T11:42:56+01:00,1757,31.63,63.30,32.10,31.90,30.90,0,0,,,,
2026-03-23T11:44:57+01:00,1758,31.60,63.63,32.10,31.80,30.90,1,0,,,,
2026-03-23T11:46:58+01:00,1759,31.60,63.43,32.10,31.80,30.90,1,0,,,,
2026-03-23T11:48:58+01:00,1760,31.70,63.33,32.20,31.90,31.00,1,0,,,,
2026-03-23T11:50:59+01:00,1761,31.70,63.10,32.20,31.90,31.00,0,0,,,,
2026-03-23T11:52:59+01:00,1762,31.63,63.53,32.20,31.80,30.90,1,0,,,,
2026-03-23T11:55:00+01:00,1763,31.70,63.20,32.20,31.90,31.00,1,0,,,,
2026-03-23T11:57:01+01:00,1764,31.70,63.10,32.20,31.90,31.00,1,0,,,,
2026-03-23T11:59:00+01:00,1765,31.70,63.03,32.20,31.90,31.00,0,0,,,,
2026-03-23T12:01:01+01:00,1766,31.67,63.43,32.20,31.90,30.90,1,0,,,,
2026-03-23T12:03:01+01:00,1767,31.70,63.13,32.20,31.90,31.00,1,0,,,,
2026-03-23T12:05:02+01:00,1768,31.70,62.90,32.20,31.90,31.00,1,0,,,,
2026-03-23T12:07:02+01:00,1769,31.70,62.50,32.20,31.90,31.00,0,0,,,,
2026-03-23T12:09:02+01:00,1770,31.63,63.30,32.20,31.80,30.90,1,0,,,,
2026-03-23T12:11:02+01:00,1771,31.67,62.57,32.10,31.90,31.00,1,0,,,,
2026-03-23T12:13:02+01:00,1772,31.70,62.83,32.20,31.90,31.00,1,0,,,,
2026-03-23T12:15:04+01:00,1773,31.70,62.50,32.20,31.90,31.00,0,0,,,,
2026-03-23T12:17:04+01:00,1774,31.60,63.23,32.10,31.80,30.90,1,0,,,,
2026-03-23T12:19:04+01:00,1775,31.67,62.90,32.20,31.90,30.90,1,0,,,,
2026-03-23T12:21:05+01:00,1776,31.70,62.90,32.20,31.90,31.00,1,0,,,,
2026-03-23T12:23:05+01:00,1777,31.70,62.97,32.20,31.90,31.00,0,0,,,,
2026-03-23T12:25:06+01:00,1778,31.67,63.33,32.20,31.90,30.90,1,0,,,,
2026-03-23T12:27:06+01:00,1779,31.70,63.03,32.20,31.90,31.00,1,0,,,,
2026-03-23T12:29:06+01:00,1780,31.70,62.97,32.20,31.90,31.00,1,0,,,,
2026-03-23T12:31:07+01:00,1781,31.73,62.43,32.20,32.00,31.00,0,0,,,,
2026-03-23T12:33:09+01:00,1782,31.67,63.13,32.20,31.90,30.90,1,0,,,,
2026-03-23T12:35:08+01:00,1783,31.70,61.93,32.20,31.90,31.00,1,0,,,,
2026-03-23T12:37:08+01:00,1784,31.77,61.60,32.30,32.00,31.00,1,0,,,,
2026-03-23T12:39:09+01:00,1785,31.80,61.70,32.30,32.00,31.10,0,0,,,,
2026-03-23T12:41:09+01:00,1786,31.77,62.27,32.30,32.00,31.00,1,0,,,,
2026-03-23T12:43:10+01:00,1787,31.83,62.07,32.40,32.00,31.10,1,0,,,,
2026-03-23T12:45:10+01:00,1788,31.83,62.07,32.40,32.00,31.10,1,0,,,,
2026-03-23T12:47:10+01:00,1789,31.93,61.73,32.50,32.10,31.20,0,0,,,,
2026-03-23T12:49:11+01:00,1790,31.87,62.23,32.50,32.00,31.10,1,0,,,,
2026-03-23T12:51:11+01:00,1791,31.90,61.17,32.50,32.00,31.20,1,0,,,,
2026-03-23T12:53:12+01:00,1792,31.93,61.53,32.50,32.10,31.20,1,0,,,,
2026-03-23T12:55:13+01:00,1793,31.97,61.03,32.60,32.10,31.20,0,0,,,,
2026-03-23T12:57:13+01:00,1794,31.87,62.00,32.50,32.00,31.10,1,0,,,,
2026-03-23T12:59:13+01:00,1795,31.93,60.30,32.50,32.10,31.20,1,0,,,,
2026-03-23T13:01:14+01:00,1796,31.97,60.53,32.60,32.10,31.20,1,0,,,,
2026-03-23T13:03:14+01:00,1797,32.00,60.40,32.60,32.10,31.30,0,0,,,,
2026-03-23T13:05:14+01:00,1798,31.87,61.17,32.50,32.00,31.10,1,0,,,,
2026-03-23T13:07:14+01:00,1799,31.93,60.37,32.50,32.10,31.20,1,0,,,,
2026-03-23T13:09:14+01:00,1800,32.00,60.40,32.60,32.10,31.30,1,0,,,,
2026-03-23T13:11:15+01:00,1801,32.03,60.40,32.60,32.20,31.30,0,0,,,,
2026-03-23T13:13:15+01:00,1802,31.93,61.07,32.60,32.10,31.10,1,0,,,,
2026-03-23T13:15:16+01:00,1803,31.97,60.67,32.60,32.10,31.20,1,0,,,,
2026-03-23T13:17:16+01:00,1804,32.00,60.63,32.60,32.10,31.30,1,0,,,,
2026-03-23T13:19:16+01:00,1805,32.03,59.50,32.60,32.20,31.30,0,0,,,,
2026-03-23T13:21:17+01:00,1806,31.93,60.63,32.60,32.10,31.10,1,0,,,,
2026-03-23T13:23:17+01:00,1807,32.10,59.50,32.70,32.20,31.40,1,0,,,,
2026-03-23T13:25:17+01:00,1808,32.10,58.77,32.70,32.20,31.40,1,0,,,,
2026-03-23T13:27:56+01:00,1809,32.20,59.13,32.80,32.30,31.50,0,0,,,,
2026-03-23T13:31:27+01:00,1810,32.20,58.53,32.80,32.30,31.50,1,0,,,,
2026-03-23T13:35:56+01:00,1811,32.33,57.87,33.00,32.40,31.60,0,0,,,,
2026-03-23T13:38:01+01:00,1812,32.27,59.10,33.00,32.30,31.50,1,0,,,,
2026-03-23T13:49:36+01:00,1813,32.27,57.10,32.90,32.40,31.50,1,0,,,,
2026-03-23T13:51:56+01:00,1814,32.33,56.53,33.00,32.40,31.60,0,0,,,,
2026-03-23T14:01:56+01:00,1815,32.33,58.50,33.00,32.40,31.60,1,0,,,,
2026-03-23T14:11:48+01:00,1816,32.33,60.70,32.90,32.50,31.60,1,0,,,,
2026-03-23T14:13:49+01:00,1817,32.37,58.63,33.00,32.50,31.60,1,0,,,,
2026-03-23T14:15:49+01:00,1818,32.40,58.57,33.00,32.60,31.60,0,0,,,,
2026-03-23T14:17:56+01:00,1819,32.33,59.43,33.00,32.50,31.50,1,0,,,,
2026-03-23T14:19:49+01:00,1820,32.37,58.60,33.00,32.50,31.60,1,0,,,,
2026-03-23T14:21:49+01:00,1821,32.47,57.77,33.10,32.60,31.70,1,0,,,,
2026-03-23T14:23:55+01:00,1822,32.53,57.00,33.10,32.70,31.80,0,0,,,,
2026-03-23T14:25:55+01:00,1823,32.43,58.03,33.10,32.60,31.60,1,0,,,,
2026-03-23T14:29:50+01:00,1824,32.50,56.53,33.10,32.60,31.80,1,0,,,,
2026-03-23T14:31:51+01:00,1825,32.57,54.03,33.20,32.70,31.80,0,0,,,,
2026-03-23T14:33:56+01:00,1826,32.50,56.17,33.20,32.60,31.70,1,0,,,,
2026-03-23T14:36:18+01:00,1827,32.57,54.40,33.20,32.70,31.80,1,0,,,,
2026-03-23T14:37:56+01:00,1828,32.67,54.37,33.30,32.80,31.90,1,0,,,,
2026-03-23T14:39:56+01:00,1829,32.77,53.00,33.40,32.90,32.00,0,0,,,,
2026-03-23T14:41:52+01:00,1830,32.77,54.90,33.50,32.80,32.00,1,0,,,,
2026-03-23T14:43:56+01:00,1831,32.80,53.40,33.50,32.90,32.00,1,0,,,,
2026-03-23T14:45:52+01:00,1832,32.77,53.73,33.40,32.90,32.00,1,0,,,,
2026-03-23T14:47:53+01:00,1833,32.77,53.83,33.40,32.90,32.00,0,0,,,,
2026-03-23T14:49:53+01:00,1834,32.63,55.70,33.30,32.70,31.90,1,0,,,,
2026-03-23T14:51:53+01:00,1835,32.67,55.13,33.30,32.80,31.90,1,0,,,,
2026-03-23T14:55:56+01:00,1836,32.83,53.57,33.50,32.90,32.10,0,0,,,,
2026-03-23T14:57:55+01:00,1837,32.80,55.13,33.50,32.90,32.00,1,0,,,,
2026-03-23T15:16:01+01:00,1838,32.20,59.30,32.90,32.20,31.50,1,0,,,,
2026-03-23T15:18:02+01:00,1839,32.50,55.07,33.10,32.60,31.80,1,0,,,,
2026-03-23T15:22:02+01:00,1840,32.70,54.40,33.30,32.80,32.00,0,0,,,,
2026-03-23T15:24:03+01:00,1841,32.63,55.83,33.30,32.70,31.90,1,0,,,,
2026-03-23T15:26:03+01:00,1842,32.67,54.70,33.30,32.80,31.90,1,0,,,,
2026-03-23T15:28:03+01:00,1843,32.70,54.67,33.30,32.80,32.00,1,0,,,,
2026-03-23T15:30:04+01:00,1844,32.77,54.37,33.40,32.90,32.00,0,0,,,,
2026-03-23T15:32:04+01:00,1845,32.73,55.70,33.40,32.80,32.00,1,0,,,,
2026-03-23T15:34:04+01:00,1846,32.83,53.77,33.50,32.90,32.10,1,0,,,,
2026-03-23T15:36:05+01:00,1847,32.93,52.73,33.60,33.00,32.20,1,0,,,,
2026-03-23T15:38:08+01:00,1848,32.97,52.77,33.60,33.10,32.20,0,0,,,,
2026-03-23T15:40:06+01:00,1849,32.90,54.70,33.60,33.00,32.10,1,0,,,,
2026-03-23T15:42:06+01:00,1850,32.93,52.93,33.60,33.00,32.20,1,0,,,,
2026-03-23T15:44:07+01:00,1851,33.03,52.30,33.70,33.10,32.30,1,0,,,,
2026-03-23T15:46:07+01:00,1852,33.13,51.43,33.80,33.20,32.40,0,0,,,,
2026-03-23T15:48:08+01:00,1853,33.03,53.23,33.80,33.10,32.20,1,0,,,,
2026-03-23T15:50:08+01:00,1854,33.10,51.50,33.80,33.20,32.30,1,0,,,,
2026-03-23T15:52:09+01:00,1855,33.17,51.20,33.80,33.30,32.40,1,0,,,,
2026-03-23T15:54:09+01:00,1856,33.20,51.17,33.90,33.30,32.40,0,0,,,,
2026-03-23T15:56:09+01:00,1857,33.10,53.00,33.80,33.20,32.30,1,0,,,,
2026-03-23T15:58:11+01:00,1858,33.07,52.13,33.70,33.20,32.30,1,0,,,,
2026-03-23T16:00:10+01:00,1859,33.07,52.23,33.70,33.20,32.30,1,0,,,,
2026-03-23T16:02:10+01:00,1860,33.03,51.53,33.70,33.20,32.20,0,0,,,,
2026-03-23T16:04:11+01:00,1861,32.87,53.57,33.60,33.00,32.00,1,0,,,,
2026-03-23T16:06:11+01:00,1862,33.03,50.97,33.70,33.10,32.30,1,0,,,,
2026-03-23T16:08:12+01:00,1863,33.20,49.93,33.90,33.30,32.40,1,0,,,,
2026-03-23T16:10:12+01:00,1864,33.30,49.97,34.00,33.40,32.50,0,0,,,,
2026-03-23T16:12:13+01:00,1865,33.17,51.97,33.90,33.20,32.40,1,0,,,,
2026-03-23T16:14:13+01:00,1866,33.20,50.23,33.90,33.30,32.40,1,0,,,,
2026-03-23T16:16:14+01:00,1867,33.20,50.30,33.90,33.30,32.40,1,0,,,,
2026-03-23T16:18:14+01:00,1868,33.13,50.97,33.80,33.30,32.30,0,0,,,,
2026-03-23T16:20:14+01:00,1869,33.07,52.67,33.80,33.20,32.20,1,0,,,,
2026-03-23T16:22:15+01:00,1870,33.10,51.30,33.80,33.20,32.30,1,0,,,,
2026-03-23T16:24:15+01:00,1871,33.07,51.43,33.70,33.20,32.30,1,0,,,,
2026-03-23T16:26:16+01:00,1872,33.07,51.90,33.70,33.20,32.30,0,0,,,,
2026-03-23T16:28:16+01:00,1873,32.97,53.03,33.70,33.10,32.10,1,0,,,,
2026-03-23T16:30:18+01:00,1874,32.97,52.00,33.60,33.10,32.20,1,0,,,,
2026-03-23T16:32:17+01:00,1875,32.97,52.00,33.60,33.10,32.20,1,0,,,,
2026-03-23T16:34:18+01:00,1876,33.03,51.97,33.70,33.20,32.20,0,0,,,,
2026-03-23T16:36:18+01:00,1877,32.93,53.00,33.60,33.10,32.10,1,0,,,,
2026-03-23T16:38:18+01:00,1878,33.03,52.27,33.70,33.10,32.30,1,0,,,,
2026-03-23T16:40:19+01:00,1879,33.07,52.13,33.70,33.20,32.30,1,0,,,,
2026-03-23T16:42:19+01:00,1880,33.07,52.17,33.70,33.20,32.30,0,0,,,,
2026-03-23T16:44:20+01:00,1881,32.97,53.50,33.70,33.10,32.10,1,0,,,,
2026-03-23T16:46:20+01:00,1882,33.07,52.37,33.70,33.20,32.30,1,0,,,,
2026-03-23T16:48:20+01:00,1883,33.03,52.33,33.70,33.20,32.20,1,0,,,,
2026-03-23T16:50:21+01:00,1884,33.07,52.37,33.70,33.20,32.30,0,0,,,,
2026-03-23T16:52:21+01:00,1885,32.93,53.63,33.60,33.10,32.10,1,0,,,,
2026-03-23T16:54:22+01:00,1886,33.00,52.60,33.60,33.20,32.20,1,0,,,,
2026-03-23T16:56:23+01:00,1887,33.07,52.50,33.70,33.20,32.30,1,0,,,,
2026-03-23T16:58:24+01:00,1888,33.03,52.50,33.70,33.20,32.20,0,0,,,,
2026-03-23T17:00:23+01:00,1889,32.93,53.70,33.60,33.10,32.10,1,0,,,,
2026-03-23T17:02:23+01:00,1890,33.03,53.20,33.70,33.20,32.20,1,0,,,,
2026-03-23T17:04:24+01:00,1891,33.07,52.67,33.70,33.20,32.30,1,0,,,,
2026-03-23T17:06:24+01:00,1892,33.10,52.27,33.70,33.30,32.30,0,0,,,,
2026-03-23T17:08:25+01:00,1893,33.00,53.67,33.70,33.20,32.10,1,0,,,,
2026-03-23T17:10:25+01:00,1894,33.03,52.47,33.70,33.20,32.20,1,0,,,,
2026-03-23T17:12:28+01:00,1895,33.10,52.37,33.70,33.30,32.30,1,0,,,,
2026-03-23T17:14:27+01:00,1896,33.13,52.03,33.80,33.30,32.30,0,0,,,,
2026-03-23T17:16:27+01:00,1897,33.03,53.13,33.70,33.20,32.20,1,0,,,,
2026-03-23T17:18:27+01:00,1898,33.03,52.00,33.70,33.20,32.20,1,0,,,,
2026-03-23T17:20:27+01:00,1899,33.10,51.90,33.70,33.30,32.30,1,0,,,,
2026-03-23T17:22:28+01:00,1900,33.13,51.37,33.80,33.30,32.30,0,0,,,,
2026-03-23T17:24:28+01:00,1901,33.00,52.87,33.70,33.20,32.10,1,0,,,,
2026-03-23T17:26:28+01:00,1902,33.03,51.87,33.70,33.20,32.20,1,0,,,,
2026-03-23T17:28:28+01:00,1903,33.13,51.43,33.80,33.30,32.30,1,0,,,,
2026-03-23T17:30:29+01:00,1904,33.13,51.20,33.80,33.30,32.30,0,0,,,,
2026-03-23T17:32:29+01:00,1905,33.07,52.73,33.80,33.20,32.20,1,0,,,,
2026-03-23T17:34:29+01:00,1906,33.13,51.87,33.80,33.30,32.30,1,0,,,,
2026-03-23T17:36:30+01:00,1907,33.17,51.47,33.80,33.40,32.30,1,0,,,,
2026-03-23T17:38:30+01:00,1908,33.23,51.30,33.90,33.40,32.40,0,0,,,,
2026-03-23T17:40:30+01:00,1909,33.17,52.73,33.90,33.40,32.20,1,0,,,,
2026-03-23T17:42:30+01:00,1910,33.23,51.83,33.90,33.40,32.40,1,0,,,,
2026-03-23T17:44:31+01:00,1911,33.27,51.80,33.90,33.50,32.40,1,0,,,,
2026-03-23T17:46:31+01:00,1912,33.30,51.47,34.00,33.50,32.40,0,0,,,,
2026-03-23T17:48:31+01:00,1913,33.20,52.73,33.90,33.40,32.30,1,0,,,,
2026-03-23T17:50:32+01:00,1914,33.27,51.83,33.90,33.50,32.40,1,0,,,,
2026-03-23T17:52:32+01:00,1915,33.30,51.80,34.00,33.50,32.40,1,0,,,,
2026-03-23T17:54:33+01:00,1916,33.30,51.43,34.00,33.50,32.40,0,0,,,,
2026-03-23T17:56:33+01:00,1917,33.20,52.77,33.90,33.40,32.30,1,0,,,,
2026-03-23T17:58:33+01:00,1918,33.23,51.90,33.90,33.40,32.40,1,0,,,,
2026-03-23T18:00:33+01:00,1919,33.27,51.93,33.90,33.50,32.40,1,0,,,,
2026-03-23T18:02:34+01:00,1920,33.30,52.03,34.00,33.50,32.40,0,0,,,,
2026-03-23T18:04:34+01:00,1921,33.20,53.23,33.90,33.40,32.30,1,0,,,,
2026-03-23T18:06:34+01:00,1922,33.23,52.43,33.90,33.50,32.30,1,0,,,,
2026-03-23T18:08:35+01:00,1923,33.27,52.40,33.90,33.50,32.40,1,0,,,,
2026-03-23T18:10:35+01:00,1924,33.30,52.43,34.00,33.50,32.40,0,0,,,,
2026-03-23T18:12:36+01:00,1925,33.20,53.50,33.90,33.40,32.30,1,0,,,,
2026-03-23T18:14:36+01:00,1926,33.23,53.20,33.90,33.50,32.30,1,0,,,,
2026-03-23T18:16:36+01:00,1927,33.23,53.97,33.90,33.50,32.30,1,0,,,,
2026-03-23T18:18:37+01:00,1928,33.20,54.27,33.80,33.50,32.30,0,0,,,,
2026-03-23T18:20:37+01:00,1929,33.13,55.00,33.80,33.40,32.20,1,0,,,,
2026-03-23T18:22:37+01:00,1930,33.13,55.07,33.70,33.40,32.30,1,0,,,,
2026-03-23T18:24:38+01:00,1931,33.13,55.17,33.70,33.40,32.30,1,0,,,,
2026-03-23T18:26:38+01:00,1932,33.10,55.23,33.70,33.40,32.20,0,0,,,,
2026-03-23T18:28:39+01:00,1933,32.97,55.87,33.60,33.30,32.00,1,0,,,,
2026-03-23T18:30:39+01:00,1934,32.97,56.03,33.60,33.20,32.10,1,0,,,,
2026-03-23T18:32:39+01:00,1935,32.97,56.23,33.60,33.20,32.10,1,0,,,,
2026-03-23T18:34:40+01:00,1936,32.93,56.40,33.50,33.20,32.10,0,0,,,,
2026-03-23T18:36:40+01:00,1937,32.90,56.50,33.50,33.20,32.00,1,0,,,,
2026-03-23T18:38:41+01:00,1938,32.83,57.13,33.40,33.10,32.00,1,0,,,,
2026-03-23T18:40:40+01:00,1939,32.83,57.23,33.40,33.10,32.00,1,0,,,,
2026-03-23T18:42:41+01:00,1940,32.83,57.37,33.40,33.10,32.00,0,0,,,,
2026-03-23T18:44:41+01:00,1941,32.73,57.70,33.30,33.00,31.90,1,0,,,,
2026-03-23T18:46:41+01:00,1942,32.73,58.03,33.30,33.00,31.90,1,0,,,,
2026-03-23T18:48:41+01:00,1943,32.77,58.13,33.30,33.00,32.00,1,0,,,,
2026-03-23T18:50:42+01:00,1944,32.83,58.20,33.40,33.10,32.00,0,0,,,,
2026-03-23T18:52:42+01:00,1945,32.73,58.10,33.30,33.00,31.90,1,0,,,,
2026-03-23T18:54:43+01:00,1946,32.73,58.37,33.30,33.00,31.90,1,0,,,,
2026-03-23T18:56:43+01:00,1947,32.73,58.37,33.30,33.00,31.90,1,0,,,,
2026-03-23T18:58:44+01:00,1948,32.73,58.27,33.30,33.00,31.90,0,0,,,,
2026-03-23T19:00:44+01:00,1949,32.60,58.30,33.20,32.90,31.70,1,0,,,,
2026-03-23T19:02:44+01:00,1950,32.57,58.50,33.10,32.90,31.70,1,0,,,,
2026-03-23T19:04:45+01:00,1951,32.50,58.83,33.00,32.80,31.70,1,0,,,,
2026-03-23T19:06:45+01:00,1952,32.40,59.00,32.90,32.70,31.60,0,0,,,,
2026-03-23T19:08:46+01:00,1953,32.23,58.97,32.80,32.60,31.30,1,0,,,,
2026-03-23T19:10:46+01:00,1954,32.20,59.27,32.70,32.50,31.40,1,0,,,,
2026-03-23T19:12:47+01:00,1955,32.20,58.47,32.70,32.50,31.40,1,0,,,,
2026-03-23T19:14:49+01:00,1956,32.20,58.47,32.70,32.50,31.40,0,0,,,,
2026-03-23T19:16:48+01:00,1957,32.13,58.47,32.70,32.40,31.30,1,0,,,,
2026-03-23T19:18:49+01:00,1958,32.27,58.57,32.80,32.50,31.50,1,0,,,,
2026-03-23T19:20:49+01:00,1959,32.37,58.43,32.90,32.60,31.60,1,0,,,,
2026-03-23T19:22:49+01:00,1960,32.37,58.33,32.90,32.60,31.60,0,0,,,,
2026-03-23T19:24:50+01:00,1961,32.23,58.37,32.80,32.50,31.40,1,0,,,,
2026-03-23T19:26:50+01:00,1962,32.33,58.40,32.90,32.60,31.50,1,0,,,,
2026-03-23T19:28:52+01:00,1963,32.37,58.40,32.90,32.60,31.60,1,0,,,,
2026-03-23T19:30:51+01:00,1964,32.40,58.30,33.00,32.60,31.60,0,0,,,,
2026-03-23T19:32:51+01:00,1965,32.30,58.40,32.80,32.60,31.50,1,0,,,,
2026-03-23T19:34:52+01:00,1966,32.20,59.07,32.70,32.50,31.40,1,0,,,,
2026-03-23T19:36:52+01:00,1967,32.23,59.13,32.70,32.50,31.50,1,0,,,,
2026-03-23T19:38:53+01:00,1968,32.30,59.30,32.80,32.50,31.60,0,0,,,,
2026-03-23T19:40:53+01:00,1969,32.23,59.07,32.80,32.50,31.40,1,0,,,,
2026-03-23T19:42:54+01:00,1970,32.27,59.17,32.80,32.50,31.50,1,0,,,,
2026-03-23T19:44:55+01:00,1971,32.27,59.27,32.80,32.50,31.50,1,0,,,,
2026-03-23T19:46:56+01:00,1972,32.13,59.43,32.60,32.40,31.40,0,0,,,,
2026-03-23T19:48:56+01:00,1973,32.00,59.43,32.50,32.40,31.10,1,0,,,,
2026-03-23T19:50:57+01:00,1974,31.97,60.17,32.40,32.30,31.20,1,0,,,,
2026-03-23T19:52:57+01:00,1975,31.93,60.20,32.40,32.20,31.20,1,0,,,,
2026-03-23T19:54:58+01:00,1976,31.93,60.20,32.40,32.20,31.20,0,0,,,,
2026-03-23T19:56:59+01:00,1977,31.87,60.00,32.30,32.20,31.10,1,0,,,,
2026-03-23T19:59:04+01:00,1978,31.83,60.37,32.30,32.10,31.10,1,0,,,,
2026-03-23T20:01:00+01:00,1979,31.83,60.50,32.30,32.10,31.10,1,0,,,,
2026-03-23T20:03:00+01:00,1980,31.83,60.57,32.30,32.10,31.10,0,0,,,,
2026-03-23T20:05:01+01:00,1981,31.77,60.23,32.20,32.10,31.00,1,0,,,,
2026-03-23T20:07:01+01:00,1982,31.87,60.87,32.40,32.10,31.10,1,0,,,,
2026-03-23T20:09:01+01:00,1983,32.03,60.70,32.60,32.20,31.30,1,0,,,,
2026-03-23T20:11:03+01:00,1984,32.07,60.70,32.60,32.30,31.30,0,0,,,,
2026-03-23T20:13:02+01:00,1985,31.97,60.37,32.50,32.30,31.10,1,0,,,,
2026-03-23T20:15:03+01:00,1986,32.07,61.47,32.60,32.30,31.30,1,0,,,,
2026-03-23T20:17:04+01:00,1987,32.07,61.50,32.60,32.30,31.30,1,0,,,,
2026-03-23T20:19:04+01:00,1988,32.10,61.43,32.60,32.40,31.30,0,0,,,,
2026-03-23T20:21:04+01:00,1989,32.00,61.07,32.50,32.30,31.20,1,0,,,,
2026-03-23T20:23:05+01:00,1990,32.07,61.63,32.60,32.30,31.30,1,0,,,,
2026-03-23T20:25:06+01:00,1991,32.17,61.63,32.70,32.40,31.40,1,0,,,,
2026-03-23T20:27:05+01:00,1992,32.20,61.60,32.70,32.40,31.50,0,0,,,,
2026-03-23T20:29:07+01:00,1993,32.13,61.17,32.70,32.40,31.30,1,0,,,,
2026-03-23T20:31:08+01:00,1994,32.13,61.60,32.70,32.40,31.30,1,0,,,,
2026-03-23T20:33:07+01:00,1995,32.17,61.50,32.70,32.40,31.40,1,0,,,,
2026-03-23T20:35:07+01:00,1996,32.17,61.67,32.70,32.40,31.40,0,0,,,,
2026-03-23T20:37:08+01:00,1997,32.07,61.27,32.60,32.40,31.20,1,0,,,,
2026-03-23T20:39:09+01:00,1998,32.13,61.90,32.70,32.40,31.30,1,0,,,,
2026-03-23T20:41:09+01:00,1999,32.27,61.80,32.80,32.50,31.50,1,0,,,,
2026-03-23T20:43:10+01:00,2000,32.30,61.57,32.80,32.60,31.50,0,0,,,,
2026-03-23T20:45:09+01:00,2001,32.23,61.23,32.80,32.50,31.40,1,0,,,,
2026-03-23T20:47:10+01:00,2002,32.30,61.53,32.80,32.60,31.50,1,0,,,,
2026-03-23T20:49:10+01:00,2003,32.33,61.43,32.90,32.60,31.50,1,0,,,,
2026-03-23T20:51:11+01:00,2004,32.33,61.37,32.90,32.60,31.50,0,0,,,,
2026-03-23T20:53:11+01:00,2005,32.23,61.17,32.80,32.60,31.30,1,0,,,,
2026-03-23T20:55:11+01:00,2006,32.33,61.50,32.90,32.60,31.50,1,0,,,,
2026-03-23T20:57:11+01:00,2007,32.37,61.40,32.90,32.70,31.50,1,0,,,,
2026-03-23T20:59:11+01:00,2008,32.43,61.20,33.00,32.70,31.60,0,0,,,,
2026-03-23T21:01:13+01:00,2009,32.33,61.10,32.90,32.70,31.40,1,0,,,,
2026-03-23T21:03:12+01:00,2010,32.27,61.23,32.80,32.60,31.40,1,0,,,,
2026-03-23T21:05:13+01:00,2011,32.27,61.40,32.80,32.60,31.40,1,0,,,,
2026-03-23T21:07:14+01:00,2012,32.23,61.53,32.80,32.50,31.40,0,0,,,,
2026-03-23T21:09:15+01:00,2013,32.13,61.30,32.70,32.50,31.20,1,0,,,,
2026-03-23T21:11:15+01:00,2014,32.17,61.63,32.70,32.50,31.30,1,0,,,,
2026-03-23T21:13:14+01:00,2015,32.13,61.63,32.60,32.50,31.30,1,0,,,,
2026-03-23T21:15:15+01:00,2016,32.10,61.70,32.60,32.40,31.30,0,0,,,,
2026-03-23T21:17:16+01:00,2017,32.07,61.40,32.60,32.40,31.20,1,0,,,,
2026-03-23T21:19:16+01:00,2018,32.10,61.83,32.60,32.40,31.30,1,0,,,,
2026-03-23T21:21:18+01:00,2019,32.10,61.77,32.60,32.40,31.30,1,0,,,,
2026-03-23T21:23:18+01:00,2020,32.07,61.90,32.60,32.40,31.20,0,0,,,,
2026-03-23T21:25:20+01:00,2021,32.00,61.60,32.50,32.40,31.10,1,0,,,,
2026-03-23T21:27:21+01:00,2022,32.07,62.00,32.60,32.40,31.20,1,0,,,,
2026-03-23T21:29:19+01:00,2023,32.07,61.97,32.60,32.40,31.20,1,0,,,,
2026-03-23T21:31:20+01:00,2024,32.10,61.93,32.60,32.40,31.30,0,0,,,,
2026-03-23T21:33:20+01:00,2025,32.03,61.63,32.50,32.40,31.20,1,0,,,,
2026-03-23T21:35:20+01:00,2026,31.97,62.43,32.50,32.30,31.10,1,0,,,,
2026-03-23T21:39:21+01:00,2027,31.93,62.67,32.40,32.30,31.10,0,0,,,,
2026-03-23T21:41:23+01:00,2028,31.90,62.30,32.40,32.30,31.00,1,0,,,,
2026-03-23T21:43:23+01:00,2029,31.97,62.77,32.50,32.30,31.10,1,0,,,,
2026-03-23T21:45:23+01:00,2030,32.00,62.73,32.50,32.30,31.20,1,0,,,,
2026-03-23T21:47:23+01:00,2031,32.07,62.70,32.60,32.40,31.20,0,0,,,,
2026-03-23T21:49:24+01:00,2032,32.03,62.33,32.60,32.40,31.10,1,0,,,,
2026-03-23T21:51:24+01:00,2033,32.00,62.83,32.50,32.30,31.20,1,0,,,,
2026-03-23T21:53:26+01:00,2034,31.93,63.00,32.50,32.20,31.10,1,0,,,,
2026-03-23T21:55:26+01:00,2035,31.93,63.13,32.50,32.20,31.10,0,0,,,,
2026-03-23T21:57:26+01:00,2036,31.83,62.67,32.40,32.20,30.90,1,0,,,,
2026-03-23T21:59:26+01:00,2037,31.83,63.77,32.40,32.10,31.00,1,0,,,,
2026-03-23T22:01:27+01:00,2038,31.83,63.87,32.40,32.10,31.00,1,0,,,,
2026-03-23T22:03:27+01:00,2039,31.83,64.00,32.40,32.10,31.00,0,0,,,,
2026-03-23T22:05:28+01:00,2040,31.80,63.43,32.40,32.10,30.90,1,0,,,,
2026-03-23T22:07:28+01:00,2041,31.83,64.00,32.40,32.10,31.00,1,0,,,,
2026-03-23T22:09:29+01:00,2042,31.80,64.07,32.30,32.10,31.00,1,0,,,,
2026-03-23T22:11:29+01:00,2043,31.83,64.03,32.40,32.10,31.00,0,0,,,,
2026-03-23T22:13:29+01:00,2044,31.77,63.57,32.30,32.10,30.90,1,0,,,,
2026-03-23T22:15:30+01:00,2045,31.80,64.53,32.30,32.10,31.00,1,0,,,,
2026-03-23T22:17:30+01:00,2046,31.80,64.60,32.30,32.10,31.00,1,0,,,,
2026-03-23T22:19:31+01:00,2047,31.80,64.27,32.30,32.10,31.00,0,0,,,,
2026-03-23T22:21:31+01:00,2048,31.77,63.70,32.30,32.10,30.90,1,0,,,,
2026-03-23T22:23:32+01:00,2049,31.70,64.70,32.20,32.00,30.90,1,0,,,,
2026-03-23T22:25:32+01:00,2050,31.70,64.83,32.20,32.00,30.90,1,0,,,,
2026-03-23T22:27:33+01:00,2051,31.67,64.97,32.10,32.00,30.90,0,0,,,,
2026-03-23T22:29:33+01:00,2052,31.60,64.37,32.10,32.00,30.70,1,0,,,,
2026-03-23T22:31:34+01:00,2053,31.67,64.97,32.10,32.00,30.90,1,0,,,,
2026-03-23T22:33:34+01:00,2054,31.70,65.07,32.20,32.00,30.90,1,0,,,,
2026-03-23T22:35:35+01:00,2055,31.80,64.97,32.30,32.10,31.00,0,0,,,,
2026-03-23T22:37:35+01:00,2056,31.80,64.00,32.30,32.10,31.00,1,0,,,,
2026-03-23T22:39:35+01:00,2057,31.90,64.73,32.40,32.20,31.10,1,0,,,,
2026-03-23T22:41:37+01:00,2058,31.93,64.27,32.50,32.20,31.10,1,0,,,,
2026-03-23T22:43:36+01:00,2059,32.00,64.27,32.50,32.30,31.20,0,0,,,,
2026-03-23T22:45:36+01:00,2060,31.97,63.83,32.50,32.30,31.10,1,0,,,,
2026-03-23T22:47:37+01:00,2061,31.97,64.37,32.50,32.30,31.10,1,0,,,,
2026-03-23T22:49:37+01:00,2062,31.97,64.43,32.50,32.30,31.10,1,0,,,,
2026-03-23T22:51:38+01:00,2063,31.93,64.97,32.40,32.20,31.20,0,0,,,,
2026-03-23T22:53:38+01:00,2064,31.87,64.50,32.40,32.20,31.00,1,0,,,,
2026-03-23T22:55:39+01:00,2065,31.80,65.20,32.30,32.10,31.00,1,0,,,,
2026-03-23T22:57:39+01:00,2066,31.87,65.33,32.40,32.10,31.10,1,0,,,,
2026-03-23T22:59:40+01:00,2067,31.90,65.37,32.40,32.20,31.10,0,0,,,,
2026-03-23T23:01:41+01:00,2068,31.93,64.70,32.40,32.20,31.20,1,0,,,,
2026-03-23T23:03:41+01:00,2069,31.80,65.73,32.30,32.10,31.00,1,0,,,,
2026-03-23T23:05:42+01:00,2070,31.77,65.97,32.20,32.10,31.00,1,0,,,,
2026-03-23T23:07:42+01:00,2071,31.67,66.13,32.10,32.00,30.90,0,0,,,,
2026-03-23T23:09:43+01:00,2072,31.60,65.33,32.00,32.00,30.80,1,0,,,,
2026-03-23T23:11:43+01:00,2073,31.57,66.57,32.00,31.90,30.80,1,0,,,,
2026-03-23T23:13:43+01:00,2074,31.57,66.60,32.00,31.90,30.80,1,0,,,,
2026-03-23T23:15:44+01:00,2075,31.53,66.77,32.00,31.80,30.80,0,0,,,,
2026-03-23T23:17:44+01:00,2076,31.50,66.10,31.90,31.90,30.70,1,0,,,,
2026-03-23T23:19:45+01:00,2077,31.57,66.77,32.00,31.90,30.80,1,0,,,,
2026-03-23T23:21:45+01:00,2078,31.57,67.10,32.00,31.90,30.80,1,0,,,,
2026-03-23T23:23:45+01:00,2079,31.63,66.67,32.00,32.00,30.90,0,0,,,,
2026-03-23T23:25:45+01:00,2080,31.60,66.00,32.00,32.00,30.80,1,0,,,,
2026-03-23T23:27:46+01:00,2081,31.67,66.97,32.10,32.00,30.90,1,0,,,,
2026-03-23T23:29:46+01:00,2082,31.67,66.60,32.10,32.00,30.90,1,0,,,,
2026-03-23T23:31:46+01:00,2083,31.63,66.63,32.00,32.00,30.90,0,0,,,,
2026-03-23T23:33:46+01:00,2084,31.57,66.20,32.00,32.00,30.70,1,0,,,,
2026-03-23T23:35:47+01:00,2085,31.53,67.23,31.90,31.90,30.80,1,0,,,,
2026-03-23T23:37:47+01:00,2086,31.53,67.37,31.90,31.90,30.80,1,0,,,,
2026-03-23T23:39:48+01:00,2087,31.57,67.37,32.00,31.90,30.80,0,0,,,,
2026-03-23T23:41:48+01:00,2088,31.43,66.43,31.90,31.80,30.60,1,0,,,,
2026-03-23T23:43:49+01:00,2089,31.47,67.43,31.90,31.80,30.70,1,0,,,,
2026-03-23T23:45:49+01:00,2090,31.53,67.50,32.00,31.80,30.80,1,0,,,,
2026-03-23T23:47:50+01:00,2091,31.57,67.40,32.00,31.90,30.80,0,0,,,,
2026-03-23T23:49:50+01:00,2092,31.53,66.37,32.00,31.90,30.70,1,0,,,,
2026-03-23T23:51:50+01:00,2093,31.57,67.43,32.00,31.90,30.80,1,0,,,,
2026-03-23T23:53:50+01:00,2094,31.67,67.37,32.10,32.00,30.90,1,0,,,,
2026-03-23T23:55:51+01:00,2095,31.67,67.30,32.10,32.00,30.90,0,0,,,,
2026-03-23T23:57:51+01:00,2096,31.63,66.33,32.10,32.00,30.80,1,0,,,,
2026-03-23T23:59:51+01:00,2097,31.67,67.30,32.10,32.00,30.90,1,0,,,,
2026-03-24T00:01:52+01:00,2098,31.73,67.23,32.20,32.00,31.00,1,0,,,,
2026-03-24T00:03:52+01:00,2099,31.73,67.23,32.20,32.00,31.00,0,0,,,,
2026-03-24T00:05:53+01:00,2100,31.67,66.27,32.20,32.00,30.80,1,0,,,,
2026-03-24T00:07:53+01:00,2101,31.70,67.13,32.20,32.00,30.90,1,0,,,,
2026-03-24T00:09:54+01:00,2102,31.70,67.13,32.20,32.00,30.90,1,0,,,,
2026-03-24T00:11:54+01:00,2103,31.73,67.13,32.20,32.00,31.00,0,0,,,,
2026-03-24T00:13:54+01:00,2104,31.67,66.27,32.20,32.00,30.80,1,0,,,,
2026-03-24T00:15:55+01:00,2105,31.70,67.23,32.20,32.00,30.90,1,0,,,,
2026-03-24T00:17:55+01:00,2106,31.70,67.23,32.20,32.00,30.90,1,0,,,,
2026-03-24T00:19:55+01:00,2107,31.73,67.23,32.20,32.00,31.00,0,0,,,,
2026-03-24T00:21:55+01:00,2108,31.67,66.33,32.20,32.00,30.80,1,0,,,,
2026-03-24T00:23:56+01:00,2109,31.70,67.30,32.20,32.00,30.90,1,0,,,,
2026-03-24T00:25:56+01:00,2110,31.73,67.27,32.20,32.00,31.00,1,0,,,,
2026-03-24T00:27:57+01:00,2111,31.77,67.27,32.30,32.00,31.00,0,0,,,,
2026-03-24T00:29:57+01:00,2112,31.77,66.70,32.30,32.00,31.00,1,0,,,,
2026-03-24T00:31:57+01:00,2113,31.80,67.27,32.30,32.10,31.00,1,0,,,,
2026-03-24T00:33:58+01:00,2114,31.83,67.27,32.40,32.10,31.00,1,0,,,,
2026-03-24T00:35:58+01:00,2115,31.87,67.27,32.40,32.10,31.10,0,0,,,,
2026-03-24T00:37:59+01:00,2116,31.80,66.80,32.30,32.10,31.00,1,0,,,,
2026-03-24T00:39:59+01:00,2117,31.80,67.40,32.30,32.10,31.00,1,0,,,,
2026-03-24T00:41:59+01:00,2118,31.83,67.40,32.30,32.10,31.10,1,0,,,,
2026-03-24T00:44:00+01:00,2119,31.83,67.27,32.30,32.10,31.10,0,0,,,,
2026-03-24T00:46:00+01:00,2120,31.77,66.83,32.30,32.00,31.00,1,0,,,,
2026-03-24T00:48:00+01:00,2121,31.77,67.43,32.30,32.00,31.00,1,0,,,,
2026-03-24T00:50:01+01:00,2122,31.83,67.37,32.30,32.10,31.10,1,0,,,,
2026-03-24T00:52:01+01:00,2123,31.80,67.37,32.30,32.00,31.10,0,0,,,,
2026-03-24T00:54:01+01:00,2124,31.70,66.90,32.20,32.00,30.90,1,0,,,,
2026-03-24T00:56:02+01:00,2125,31.63,67.53,32.10,32.00,30.80,1,0,,,,
2026-03-24T00:58:02+01:00,2126,31.57,68.00,32.00,31.90,30.80,1,0,,,,
2026-03-24T01:00:04+01:00,2127,31.63,67.73,32.10,31.90,30.90,0,0,,,,
2026-03-24T01:02:03+01:00,2128,31.57,67.20,32.00,31.90,30.80,1,0,,,,
2026-03-24T01:04:04+01:00,2129,31.57,68.17,32.00,31.90,30.80,1,0,,,,
2026-03-24T01:06:04+01:00,2130,31.60,67.80,32.00,31.90,30.90,1,0,,,,
2026-03-24T01:08:04+01:00,2131,31.60,67.80,32.00,31.90,30.90,0,0,,,,
2026-03-24T01:10:04+01:00,2132,31.53,67.37,32.00,31.80,30.80,1,0,,,,
2026-03-24T01:12:05+01:00,2133,31.53,68.33,32.00,31.80,30.80,1,0,,,,
2026-03-24T01:14:05+01:00,2134,31.57,68.23,32.00,31.80,30.90,1,0,,,,
2026-03-24T01:16:05+01:00,2135,31.53,67.87,32.00,31.80,30.80,0,0,,,,
2026-03-24T01:18:07+01:00,2136,31.47,67.40,32.00,31.80,30.60,1,0,,,,
2026-03-24T01:20:06+01:00,2137,31.53,68.30,32.00,31.80,30.80,1,0,,,,
2026-03-24T01:22:07+01:00,2138,31.53,68.30,32.00,31.80,30.80,1,0,,,,
2026-03-24T01:24:07+01:00,2139,31.57,67.87,32.00,31.90,30.80,0,0,,,,
2026-03-24T01:26:07+01:00,2140,31.53,67.43,32.00,31.80,30.80,1,0,,,,
2026-03-24T01:28:09+01:00,2141,31.53,68.30,32.00,31.80,30.80,1,0,,,,
2026-03-24T01:30:09+01:00,2142,31.57,68.27,32.00,31.80,30.90,1,0,,,,
2026-03-24T01:32:09+01:00,2143,31.60,68.23,32.00,31.90,30.90,0,0,,,,
2026-03-24T01:34:10+01:00,2144,31.50,67.40,32.00,31.80,30.70,1,0,,,,
2026-03-24T01:36:10+01:00,2145,31.53,68.33,32.00,31.80,30.80,1,0,,,,
2026-03-24T01:38:10+01:00,2146,31.53,68.30,32.00,31.80,30.80,1,0,,,,
2026-03-24T01:40:11+01:00,2147,31.53,68.40,32.00,31.80,30.80,0,0,,,,
2026-03-24T01:42:11+01:00,2148,31.47,67.63,31.90,31.80,30.70,1,0,,,,
2026-03-24T01:44:12+01:00,2149,31.43,68.53,31.90,31.70,30.70,1,0,,,,
2026-03-24T01:46:12+01:00,2150,31.47,68.67,31.90,31.70,30.80,1,0,,,,
2026-03-24T01:48:13+01:00,2151,31.47,68.70,31.90,31.70,30.80,0,0,,,,
2026-03-24T01:50:13+01:00,2152,31.43,68.10,31.90,31.70,30.70,1,0,,,,
2026-03-24T01:52:14+01:00,2153,31.43,68.73,31.90,31.70,30.70,1,0,,,,
2026-03-24T01:54:14+01:00,2154,31.50,68.63,32.00,31.70,30.80,1,0,,,,
2026-03-24T01:56:14+01:00,2155,31.47,68.70,31.90,31.70,30.80,0,0,,,,
2026-03-24T01:58:15+01:00,2156,31.37,68.17,31.90,31.70,30.50,1,0,,,,
2026-03-24T02:00:15+01:00,2157,31.43,69.17,31.90,31.70,30.70,1,0,,,,
2026-03-24T02:02:16+01:00,2158,31.43,69.17,31.90,31.70,30.70,1,0,,,,
2026-03-24T02:04:16+01:00,2159,31.50,68.77,32.00,31.70,30.80,0,0,,,,
2026-03-24T02:06:16+01:00,2160,31.40,68.13,31.90,31.70,30.60,1,0,,,,
2026-03-24T02:08:17+01:00,2161,31.40,68.80,31.90,31.60,30.70,1,0,,,,
2026-03-24T02:10:17+01:00,2162,31.33,68.83,31.80,31.60,30.60,1,0,,,,
2026-03-24T02:12:18+01:00,2163,31.40,68.90,31.90,31.60,30.70,0,0,,,,
2026-03-24T02:14:18+01:00,2164,31.33,68.30,31.80,31.60,30.60,1,0,,,,
2026-03-24T02:16:19+01:00,2165,31.37,69.20,31.80,31.70,30.60,1,0,,,,
2026-03-24T02:18:19+01:00,2166,31.40,69.20,31.80,31.70,30.70,1,0,,,,
2026-03-24T02:20:20+01:00,2167,31.40,68.80,31.80,31.70,30.70,0,0,,,,
2026-03-24T02:22:20+01:00,2168,31.30,68.33,31.70,31.70,30.50,1,0,,,,
2026-03-24T02:24:21+01:00,2169,31.30,68.93,31.70,31.60,30.60,1,0,,,,
2026-03-24T02:26:21+01:00,2170,31.30,68.97,31.70,31.60,30.60,1,0,,,,
2026-03-24T02:28:21+01:00,2171,31.30,68.90,31.70,31.60,30.60,0,0,,,,
2026-03-24T02:30:22+01:00,2172,31.23,68.43,31.70,31.60,30.40,1,0,,,,
2026-03-24T02:32:22+01:00,2173,31.23,69.37,31.60,31.60,30.50,1,0,,,,
2026-03-24T02:34:23+01:00,2174,31.30,69.47,31.70,31.60,30.60,1,0,,,,
2026-03-24T02:36:23+01:00,2175,31.30,69.03,31.70,31.60,30.60,0,0,,,,
2026-03-24T02:38:23+01:00,2176,31.20,68.53,31.60,31.60,30.40,1,0,,,,
2026-03-24T02:40:23+01:00,2177,31.20,69.43,31.60,31.50,30.50,1,0,,,,
2026-03-24T02:42:24+01:00,2178,31.20,69.50,31.60,31.50,30.50,1,0,,,,
2026-03-24T02:44:24+01:00,2179,31.23,69.47,31.60,31.50,30.60,0,0,,,,
2026-03-24T02:46:25+01:00,2180,31.17,68.57,31.60,31.50,30.40,1,0,,,,
2026-03-24T02:48:25+01:00,2181,31.20,69.57,31.60,31.50,30.50,1,0,,,,
2026-03-24T02:50:26+01:00,2182,31.27,69.60,31.70,31.50,30.60,1,0,,,,
2026-03-24T02:52:26+01:00,2183,31.27,69.47,31.70,31.50,30.60,0,0,,,,
2026-03-24T02:54:26+01:00,2184,31.20,68.90,31.70,31.50,30.40,1,0,,,,
2026-03-24T02:56:27+01:00,2185,31.17,69.20,31.60,31.50,30.40,1,0,,,,
2026-03-24T02:58:27+01:00,2186,31.20,69.47,31.60,31.50,30.50,1,0,,,,
2026-03-24T03:00:27+01:00,2187,31.33,70.00,31.70,31.60,30.70,0,0,,,,
2026-03-24T03:24:36+01:00,2188,31.53,68.90,32.00,31.80,30.80,0,0,,,,
2026-03-24T03:26:36+01:00,2189,31.40,68.50,31.90,31.70,30.60,1,0,,,,
2026-03-24T03:28:36+01:00,2190,31.40,69.30,31.90,31.70,30.60,1,0,,,,
2026-03-24T03:30:37+01:00,2191,31.47,68.97,31.90,31.70,30.80,1,0,,,,
2026-03-24T03:32:38+01:00,2192,31.43,69.23,31.90,31.70,30.70,0,0,,,,
2026-03-24T03:34:40+01:00,2193,31.40,68.47,31.90,31.70,30.60,1,0,,,,
2026-03-24T03:36:40+01:00,2194,31.37,69.37,31.80,31.60,30.70,1,0,,,,
2026-03-24T03:38:45+01:00,2195,31.37,69.43,31.80,31.60,30.70,1,0,,,,
2026-03-24T03:40:43+01:00,2196,31.40,69.37,31.90,31.60,30.70,0,0,,,,
2026-03-24T03:42:43+01:00,2197,31.30,68.60,31.80,31.60,30.50,1,0,,,,
2026-03-24T03:44:58+01:00,2198,31.33,69.57,31.80,31.60,30.60,1,0,,,,
2026-03-24T03:46:45+01:00,2199,31.33,69.70,31.80,31.60,30.60,1,0,,,,
2026-03-24T03:48:46+01:00,2200,31.40,69.67,31.90,31.60,30.70,0,0,,,,
2026-03-24T03:50:47+01:00,2201,31.33,69.00,31.80,31.60,30.60,1,0,,,,
2026-03-24T03:52:48+01:00,2202,31.33,69.70,31.80,31.60,30.60,1,0,,,,
2026-03-24T03:54:49+01:00,2203,31.33,69.63,31.80,31.60,30.60,1,0,,,,
2026-03-24T03:57:00+01:00,2204,31.37,69.63,31.80,31.60,30.70,0,0,,,,
2026-03-24T03:58:50+01:00,2205,31.30,69.03,31.80,31.60,30.50,1,0,,,,
2026-03-24T04:00:51+01:00,2206,31.33,69.70,31.80,31.60,30.60,1,0,,,,
2026-03-24T04:03:00+01:00,2207,31.33,69.63,31.80,31.60,30.60,1,0,,,,
2026-03-24T04:04:52+01:00,2208,31.33,69.53,31.80,31.60,30.60,0,0,,,,
2026-03-24T04:06:52+01:00,2209,31.23,69.07,31.80,31.50,30.40,1,0,,,,
2026-03-24T04:08:54+01:00,2210,31.27,69.70,31.70,31.50,30.60,1,0,,,,
2026-03-24T04:10:55+01:00,2211,31.30,69.73,31.80,31.50,30.60,1,0,,,,
2026-03-24T04:12:56+01:00,2212,31.33,69.73,31.80,31.60,30.60,0,0,,,,
2026-03-24T04:14:56+01:00,2213,31.27,69.10,31.80,31.50,30.50,1,0,,,,
2026-03-24T04:16:56+01:00,2214,31.30,69.73,31.80,31.50,30.60,1,0,,,,
2026-03-24T04:18:57+01:00,2215,31.30,69.73,31.80,31.50,30.60,1,0,,,,
2026-03-24T04:20:57+01:00,2216,31.30,69.77,31.80,31.50,30.60,0,0,,,,
2026-03-24T04:22:57+01:00,2217,31.23,69.17,31.70,31.50,30.50,1,0,,,,
2026-03-24T04:24:57+01:00,2218,31.23,70.20,31.70,31.50,30.50,1,0,,,,
2026-03-24T04:29:03+01:00,2219,31.27,69.80,31.70,31.50,30.60,0,0,,,,
2026-03-24T04:31:03+01:00,2220,31.20,69.20,31.70,31.50,30.40,1,0,,,,
2026-03-24T04:33:03+01:00,2221,31.17,70.03,31.70,31.40,30.40,1,0,,,,
2026-03-24T04:35:06+01:00,2222,31.27,70.03,31.70,31.50,30.60,1,0,,,,
2026-03-24T04:37:06+01:00,2223,31.27,70.03,31.70,31.50,30.60,0,0,,,,
2026-03-24T04:39:07+01:00,2224,31.20,69.37,31.70,31.50,30.40,1,0,,,,
2026-03-24T04:41:07+01:00,2225,31.23,70.07,31.70,31.50,30.50,1,0,,,,
2026-03-24T04:43:08+01:00,2226,31.23,70.00,31.70,31.50,30.50,1,0,,,,
2026-03-24T04:45:08+01:00,2227,31.27,70.03,31.70,31.50,30.60,0,0,,,,
2026-03-24T04:47:10+01:00,2228,31.20,69.40,31.70,31.50,30.40,1,0,,,,
2026-03-24T04:49:10+01:00,2229,31.23,70.50,31.70,31.50,30.50,1,0,,,,
2026-03-24T04:51:12+01:00,2230,31.30,70.03,31.80,31.50,30.60,1,0,,,,
2026-03-24T04:53:13+01:00,2231,31.33,69.93,31.80,31.60,30.60,0,0,,,,
2026-03-24T04:55:13+01:00,2232,31.23,69.37,31.70,31.50,30.50,1,0,,,,
2026-03-24T04:57:50+01:00,2233,31.30,70.37,31.80,31.50,30.60,1,0,,,,
2026-03-24T04:59:15+01:00,2234,31.33,69.97,31.80,31.60,30.60,1,0,,,,
2026-03-24T05:01:15+01:00,2235,31.37,69.83,31.80,31.60,30.70,0,0,,,,
2026-03-24T05:03:16+01:00,2236,31.23,69.20,31.80,31.50,30.40,1,0,,,,
2026-03-24T05:06:00+01:00,2237,31.30,69.83,31.80,31.50,30.60,1,0,,,,
2026-03-24T05:07:18+01:00,2238,31.33,69.83,31.80,31.60,30.60,1,0,,,,
2026-03-24T05:09:19+01:00,2239,31.40,69.83,31.90,31.60,30.70,0,0,,,,
2026-03-24T05:11:20+01:00,2240,31.40,69.20,31.90,31.70,30.60,1,0,,,,
2026-03-24T05:13:21+01:00,2241,31.47,69.50,32.00,31.70,30.70,1,0,,,,
2026-03-24T05:15:22+01:00,2242,31.53,68.90,32.00,31.80,30.80,1,0,,,,
2026-03-24T05:17:23+01:00,2243,31.57,68.67,32.00,31.80,30.90,0,0,,,,
2026-03-24T05:19:23+01:00,2244,31.53,68.37,32.00,31.80,30.80,1,0,,,,
2026-03-24T05:22:00+01:00,2245,31.53,68.60,32.00,31.80,30.80,1,0,,,,
2026-03-24T05:23:25+01:00,2246,31.57,68.53,32.00,31.90,30.80,1,0,,,,
2026-03-24T05:25:26+01:00,2247,31.63,68.53,32.10,31.90,30.90,0,0,,,,
2026-03-24T05:28:00+01:00,2248,31.57,68.27,32.00,31.90,30.80,1,0,,,,
2026-03-24T05:29:27+01:00,2249,31.57,68.57,32.00,31.80,30.90,1,0,,,,
2026-03-24T05:31:28+01:00,2250,31.60,68.53,32.00,31.90,30.90,1,0,,,,
2026-03-24T05:33:29+01:00,2251,31.63,68.47,32.10,31.90,30.90,0,0,,,,
2026-03-24T05:35:29+01:00,2252,31.60,68.27,32.10,31.90,30.80,1,0,,,,
2026-03-24T05:37:30+01:00,2253,31.60,68.83,32.10,31.90,30.80,1,0,,,,
2026-03-24T05:39:30+01:00,2254,31.63,68.47,32.10,31.90,30.90,1,0,,,,
2026-03-24T05:41:30+01:00,2255,31.67,68.40,32.10,32.00,30.90,0,0,,,,
2026-03-24T05:43:32+01:00,2256,31.60,68.20,32.10,31.90,30.80,1,0,,,,
2026-03-24T05:45:33+01:00,2257,31.53,68.33,32.00,31.80,30.80,1,0,,,,
2026-03-24T05:48:00+01:00,2258,31.53,68.43,32.00,31.80,30.80,1,0,,,,
2026-03-24T05:49:35+01:00,2259,31.53,68.47,32.00,31.80,30.80,0,0,,,,
2026-03-24T05:51:36+01:00,2260,31.53,68.23,32.00,31.80,30.80,1,0,,,,
2026-03-24T05:53:37+01:00,2261,31.53,68.53,32.00,31.80,30.80,1,0,,,,
2026-03-24T05:55:37+01:00,2262,31.53,68.47,32.00,31.80,30.80,1,0,,,,
2026-03-24T05:57:38+01:00,2263,31.53,68.50,32.00,31.80,30.80,0,0,,,,
2026-03-24T06:00:00+01:00,2264,31.50,68.30,32.00,31.80,30.70,1,0,,,,
2026-03-24T06:01:40+01:00,2265,31.53,68.60,32.00,31.80,30.80,1,0,,,,
2026-03-24T06:03:57+01:00,2266,31.57,68.57,32.00,31.90,30.80,1,0,,,,
2026-03-24T06:06:00+01:00,2267,31.63,68.50,32.10,31.90,30.90,0,0,,,,
2026-03-24T06:07:41+01:00,2268,31.57,68.30,32.00,31.90,30.80,1,0,,,,
2026-03-24T06:10:00+01:00,2269,31.60,68.47,32.00,31.90,30.90,1,0,,,,
2026-03-24T06:12:00+01:00,2270,31.63,68.40,32.10,31.90,30.90,1,0,,,,
2026-03-24T06:13:45+01:00,2271,31.67,68.40,32.10,31.90,31.00,0,0,,,,
2026-03-24T06:15:46+01:00,2272,31.57,68.20,32.00,31.90,30.80,1,0,,,,
2026-03-24T06:18:00+01:00,2273,31.57,68.43,32.00,31.90,30.80,1,0,,,,
2026-03-24T06:20:00+01:00,2274,31.57,68.40,32.00,31.90,30.80,1,0,,,,
2026-03-24T06:22:00+01:00,2275,31.63,68.40,32.10,31.90,30.90,0,0,,,,
2026-03-24T06:23:49+01:00,2276,31.53,68.20,32.00,31.90,30.70,1,0,,,,
2026-03-24T06:25:49+01:00,2277,31.57,68.43,32.00,31.90,30.80,1,0,,,,
2026-03-24T06:28:00+01:00,2278,31.57,68.40,32.00,31.90,30.80,1,0,,,,
2026-03-24T06:29:51+01:00,2279,31.60,68.33,32.00,31.90,30.90,0,0,,,,
2026-03-24T06:31:52+01:00,2280,31.50,68.20,32.00,31.80,30.70,1,0,,,,
2026-03-24T06:36:00+01:00,2281,31.53,68.57,32.00,31.80,30.80,1,0,,,,
2026-03-24T06:37:54+01:00,2282,31.60,68.47,32.00,31.90,30.90,0,0,,,,
2026-03-24T06:40:00+01:00,2283,31.53,68.27,32.00,31.80,30.80,1,0,,,,
2026-03-24T06:41:55+01:00,2284,31.57,68.47,32.00,31.90,30.80,1,0,,,,
2026-03-24T06:43:56+01:00,2285,31.57,68.33,32.00,31.90,30.80,1,0,,,,
2026-03-24T06:45:56+01:00,2286,31.60,68.37,32.00,31.90,30.90,0,0,,,,
2026-03-24T06:47:57+01:00,2287,31.50,68.20,32.00,31.80,30.70,1,0,,,,
2026-03-24T06:49:57+01:00,2288,31.57,68.40,32.00,31.90,30.80,1,0,,,,
2026-03-24T06:51:59+01:00,2289,31.57,68.40,32.00,31.90,30.80,1,0,,,,
2026-03-24T06:53:57+01:00,2290,31.63,68.37,32.10,31.90,30.90,0,0,,,,
2026-03-24T06:55:59+01:00,2291,31.53,68.20,32.00,31.90,30.70,1,0,,,,
2026-03-24T06:58:02+01:00,2292,31.57,68.43,32.00,31.90,30.80,1,0,,,,
2026-03-24T07:00:01+01:00,2293,31.63,68.40,32.10,31.90,30.90,1,0,,,,
2026-03-24T07:02:00+01:00,2294,31.57,68.27,32.00,31.90,30.80,0,0,,,,
2026-03-24T07:04:00+01:00,2295,31.50,68.17,32.00,31.80,30.70,1,0,,,,
2026-03-24T07:06:01+01:00,2296,31.53,68.37,32.00,31.80,30.80,1,0,,,,
2026-03-24T07:08:03+01:00,2297,31.50,68.37,32.00,31.80,30.70,1,0,,,,
2026-03-24T07:10:03+01:00,2298,31.53,68.37,32.00,31.80,30.80,0,0,,,,
2026-03-24T07:12:03+01:00,2299,31.40,68.23,31.90,31.70,30.60,1,0,,,,
2026-03-24T07:14:06+01:00,2300,31.40,68.43,31.90,31.70,30.60,1,0,,,,
2026-03-24T07:16:07+01:00,2301,31.43,68.47,31.90,31.70,30.70,1,0,,,,
2026-03-24T07:18:37+01:00,2302,31.43,68.50,31.90,31.70,30.70,0,0,,,,
2026-03-24T07:20:08+01:00,2303,31.37,68.30,31.90,31.70,30.50,1,0,,,,
2026-03-24T07:22:09+01:00,2304,31.47,68.93,32.00,31.70,30.70,1,0,,,,
2026-03-24T07:28:19+01:00,2305,31.50,68.30,32.00,31.80,30.70,1,0,,,,
2026-03-24T07:31:00+01:00,2306,31.53,68.57,32.00,31.80,30.80,1,0,,,,
2026-03-24T07:32:22+01:00,2307,31.57,68.40,32.00,31.80,30.90,1,0,,,,
2026-03-24T07:34:23+01:00,2308,31.60,68.33,32.00,31.90,30.90,0,0,,,,
2026-03-24T07:36:24+01:00,2309,31.50,68.20,32.00,31.80,30.70,1,0,,,,
2026-03-24T07:38:25+01:00,2310,31.60,68.40,32.10,31.90,30.80,1,0,,,,
2026-03-24T07:41:00+01:00,2311,31.63,68.37,32.10,31.90,30.90,1,0,,,,
2026-03-24T08:02:37+01:00,2312,31.47,68.97,32.00,31.70,30.70,1,0,,,,
2026-03-24T08:05:00+01:00,2313,31.47,68.60,31.90,31.70,30.80,1,0,,,,
2026-03-24T08:06:38+01:00,2314,31.47,68.73,32.00,31.70,30.70,0,0,,,,
2026-03-24T08:08:37+01:00,2315,31.37,68.40,31.90,31.70,30.50,1,0,,,,
2026-03-24T08:10:38+01:00,2316,31.40,68.73,31.90,31.70,30.60,1,0,,,,
2026-03-24T08:12:37+01:00,2317,31.37,69.00,31.80,31.70,30.60,1,0,,,,
2026-03-24T08:17:29+01:00,2318,30.93,69.67,31.30,31.40,30.10,1,0,,,,
2026-03-24T08:19:29+01:00,2319,30.90,70.47,31.30,31.30,30.10,1,0,,,,
2026-03-24T08:21:30+01:00,2320,30.93,70.50,31.30,31.30,30.20,1,0,,,,
2026-03-24T08:23:30+01:00,2321,30.97,70.33,31.30,31.30,30.30,0,0,,,,
2026-03-24T08:25:31+01:00,2322,30.87,69.67,31.20,31.30,30.10,1,0,,,,
2026-03-24T08:27:31+01:00,2323,30.90,70.83,31.30,31.20,30.20,1,0,,,,
2026-03-24T08:29:32+01:00,2324,31.07,70.53,31.50,31.30,30.40,1,0,,,,
2026-03-24T08:31:36+01:00,2325,31.07,69.93,31.50,31.30,30.40,0,0,,,,
2026-03-24T08:33:32+01:00,2326,31.03,69.47,31.50,31.30,30.30,1,0,,,,
2026-03-24T08:35:32+01:00,2327,31.07,69.67,31.50,31.30,30.40,1,0,,,,
2026-03-24T08:37:33+01:00,2328,31.03,69.93,31.50,31.30,30.30,1,0,,,,
2026-03-24T08:39:33+01:00,2329,31.13,69.90,31.60,31.40,30.40,0,0,,,,
2026-03-24T08:41:33+01:00,2330,31.00,69.47,31.50,31.30,30.20,1,0,,,,
2026-03-24T08:43:34+01:00,2331,31.10,70.17,31.50,31.40,30.40,1,0,,,,
2026-03-24T08:45:34+01:00,2332,31.13,69.87,31.60,31.40,30.40,1,0,,,,
2026-03-24T08:47:35+01:00,2333,31.13,69.40,31.60,31.40,30.40,0,0,,,,
2026-03-24T08:49:35+01:00,2334,31.10,69.23,31.50,31.40,30.40,1,0,,,,
2026-03-24T08:51:35+01:00,2335,31.13,69.67,31.60,31.40,30.40,1,0,,,,
2026-03-24T08:53:35+01:00,2336,31.17,69.47,31.60,31.40,30.50,1,0,,,,
2026-03-24T08:55:36+01:00,2337,31.13,69.30,31.60,31.40,30.40,0,0,,,,
2026-03-24T08:57:36+01:00,2338,31.13,68.80,31.60,31.40,30.40,1,0,,,,
2026-03-24T08:59:37+01:00,2339,31.10,69.27,31.50,31.40,30.40,1,0,,,,
2026-03-24T09:01:37+01:00,2340,31.17,69.00,31.60,31.40,30.50,1,0,,,,
2026-03-24T09:03:38+01:00,2341,31.27,68.83,31.70,31.50,30.60,0,0,,,,
2026-03-24T09:05:38+01:00,2342,31.20,68.53,31.70,31.50,30.40,1,0,,,,
2026-03-24T09:07:38+01:00,2343,31.23,68.47,31.70,31.50,30.50,1,0,,,,
2026-03-24T09:09:39+01:00,2344,31.23,68.37,31.70,31.50,30.50,1,0,,,,
2026-03-24T09:11:39+01:00,2345,31.27,68.33,31.70,31.50,30.60,0,0,,,,
2026-03-24T09:13:40+01:00,2346,31.17,68.27,31.70,31.40,30.40,1,0,,,,
2026-03-24T09:15:40+01:00,2347,31.23,68.37,31.70,31.50,30.50,1,0,,,,
2026-03-24T09:17:42+01:00,2348,31.33,67.97,31.80,31.50,30.70,1,0,,,,
2026-03-24T09:19:41+01:00,2349,31.40,68.23,31.90,31.60,30.70,0,0,,,,
2026-03-24T09:21:41+01:00,2350,31.30,67.80,31.90,31.50,30.50,1,0,,,,
2026-03-24T09:23:41+01:00,2351,31.40,67.77,31.90,31.60,30.70,1,0,,,,
2026-03-24T09:25:41+01:00,2352,31.40,67.63,31.90,31.60,30.70,1,0,,,,
2026-03-24T09:27:42+01:00,2353,31.47,67.60,32.00,31.60,30.80,0,0,,,,
2026-03-24T09:29:43+01:00,2354,31.37,67.60,31.90,31.60,30.60,1,0,,,,
2026-03-24T09:31:43+01:00,2355,31.43,67.60,32.00,31.60,30.70,1,0,,,,
2026-03-24T09:33:44+01:00,2356,31.50,67.53,32.00,31.70,30.80,1,0,,,,
2026-03-24T09:35:45+01:00,2357,31.50,67.47,32.00,31.70,30.80,0,0,,,,
2026-03-24T09:37:45+01:00,2358,31.47,67.53,32.00,31.70,30.70,1,0,,,,
2026-03-24T09:39:46+01:00,2359,31.50,67.40,32.00,31.70,30.80,1,0,,,,
2026-03-24T09:41:46+01:00,2360,31.53,67.30,32.00,31.80,30.80,1,0,,,,
2026-03-24T09:43:47+01:00,2361,31.53,67.23,32.00,31.80,30.80,0,0,,,,
2026-03-24T09:45:48+01:00,2362,31.50,67.30,32.00,31.80,30.70,1,0,,,,
2026-03-24T09:47:48+01:00,2363,31.53,67.20,32.00,31.80,30.80,1,0,,,,
2026-03-24T09:49:48+01:00,2364,31.53,66.87,32.00,31.80,30.80,1,0,,,,
2026-03-24T09:51:49+01:00,2365,31.57,66.67,32.00,31.80,30.90,0,0,,,,
2026-03-24T09:53:49+01:00,2366,31.53,66.77,32.00,31.80,30.80,1,0,,,,
2026-03-24T09:55:50+01:00,2367,31.57,66.67,32.00,31.80,30.90,1,0,,,,
2026-03-24T09:57:50+01:00,2368,31.60,66.50,32.10,31.80,30.90,1,0,,,,
2026-03-24T09:59:51+01:00,2369,31.63,66.40,32.10,31.90,30.90,0,0,,,,
2026-03-24T10:01:52+01:00,2370,31.57,66.53,32.10,31.80,30.80,1,0,,,,
2026-03-24T10:03:52+01:00,2371,31.60,66.47,32.10,31.80,30.90,1,0,,,,
2026-03-24T10:05:52+01:00,2372,31.63,66.47,32.10,31.90,30.90,1,0,,,,
2026-03-24T10:07:52+01:00,2373,31.63,66.30,32.10,31.90,30.90,0,0,,,,
2026-03-24T10:09:53+01:00,2374,31.57,66.43,32.10,31.80,30.80,1,0,,,,
2026-03-24T10:11:53+01:00,2375,31.57,66.27,32.10,31.80,30.80,1,0,,,,
2026-03-24T10:13:53+01:00,2376,31.63,65.67,32.10,31.90,30.90,1,0,,,,
2026-03-24T10:15:54+01:00,2377,31.70,65.43,32.20,31.90,31.00,0,0,,,,
2026-03-24T18:57:16+01:00,2378,32.23,63.27,32.80,32.40,31.50,1,0,,,,
2026-03-24T18:59:17+01:00,2379,32.23,63.27,32.80,32.40,31.50,0,0,,,,
2026-03-24T19:01:17+01:00,2380,32.20,64.07,32.80,32.40,31.40,1,0,,,,
2026-03-24T19:03:18+01:00,2381,32.20,63.53,32.80,32.40,31.40,1,0,,,,
2026-03-24T19:05:18+01:00,2382,32.23,63.50,32.80,32.40,31.50,1,0,,,,
2026-03-24T19:07:20+01:00,2383,32.23,63.50,32.80,32.40,31.50,0,0,,,,
2026-03-24T19:09:19+01:00,2384,32.20,64.20,32.80,32.40,31.40,1,0,,,,
2026-03-24T19:11:19+01:00,2385,32.20,63.97,32.80,32.40,31.40,1,0,,,,
2026-03-24T19:13:20+01:00,2386,32.23,63.97,32.80,32.40,31.50,1,0,,,,
2026-03-24T19:15:21+01:00,2387,32.27,63.60,32.80,32.50,31.50,0,0,,,,
2026-03-24T19:17:21+01:00,2388,32.17,64.23,32.80,32.40,31.30,1,0,,,,
2026-03-24T19:19:22+01:00,2389,32.17,63.90,32.70,32.40,31.40,1,0,,,,
2026-03-24T19:21:22+01:00,2390,32.20,63.97,32.70,32.40,31.50,1,0,,,,
2026-03-24T19:23:22+01:00,2391,32.20,64.07,32.70,32.40,31.50,0,0,,,,
2026-03-24T19:25:23+01:00,2392,32.17,64.33,32.70,32.40,31.40,1,0,,,,
2026-03-24T19:27:23+01:00,2393,32.17,64.23,32.70,32.40,31.40,1,0,,,,
2026-03-24T19:29:23+01:00,2394,32.23,64.13,32.80,32.40,31.50,1,0,,,,
2026-03-24T19:31:24+01:00,2395,32.27,64.07,32.80,32.50,31.50,0,0,,,,
2026-03-24T19:35:27+01:00,2396,32.17,64.07,32.70,32.40,31.40,1,0,,,,
2026-03-24T19:37:31+01:00,2397,32.17,63.70,32.70,32.40,31.40,1,0,,,,
2026-03-24T19:39:25+01:00,2398,32.17,63.70,32.70,32.40,31.40,0,0,,,,
2026-03-24T19:41:25+01:00,2399,32.03,64.30,32.60,32.30,31.20,1,0,,,,
2026-03-24T19:43:26+01:00,2400,32.00,64.37,32.50,32.30,31.20,1,0,,,,
2026-03-24T19:45:26+01:00,2401,32.07,65.07,32.60,32.30,31.30,1,0,,,,
2026-03-24T19:47:27+01:00,2402,32.13,64.47,32.60,32.40,31.40,0,0,,,,
2026-03-24T19:49:27+01:00,2403,32.03,64.60,32.60,32.30,31.20,1,0,,,,
2026-03-24T19:51:28+01:00,2404,32.17,64.43,32.70,32.40,31.40,1,0,,,,
2026-03-24T19:53:28+01:00,2405,32.17,64.20,32.70,32.40,31.40,1,0,,,,
2026-03-24T19:55:28+01:00,2406,32.20,63.73,32.70,32.40,31.50,0,0,,,,
2026-03-24T19:57:28+01:00,2407,32.13,64.30,32.70,32.40,31.30,1,0,,,,
2026-03-24T19:59:29+01:00,2408,32.13,63.67,32.70,32.40,31.30,1,0,,,,
2026-03-24T20:01:29+01:00,2409,32.13,63.60,32.70,32.40,31.30,1,0,,,,
2026-03-24T20:03:30+01:00,2410,32.17,63.60,32.70,32.40,31.40,0,0,,,,
2026-03-24T20:05:30+01:00,2411,32.13,64.17,32.70,32.40,31.30,1,0,,,,
2026-03-24T20:07:33+01:00,2412,32.13,63.90,32.70,32.40,31.30,1,0,,,,
2026-03-24T20:11:34+01:00,2413,32.17,63.37,32.70,32.40,31.40,0,0,,,,
2026-03-24T20:13:31+01:00,2414,32.03,64.03,32.60,32.30,31.20,1,0,,,,
2026-03-24T20:15:32+01:00,2415,31.97,63.30,32.50,32.20,31.20,1,0,,,,
2026-03-24T20:19:33+01:00,2416,32.03,63.23,32.60,32.20,31.30,0,0,,,,
2026-03-24T20:21:34+01:00,2417,31.97,63.57,32.50,32.20,31.20,1,0,,,,
2026-03-24T20:23:34+01:00,2418,31.87,63.03,32.40,32.10,31.10,1,0,,,,
2026-03-24T20:25:34+01:00,2419,31.83,62.60,32.30,32.10,31.10,1,0,,,,
2026-03-24T20:27:34+01:00,2420,31.73,62.57,32.20,32.00,31.00,0,0,,,,
2026-03-24T20:29:35+01:00,2421,31.63,63.50,32.10,32.00,30.80,1,0,,,,
2026-03-24T20:31:35+01:00,2422,31.60,63.40,32.00,32.00,30.80,1,0,,,,
2026-03-24T20:33:36+01:00,2423,31.67,63.53,32.10,32.00,30.90,1,0,,,,
2026-03-24T20:35:39+01:00,2424,31.70,63.43,32.10,32.00,31.00,0,0,,,,
2026-03-24T20:37:40+01:00,2425,31.60,64.00,32.00,32.00,30.80,1,0,,,,
2026-03-24T20:39:40+01:00,2426,31.57,64.10,32.00,31.90,30.80,1,0,,,,
2026-03-24T20:41:38+01:00,2427,31.53,64.40,32.00,31.80,30.80,1,0,,,,
2026-03-24T20:43:38+01:00,2428,31.53,64.43,32.00,31.80,30.80,0,0,,,,
2026-03-24T20:45:38+01:00,2429,31.50,64.50,32.00,31.80,30.70,1,0,,,,
2026-03-24T20:47:39+01:00,2430,31.53,64.43,32.00,31.80,30.80,1,0,,,,
2026-03-24T20:49:39+01:00,2431,31.53,64.47,32.00,31.80,30.80,1,0,,,,
2026-03-24T20:51:39+01:00,2432,31.47,64.60,31.90,31.70,30.80,0,0,,,,
2026-03-24T20:53:40+01:00,2433,31.33,65.00,31.80,31.70,30.50,1,0,,,,
2026-03-24T20:55:40+01:00,2434,31.30,65.40,31.70,31.60,30.60,1,0,,,,
2026-03-24T20:57:41+01:00,2435,31.30,65.57,31.70,31.60,30.60,1,0,,,,
2026-03-24T20:59:41+01:00,2436,31.37,65.40,31.80,31.60,30.70,0,0,,,,
2026-03-24T21:01:42+01:00,2437,31.33,65.33,31.80,31.60,30.60,1,0,,,,
2026-03-24T21:03:42+01:00,2438,31.27,65.50,31.70,31.50,30.60,1,0,,,,
2026-03-24T21:05:45+01:00,2439,31.27,65.63,31.70,31.50,30.60,1,0,,,,
2026-03-24T21:09:44+01:00,2440,31.23,65.50,31.70,31.50,30.50,1,0,,,,
2026-03-24T21:15:43+01:00,2441,31.27,65.83,31.70,31.50,30.60,0,0,,,,
2026-03-24T21:17:44+01:00,2442,31.23,66.03,31.70,31.50,30.50,1,0,,,,
2026-03-24T21:19:44+01:00,2443,31.27,66.30,31.70,31.50,30.60,1,0,,,,
2026-03-24T21:21:44+01:00,2444,31.33,65.87,31.80,31.60,30.60,1,0,,,,
2026-03-24T21:23:45+01:00,2445,31.37,65.70,31.80,31.60,30.70,0,0,,,,
2026-03-24T21:25:45+01:00,2446,31.27,65.63,31.70,31.60,30.50,1,0,,,,
2026-03-24T21:27:46+01:00,2447,31.13,65.90,31.50,31.50,30.40,1,0,,,,
2026-03-24T21:29:47+01:00,2448,31.10,66.33,31.50,31.40,30.40,1,0,,,,
2026-03-24T21:31:46+01:00,2449,31.03,66.43,31.40,31.40,30.30,0,0,,,,
2026-03-24T21:33:47+01:00,2450,30.97,66.30,31.40,31.30,30.20,1,0,,,,
2026-03-24T21:35:47+01:00,2451,31.07,66.57,31.50,31.30,30.40,1,0,,,,
2026-03-24T21:37:48+01:00,2452,31.10,66.57,31.50,31.30,30.50,1,0,,,,
2026-03-24T21:41:49+01:00,2453,31.13,66.33,31.60,31.40,30.40,1,0,,,,
2026-03-24T21:43:49+01:00,2454,31.23,66.53,31.70,31.40,30.60,1,0,,,,
2026-03-24T21:45:50+01:00,2455,31.27,66.43,31.70,31.50,30.60,1,0,,,,
2026-03-24T21:47:50+01:00,2456,31.40,66.40,31.90,31.60,30.70,0,0,,,,
2026-03-24T21:49:50+01:00,2457,31.33,65.83,31.80,31.60,30.60,1,0,,,,
2026-03-24T21:51:51+01:00,2458,31.37,65.87,31.80,31.60,30.70,1,0,,,,
2026-03-24T21:53:51+01:00,2459,31.37,65.87,31.80,31.60,30.70,1,0,,,,
2026-03-24T21:55:52+01:00,2460,31.40,65.83,31.90,31.60,30.70,0,0,,,,
2026-03-24T21:57:52+01:00,2461,31.30,65.73,31.80,31.60,30.50,1,0,,,,
2026-03-24T21:59:53+01:00,2462,31.33,65.80,31.80,31.60,30.60,1,0,,,,
2026-03-24T22:01:53+01:00,2463,31.33,65.80,31.80,31.60,30.60,1,0,,,,
2026-03-24T22:03:54+01:00,2464,31.37,65.73,31.80,31.60,30.70,0,0,,,,
2026-03-24T22:05:54+01:00,2465,31.17,65.73,31.60,31.50,30.40,1,0,,,,
2026-03-24T22:07:54+01:00,2466,31.00,66.37,31.40,31.30,30.30,1,0,,,,
2026-03-24T22:09:58+01:00,2467,30.87,66.70,31.20,31.20,30.20,1,0,,,,
2026-03-24T22:11:56+01:00,2468,30.77,67.23,31.10,31.10,30.10,0,0,,,,
2026-03-24T22:13:59+01:00,2469,30.70,66.73,31.00,31.10,30.00,1,0,,,,
2026-03-24T22:15:59+01:00,2470,30.67,67.33,31.00,31.00,30.00,1,0,,,,
2026-03-24T22:17:56+01:00,2471,30.67,67.37,31.00,31.00,30.00,1,0,,,,
2026-03-24T22:19:59+01:00,2472,30.67,67.53,31.00,31.00,30.00,0,0,,,,
2026-03-24T22:21:57+01:00,2473,30.67,67.20,31.00,31.00,30.00,1,0,,,,
2026-03-24T22:23:59+01:00,2474,30.87,67.13,31.30,31.10,30.20,1,0,,,,
2026-03-24T22:25:58+01:00,2475,31.07,66.87,31.50,31.30,30.40,1,0,,,,
2026-03-24T22:27:58+01:00,2476,31.23,66.63,31.70,31.40,30.60,0,0,,,,
2026-03-24T22:29:59+01:00,2477,31.20,66.40,31.70,31.40,30.50,1,0,,,,
2026-03-24T22:31:59+01:00,2478,31.23,66.43,31.70,31.40,30.60,1,0,,,,
2026-03-24T22:34:00+01:00,2479,31.23,65.87,31.70,31.40,30.60,1,0,,,,
2026-03-24T22:39:25+01:00,2480,30.90,66.63,31.30,31.20,30.20,1,0,,,,
2026-03-24T22:41:26+01:00,2481,30.90,66.63,31.30,31.20,30.20,1,0,,,,
2026-03-24T22:43:27+01:00,2482,30.83,66.73,31.20,31.10,30.20,1,0,,,,
2026-03-24T22:45:27+01:00,2483,30.90,66.70,31.30,31.20,30.20,0,0,,,,
2026-03-24T22:47:28+01:00,2484,30.83,66.57,31.20,31.20,30.10,1,0,,,,
2026-03-24T22:49:28+01:00,2485,30.80,66.70,31.20,31.10,30.10,1,0,,,,
2026-03-24T22:51:31+01:00,2486,30.80,66.70,31.20,31.10,30.10,1,0,,,,
2026-03-24T22:55:28+01:00,2487,30.77,66.60,31.20,31.10,30.00,1,0,,,,
2026-03-24T22:57:29+01:00,2488,30.77,66.80,31.10,31.10,30.10,1,0,,,,
2026-03-24T22:59:29+01:00,2489,30.77,66.87,31.10,31.10,30.10,1,0,,,,
2026-03-24T23:01:30+01:00,2490,30.80,66.87,31.20,31.10,30.10,0,0,,,,
2026-03-24T23:03:30+01:00,2491,30.70,66.70,31.10,31.00,30.00,1,0,,,,
2026-03-24T23:05:30+01:00,2492,30.67,67.33,31.00,31.00,30.00,1,0,,,,
2026-03-24T23:07:31+01:00,2493,30.67,67.63,31.00,31.00,30.00,1,0,,,,
2026-03-24T23:09:31+01:00,2494,30.67,67.60,31.00,31.00,30.00,0,0,,,,
2026-03-24T23:11:31+01:00,2495,30.57,68.10,31.00,30.90,29.80,1,0,,,,
2026-03-24T23:13:31+01:00,2496,30.53,68.50,30.90,30.80,29.90,1,0,,,,
2026-03-24T23:15:32+01:00,2497,30.53,68.50,30.90,30.80,29.90,1,0,,,,
2026-03-24T23:17:32+01:00,2498,30.57,67.93,30.90,30.80,30.00,0,0,,,,
2026-03-24T23:19:39+01:00,2499,30.47,68.30,30.80,30.80,29.80,1,0,,,,
2026-03-24T23:21:33+01:00,2500,30.63,68.10,31.00,30.90,30.00,1,0,,,,
2026-03-24T23:23:33+01:00,2501,30.77,67.77,31.20,31.00,30.10,1,0,,,,
2026-03-24T23:25:35+01:00,2502,30.90,67.63,31.40,31.10,30.20,0,0,,,,
2026-03-24T23:27:36+01:00,2503,30.90,67.27,31.40,31.10,30.20,1,0,,,,
2026-03-24T23:29:35+01:00,2504,31.00,67.53,31.50,31.20,30.30,1,0,,,,
2026-03-24T23:31:35+01:00,2505,31.17,67.17,31.60,31.30,30.60,1,0,,,,
2026-03-24T23:33:35+01:00,2506,31.27,66.97,31.80,31.40,30.60,0,0,,,,
2026-03-24T23:35:36+01:00,2507,31.17,66.70,31.70,31.40,30.40,1,0,,,,
2026-03-24T23:37:36+01:00,2508,31.30,66.90,31.80,31.50,30.60,1,0,,,,
2026-03-24T23:39:37+01:00,2509,31.40,66.87,31.90,31.60,30.70,1,0,,,,
2026-03-24T23:41:37+01:00,2510,31.50,66.73,32.00,31.70,30.80,0,0,,,,
2026-03-24T23:43:37+01:00,2511,31.43,66.60,32.00,31.60,30.70,1,0,,,,
2026-03-24T23:45:38+01:00,2512,31.50,66.63,32.00,31.70,30.80,1,0,,,,
2026-03-24T23:47:38+01:00,2513,31.50,66.43,32.00,31.70,30.80,1,0,,,,
2026-03-24T23:49:39+01:00,2514,31.53,66.37,32.00,31.80,30.80,0,0,,,,
2026-03-24T23:51:39+01:00,2515,31.50,66.33,32.00,31.70,30.80,1,0,,,,
2026-03-24T23:53:39+01:00,2516,31.50,65.97,32.00,31.70,30.80,1,0,,,,
2026-03-24T23:55:39+01:00,2517,31.50,66.43,32.00,31.70,30.80,1,0,,,,
2026-03-24T23:57:39+01:00,2518,31.50,66.50,32.00,31.70,30.80,0,0,,,,
2026-03-24T23:59:39+01:00,2519,31.50,66.40,32.00,31.70,30.80,1,0,,,,
2026-03-25T00:01:40+01:00,2520,31.50,66.37,32.00,31.70,30.80,1,0,,,,
2026-03-25T00:03:42+01:00,2521,31.50,66.30,32.00,31.70,30.80,1,0,,,,
2026-03-25T00:05:41+01:00,2522,31.53,65.83,32.00,31.70,30.90,0,0,,,,
2026-03-25T00:07:41+01:00,2523,31.47,66.23,32.00,31.70,30.70,1,0,,,,
2026-03-25T00:09:42+01:00,2524,31.50,66.00,32.00,31.70,30.80,1,0,,,,
2026-03-25T00:11:43+01:00,2525,31.53,65.93,32.00,31.70,30.90,1,0,,,,
2026-03-25T00:13:43+01:00,2526,31.57,65.83,32.00,31.80,30.90,0,0,,,,
2026-03-25T00:15:43+01:00,2527,31.53,66.17,32.00,31.80,30.80,1,0,,,,
2026-03-25T00:17:44+01:00,2528,31.57,66.27,32.00,31.80,30.90,1,0,,,,
2026-03-25T00:19:44+01:00,2529,31.53,65.67,32.00,31.80,30.80,1,0,,,,
2026-03-25T00:21:45+01:00,2530,31.50,65.57,32.00,31.70,30.80,0,0,,,,
2026-03-25T00:23:45+01:00,2531,31.43,66.10,32.00,31.70,30.60,1,0,,,,
2026-03-25T00:25:46+01:00,2532,31.40,65.73,31.90,31.60,30.70,1,0,,,,
2026-03-25T00:27:46+01:00,2533,31.40,65.77,31.90,31.60,30.70,1,0,,,,
2026-03-25T00:29:46+01:00,2534,31.47,65.77,32.00,31.60,30.80,0,0,,,,
2026-03-25T00:31:47+01:00,2535,31.43,65.80,32.00,31.60,30.70,1,0,,,,
2026-03-25T00:33:47+01:00,2536,31.43,66.17,31.90,31.60,30.80,1,0,,,,
2026-03-25T00:35:47+01:00,2537,31.50,66.20,32.00,31.70,30.80,1,0,,,,
2026-03-25T00:37:48+01:00,2538,31.50,65.83,32.00,31.70,30.80,0,0,,,,
2026-03-25T00:39:50+01:00,2539,31.40,66.17,32.00,31.60,30.60,1,0,,,,
2026-03-25T00:41:48+01:00,2540,31.43,65.93,32.00,31.60,30.70,1,0,,,,
2026-03-25T00:43:49+01:00,2541,31.47,66.20,32.00,31.60,30.80,1,0,,,,
2026-03-25T00:45:49+01:00,2542,31.50,65.83,32.00,31.70,30.80,0,0,,,,
2026-03-25T00:47:49+01:00,2543,31.37,66.17,31.90,31.60,30.60,1,0,,,,
2026-03-25T00:49:49+01:00,2544,31.40,66.27,31.90,31.60,30.70,1,0,,,,
2026-03-25T00:51:50+01:00,2545,31.40,65.93,31.90,31.60,30.70,1,0,,,,
2026-03-25T00:53:50+01:00,2546,31.40,65.90,31.90,31.60,30.70,0,0,,,,
2026-03-25T00:55:51+01:00,2547,31.30,66.23,31.90,31.50,30.50,1,0,,,,
2026-03-25T00:57:51+01:00,2548,31.33,66.43,31.90,31.50,30.60,1,0,,,,
2026-03-25T00:59:51+01:00,2549,31.37,66.43,31.90,31.60,30.60,1,0,,,,
2026-03-25T01:01:51+01:00,2550,31.37,66.43,31.90,31.60,30.60,0,0,,,,
2026-03-25T01:03:52+01:00,2551,31.30,66.37,31.90,31.50,30.50,1,0,,,,
2026-03-25T01:05:52+01:00,2552,31.30,66.50,31.80,31.50,30.60,1,0,,,,
2026-03-25T01:07:52+01:00,2553,31.30,66.43,31.80,31.50,30.60,1,0,,,,
2026-03-25T01:09:53+01:00,2554,31.30,66.40,31.80,31.50,30.60,0,0,,,,
2026-03-25T01:11:53+01:00,2555,31.17,66.40,31.70,31.40,30.40,1,0,,,,
2026-03-25T01:13:54+01:00,2556,31.17,66.57,31.70,31.40,30.40,1,0,,,,
2026-03-25T01:15:54+01:00,2557,31.20,66.60,31.70,31.40,30.50,1,0,,,,
2026-03-25T01:17:54+01:00,2558,31.23,66.60,31.70,31.40,30.60,0,0,,,,
2026-03-25T02:00:29+01:00,2559,29.63,69.80,30.00,29.90,29.00,1,0,,,,
2026-03-25T02:02:29+01:00,2560,29.90,72.00,30.30,30.10,29.30,1,0,,,,
2026-03-25T02:04:29+01:00,2561,30.20,70.80,30.60,30.40,29.60,1,0,,,,
2026-03-25T02:06:30+01:00,2562,30.43,69.83,30.90,30.60,29.80,0,0,,,,
2026-03-25T02:08:30+01:00,2563,30.43,69.00,31.00,30.60,29.70,1,0,,,,
2026-03-25T02:10:31+01:00,2564,30.57,69.10,31.00,30.80,29.90,1,0,,,,
2026-03-25T02:12:31+01:00,2565,30.67,67.93,31.10,30.90,30.00,1,0,,,,
2026-03-25T02:14:32+01:00,2566,30.77,67.80,31.20,31.00,30.10,0,0,,,,
2026-03-25T02:16:32+01:00,2567,30.73,67.57,31.20,31.00,30.00,1,0,,,,
2026-03-25T02:18:32+01:00,2568,30.73,67.70,31.20,31.00,30.00,1,0,,,,
2026-03-25T02:20:33+01:00,2569,30.83,67.57,31.30,31.00,30.20,1,0,,,,
2026-03-25T02:22:33+01:00,2570,30.80,67.50,31.30,31.00,30.10,0,0,,,,
2026-03-25T02:24:33+01:00,2571,30.77,67.37,31.30,31.00,30.00,1,0,,,,
2026-03-25T02:26:34+01:00,2572,30.80,67.57,31.30,31.00,30.10,1,0,,,,
2026-03-25T02:28:34+01:00,2573,30.83,67.43,31.30,31.00,30.20,1,0,,,,
2026-03-25T02:30:35+01:00,2574,30.80,67.10,31.30,31.00,30.10,0,0,,,,
2026-03-25T02:32:35+01:00,2575,30.77,67.30,31.30,31.00,30.00,1,0,,,,
2026-03-25T02:34:36+01:00,2576,30.73,67.53,31.20,31.00,30.00,1,0,,,,
2026-03-25T02:36:36+01:00,2577,30.77,67.50,31.20,31.00,30.10,1,0,,,,
2026-03-25T02:38:36+01:00,2578,30.80,67.50,31.30,31.00,30.10,0,0,,,,
2026-03-25T02:40:37+01:00,2579,30.73,67.33,31.20,31.00,30.00,1,0,,,,
2026-03-25T02:42:37+01:00,2580,30.80,67.60,31.30,31.00,30.10,1,0,,,,
2026-03-25T02:44:38+01:00,2581,30.80,67.50,31.30,31.00,30.10,1,0,,,,
2026-03-25T02:46:38+01:00,2582,30.80,67.10,31.30,31.00,30.10,0,0,,,,
2026-03-25T02:48:38+01:00,2583,30.73,67.30,31.20,31.00,30.00,1,0,,,,
2026-03-25T02:50:39+01:00,2584,30.73,67.53,31.20,31.00,30.00,1,0,,,,
2026-03-25T02:52:39+01:00,2585,30.77,67.57,31.20,31.00,30.10,1,0,,,,
2026-03-25T02:54:40+01:00,2586,30.77,67.57,31.20,31.00,30.10,0,0,,,,
2026-03-25T02:56:40+01:00,2587,30.73,67.43,31.20,31.00,30.00,1,0,,,,
2026-03-25T02:58:40+01:00,2588,30.70,67.63,31.20,30.90,30.00,1,0,,,,
2026-03-25T03:00:41+01:00,2589,30.73,67.63,31.20,31.00,30.00,1,0,,,,
2026-03-25T03:02:41+01:00,2590,30.77,67.60,31.20,31.00,30.10,0,0,,,,
2026-03-25T03:04:41+01:00,2591,30.70,67.43,31.20,30.90,30.00,1,0,,,,
2026-03-25T03:06:41+01:00,2592,30.73,67.70,31.20,31.00,30.00,1,0,,,,
2026-03-25T03:08:41+01:00,2593,30.80,67.63,31.30,31.00,30.10,1,0,,,,
2026-03-25T03:10:42+01:00,2594,30.87,67.50,31.40,31.00,30.20,0,0,,,,
2026-03-25T03:12:42+01:00,2595,30.77,67.33,31.30,31.00,30.00,1,0,,,,
2026-03-25T03:14:43+01:00,2596,30.80,67.43,31.30,31.00,30.10,1,0,,,,
2026-03-25T03:16:43+01:00,2597,30.80,67.43,31.30,31.00,30.10,1,0,,,,
2026-03-25T03:18:43+01:00,2598,30.83,67.07,31.30,31.00,30.20,0,0,,,,
2026-03-25T03:20:44+01:00,2599,30.77,67.23,31.30,31.00,30.00,1,0,,,,
2026-03-25T03:22:44+01:00,2600,30.80,67.40,31.30,31.00,30.10,1,0,,,,
2026-03-25T03:24:44+01:00,2601,30.80,67.33,31.30,31.00,30.10,1,0,,,,
2026-03-25T03:26:45+01:00,2602,30.83,66.97,31.30,31.00,30.20,0,0,,,,
2026-03-25T03:28:45+01:00,2603,30.77,66.93,31.30,31.00,30.00,1,0,,,,
2026-03-25T03:30:46+01:00,2604,30.80,67.43,31.30,31.00,30.10,1,0,,,,
2026-03-25T03:32:46+01:00,2605,30.80,67.10,31.30,31.00,30.10,1,0,,,,
2026-03-25T03:34:47+01:00,2606,30.87,67.37,31.40,31.00,30.20,0,0,,,,
2026-03-25T03:36:47+01:00,2607,30.80,67.20,31.30,31.00,30.10,1,0,,,,
2026-03-25T03:38:47+01:00,2608,30.80,67.40,31.30,31.00,30.10,1,0,,,,
2026-03-25T03:40:47+01:00,2609,30.90,67.07,31.40,31.10,30.20,1,0,,,,
2026-03-25T03:42:48+01:00,2610,30.93,66.93,31.40,31.10,30.30,0,0,,,,
2026-03-25T03:44:48+01:00,2611,30.90,66.80,31.40,31.10,30.20,1,0,,,,
2026-03-25T03:46:48+01:00,2612,30.90,67.27,31.40,31.10,30.20,1,0,,,,
2026-03-25T03:48:49+01:00,2613,30.90,66.87,31.40,31.10,30.20,1,0,,,,
2026-03-25T03:50:49+01:00,2614,30.93,66.83,31.50,31.10,30.20,0,0,,,,
2026-03-25T03:52:50+01:00,2615,30.87,67.07,31.40,31.10,30.10,1,0,,,,
2026-03-25T03:54:50+01:00,2616,30.93,66.83,31.50,31.10,30.20,1,0,,,,
2026-03-25T03:56:51+01:00,2617,31.03,66.83,31.50,31.20,30.40,1,0,,,,
2026-03-25T03:58:51+01:00,2618,31.03,66.70,31.50,31.20,30.40,0,0,,,,
2026-03-25T04:00:51+01:00,2619,31.00,66.67,31.50,31.20,30.30,1,0,,,,
2026-03-25T04:02:52+01:00,2620,31.03,66.77,31.50,31.20,30.40,1,0,,,,
2026-03-25T04:04:52+01:00,2621,31.10,66.73,31.60,31.30,30.40,1,0,,,,
2026-03-25T04:06:53+01:00,2622,31.13,66.67,31.60,31.30,30.50,0,0,,,,
2026-03-25T04:08:53+01:00,2623,31.10,66.60,31.60,31.30,30.40,1,0,,,,
2026-03-25T04:10:53+01:00,2624,31.07,66.60,31.60,31.20,30.40,1,0,,,,
2026-03-25T04:12:54+01:00,2625,31.10,66.60,31.60,31.30,30.40,1,0,,,,
2026-03-25T04:14:54+01:00,2626,31.10,66.50,31.60,31.30,30.40,0,0,,,,
2026-03-25T04:16:55+01:00,2627,31.00,66.53,31.50,31.20,30.30,1,0,,,,
2026-03-25T04:18:55+01:00,2628,31.00,66.53,31.50,31.20,30.30,1,0,,,,
2026-03-25T04:20:55+01:00,2629,30.93,66.50,31.40,31.10,30.30,1,0,,,,
2026-03-25T04:22:56+01:00,2630,30.93,66.43,31.40,31.10,30.30,0,0,,,,
2026-03-25T04:24:56+01:00,2631,30.80,66.50,31.30,31.00,30.10,1,0,,,,
2026-03-25T04:26:57+01:00,2632,30.83,66.57,31.30,31.00,30.20,1,0,,,,
2026-03-25T04:28:57+01:00,2633,30.83,66.57,31.30,31.00,30.20,1,0,,,,
2026-03-25T04:30:58+01:00,2634,30.80,66.60,31.30,31.00,30.10,0,0,,,,
2026-03-25T04:32:58+01:00,2635,30.73,66.67,31.20,31.00,30.00,1,0,,,,
2026-03-25T04:34:58+01:00,2636,30.77,66.77,31.20,31.00,30.10,1,0,,,,
2026-03-25T04:36:59+01:00,2637,30.83,66.77,31.30,31.00,30.20,1,0,,,,
2026-03-25T04:38:59+01:00,2638,30.83,66.67,31.30,31.00,30.20,0,0,,,,
2026-03-25T04:40:59+01:00,2639,30.80,66.60,31.30,31.00,30.10,1,0,,,,
2026-03-25T04:43:00+01:00,2640,30.77,66.77,31.20,31.00,30.10,1,0,,,,
2026-03-25T04:45:00+01:00,2641,30.77,66.77,31.20,31.00,30.10,1,0,,,,
2026-03-25T04:47:01+01:00,2642,30.83,66.73,31.30,31.00,30.20,0,0,,,,
2026-03-25T04:49:01+01:00,2643,30.73,66.73,31.20,31.00,30.00,1,0,,,,
2026-03-25T04:51:01+01:00,2644,30.77,66.93,31.20,31.00,30.10,1,0,,,,
2026-03-25T04:53:02+01:00,2645,30.83,66.83,31.30,31.00,30.20,1,0,,,,
2026-03-25T04:55:02+01:00,2646,30.87,66.77,31.40,31.00,30.20,0,0,,,,
2026-03-25T04:57:03+01:00,2647,30.80,66.67,31.30,31.00,30.10,1,0,,,,
2026-03-25T04:59:03+01:00,2648,30.80,66.67,31.30,31.00,30.10,1,0,,,,
2026-03-25T05:01:03+01:00,2649,30.80,66.67,31.30,31.00,30.10,1,0,,,,
2026-03-25T05:03:04+01:00,2650,30.77,66.67,31.20,31.00,30.10,0,0,,,,
2026-03-25T05:05:04+01:00,2651,30.70,66.73,31.10,31.00,30.00,1,0,,,,
2026-03-25T05:07:05+01:00,2652,30.70,66.90,31.10,31.00,30.00,1,0,,,,
2026-03-25T05:09:05+01:00,2653,30.70,66.87,31.10,31.00,30.00,1,0,,,,
2026-03-25T05:11:05+01:00,2654,30.77,66.90,31.20,31.00,30.10,0,0,,,,
2026-03-25T05:13:05+01:00,2655,30.67,66.77,31.10,30.90,30.00,1,0,,,,
2026-03-25T05:15:05+01:00,2656,30.73,67.07,31.20,31.00,30.00,1,0,,,,
2026-03-25T05:17:06+01:00,2657,30.83,66.97,31.30,31.00,30.20,1,0,,,,
2026-03-25T05:19:07+01:00,2658,30.83,66.77,31.30,31.00,30.20,0,0,,,,
2026-03-25T05:21:07+01:00,2659,30.77,66.77,31.30,31.00,30.00,1,0,,,,
2026-03-25T05:23:07+01:00,2660,30.80,66.97,31.30,31.00,30.10,1,0,,,,
2026-03-25T05:25:08+01:00,2661,30.83,66.97,31.30,31.00,30.20,1,0,,,,
2026-03-25T05:27:08+01:00,2662,30.83,66.77,31.30,31.00,30.20,0,0,,,,
2026-03-25T05:29:09+01:00,2663,30.73,66.80,31.20,31.00,30.00,1,0,,,,
2026-03-25T05:31:09+01:00,2664,30.73,67.33,31.20,31.00,30.00,1,0,,,,
2026-03-25T05:33:09+01:00,2665,30.80,66.90,31.30,31.00,30.10,1,0,,,,
2026-03-25T05:35:10+01:00,2666,30.80,66.83,31.30,31.00,30.10,0,0,,,,
2026-03-25T05:37:10+01:00,2667,30.73,66.77,31.20,31.00,30.00,1,0,,,,
2026-03-25T05:39:11+01:00,2668,30.77,66.90,31.20,31.00,30.10,1,0,,,,
2026-03-25T05:41:11+01:00,2669,30.77,66.87,31.20,31.00,30.10,1,0,,,,
2026-03-25T05:43:12+01:00,2670,30.80,66.80,31.30,31.00,30.10,0,0,,,,
2026-03-25T05:45:12+01:00,2671,30.73,66.77,31.20,31.00,30.00,1,0,,,,
2026-03-25T05:47:12+01:00,2672,30.77,66.90,31.20,31.00,30.10,1,0,,,,
2026-03-25T05:49:13+01:00,2673,30.77,66.90,31.20,31.00,30.10,1,0,,,,
2026-03-25T05:51:13+01:00,2674,30.80,66.77,31.30,31.00,30.10,0,0,,,,
2026-03-25T05:53:13+01:00,2675,30.77,66.77,31.30,31.00,30.00,1,0,,,,
2026-03-25T05:55:13+01:00,2676,30.80,66.90,31.30,31.00,30.10,1,0,,,,
2026-03-25T05:57:13+01:00,2677,30.83,66.77,31.30,31.00,30.20,1,0,,,,
2026-03-25T05:59:14+01:00,2678,30.83,66.73,31.30,31.00,30.20,0,0,,,,
2026-03-25T06:01:14+01:00,2679,30.80,66.73,31.30,31.00,30.10,1,0,,,,
2026-03-25T06:03:14+01:00,2680,30.80,66.87,31.30,31.00,30.10,1,0,,,,
2026-03-25T06:05:15+01:00,2681,30.77,66.90,31.20,31.00,30.10,1,0,,,,
2026-03-25T06:07:15+01:00,2682,30.80,66.80,31.30,31.00,30.10,0,0,,,,
2026-03-25T06:09:15+01:00,2683,30.73,66.77,31.20,31.00,30.00,1,0,,,,
2026-03-25T06:11:19+01:00,2684,30.77,66.87,31.20,31.00,30.10,1,0,,,,
2026-03-25T06:13:17+01:00,2685,30.77,66.83,31.20,31.00,30.10,1,0,,,,
2026-03-25T06:15:17+01:00,2686,30.77,66.80,31.20,31.00,30.10,0,0,,,,
2026-03-25T06:17:40+01:00,2687,30.70,66.77,31.20,30.90,30.00,1,0,,,,
2026-03-25T06:19:18+01:00,2688,30.73,66.87,31.20,30.90,30.10,1,0,,,,
2026-03-25T06:23:20+01:00,2689,30.77,66.80,31.20,31.00,30.10,0,0,,,,
2026-03-25T06:25:24+01:00,2690,30.70,66.77,31.20,30.90,30.00,1,0,,,,
2026-03-25T06:27:21+01:00,2691,30.70,66.87,31.20,30.90,30.00,1,0,,,,
2026-03-25T06:29:25+01:00,2692,30.77,66.83,31.20,31.00,30.10,1,0,,,,
2026-03-25T06:31:22+01:00,2693,30.77,66.80,31.20,31.00,30.10,0,0,,,,
2026-03-25T06:35:22+01:00,2694,30.77,66.87,31.20,31.00,30.10,1,0,,,,
2026-03-25T06:37:25+01:00,2695,30.80,66.87,31.30,31.00,30.10,1,0,,,,
2026-03-25T06:39:23+01:00,2696,30.80,66.83,31.30,31.00,30.10,0,0,,,,
2026-03-25T06:41:23+01:00,2697,30.70,66.77,31.20,30.90,30.00,1,0,,,,
2026-03-25T06:43:24+01:00,2698,30.57,67.63,31.00,30.80,29.90,1,0,,,,
2026-03-25T06:45:24+01:00,2699,30.40,67.87,30.80,30.60,29.80,1,0,,,,
2026-03-25T06:47:25+01:00,2700,30.23,68.43,30.60,30.50,29.60,0,0,,,,
2026-03-25T06:49:25+01:00,2701,30.13,68.40,30.50,30.40,29.50,1,0,,,,
2026-03-25T06:51:26+01:00,2702,30.03,69.13,30.40,30.30,29.40,1,0,,,,
2026-03-25T06:53:27+01:00,2703,30.23,68.77,30.60,30.40,29.70,1,0,,,,
2026-03-25T06:55:26+01:00,2704,30.37,68.60,30.80,30.50,29.80,0,0,,,,
2026-03-25T06:57:27+01:00,2705,30.33,68.33,30.80,30.50,29.70,1,0,,,,
2026-03-25T06:59:27+01:00,2706,30.47,68.47,30.90,30.60,29.90,1,0,,,,
2026-03-25T07:01:27+01:00,2707,30.57,67.30,31.00,30.70,30.00,1,0,,,,
2026-03-25T07:03:28+01:00,2708,30.63,67.23,31.10,30.80,30.00,0,0,,,,
2026-03-25T07:05:28+01:00,2709,30.57,67.67,31.00,30.80,29.90,1,0,,,,
2026-03-25T07:07:29+01:00,2710,30.60,67.57,31.00,30.80,30.00,1,0,,,,
2026-03-25T07:09:28+01:00,2711,30.67,67.57,31.10,30.90,30.00,1,0,,,,
2026-03-25T07:11:28+01:00,2712,30.67,67.17,31.10,30.90,30.00,0,0,,,,
2026-03-25T07:13:28+01:00,2713,30.57,67.73,31.00,30.80,29.90,1,0,,,,
2026-03-25T07:15:29+01:00,2714,30.60,67.27,31.00,30.80,30.00,1,0,,,,
2026-03-25T07:17:29+01:00,2715,30.47,68.03,30.80,30.70,29.90,1,0,,,,
2026-03-25T07:19:29+01:00,2716,30.30,68.57,30.70,30.50,29.70,0,0,,,,
2026-03-25T07:21:29+01:00,2717,30.23,68.53,30.60,30.50,29.60,1,0,,,,
2026-03-25T07:23:29+01:00,2718,30.23,69.27,30.60,30.40,29.70,1,0,,,,
2026-03-25T07:25:29+01:00,2719,30.37,68.83,30.80,30.50,29.80,1,0,,,,
2026-03-25T07:27:30+01:00,2720,30.57,68.00,31.00,30.70,30.00,0,0,,,,
2026-03-25T07:29:30+01:00,2721,30.50,68.43,30.90,30.70,29.90,1,0,,,,
2026-03-25T07:31:31+01:00,2722,30.53,68.57,31.00,30.70,29.90,1,0,,,,
2026-03-25T07:33:40+01:00,2723,30.60,67.73,31.00,30.80,30.00,1,0,,,,
2026-03-25T07:35:31+01:00,2724,30.63,67.67,31.10,30.80,30.00,0,0,,,,
2026-03-25T07:37:31+01:00,2725,30.60,67.53,31.00,30.80,30.00,1,0,,,,
2026-03-25T07:44:28+01:00,2726,30.03,69.07,30.50,30.20,29.40,1,0,,,,
2026-03-25T07:46:28+01:00,2727,30.27,69.47,30.70,30.40,29.70,1,0,,,,
2026-03-25T07:48:29+01:00,2728,30.33,69.27,30.80,30.50,29.70,1,0,,,,
2026-03-25T07:50:29+01:00,2729,30.47,68.80,30.90,30.60,29.90,0,0,,,,
2026-03-25T07:52:30+01:00,2730,30.43,68.50,30.90,30.60,29.80,1,0,,,,
2026-03-25T07:54:30+01:00,2731,30.50,68.83,31.00,30.60,29.90,1,0,,,,
2026-03-25T07:56:30+01:00,2732,30.57,68.37,31.00,30.70,30.00,1,0,,,,
2026-03-25T07:58:30+01:00,2733,30.63,67.93,31.10,30.80,30.00,0,0,,,,
2026-03-25T08:00:31+01:00,2734,30.63,67.70,31.10,30.80,30.00,1,0,,,,
2026-03-25T08:02:31+01:00,2735,30.67,67.87,31.10,30.90,30.00,1,0,,,,
2026-03-25T08:04:32+01:00,2736,30.77,67.80,31.20,31.00,30.10,1,0,,,,
2026-03-25T08:06:32+01:00,2737,30.77,67.73,31.20,31.00,30.10,0,0,,,,
2026-03-25T08:08:33+01:00,2738,30.70,67.63,31.20,30.90,30.00,1,0,,,,
2026-03-25T08:10:33+01:00,2739,30.67,67.90,31.10,30.90,30.00,1,0,,,,
2026-03-25T08:26:34+01:00,2740,29.67,70.97,29.90,30.10,29.00,1,0,,,,
2026-03-25T08:40:36+01:00,2741,30.23,71.10,30.60,30.60,29.50,0,0,,,,
2026-03-25T10:04:12+01:00,2742,30.43,67.13,31.00,30.70,29.60,1,0,,,,
2026-03-25T10:06:12+01:00,2743,30.50,66.37,31.00,30.70,29.80,1,0,,,,
2026-03-25T10:09:06+01:00,2744,30.53,66.47,31.00,30.80,29.80,1,0,,,,
2026-03-25T10:11:06+01:00,2745,30.63,65.50,31.10,30.80,30.00,1,0,,,,
2026-03-25T10:13:07+01:00,2746,30.80,64.90,31.30,31.00,30.10,1,0,,,,
2026-03-25T10:15:07+01:00,2747,30.90,64.43,31.40,31.00,30.30,0,0,,,,
2026-03-25T10:20:04+01:00,2748,30.80,65.43,31.40,31.00,30.00,1,0,,,,
2026-03-25T10:22:03+01:00,2749,30.83,64.33,31.30,31.00,30.20,1,0,,,,
2026-03-25T10:24:03+01:00,2750,30.90,63.67,31.40,31.00,30.30,1,0,,,,
2026-03-25T10:28:45+01:00,2751,30.90,64.13,31.50,31.00,30.20,1,0,,,,
2026-03-25T10:30:45+01:00,2752,31.00,63.33,31.50,31.10,30.40,1,0,,,,
2026-03-25T10:32:46+01:00,2753,31.00,63.30,31.50,31.10,30.40,1,0,,,,
2026-03-25T10:34:46+01:00,2754,31.00,63.47,31.50,31.10,30.40,0,0,,,,
2026-03-25T10:36:51+01:00,2755,31.00,64.27,31.50,31.10,30.40,1,0,,,,
2026-03-25T10:38:47+01:00,2756,31.07,63.60,31.60,31.20,30.40,1,0,,,,
2026-03-25T10:40:49+01:00,2757,31.17,63.57,31.70,31.30,30.50,1,0,,,,
2026-03-25T10:42:47+01:00,2758,31.20,63.30,31.70,31.30,30.60,0,0,,,,
2026-03-25T10:44:47+01:00,2759,31.13,63.80,31.70,31.30,30.40,1,0,,,,
2026-03-25T10:46:52+01:00,2760,31.23,63.23,31.80,31.30,30.60,1,0,,,,
2026-03-25T10:48:48+01:00,2761,31.30,63.37,31.80,31.40,30.70,1,0,,,,
2026-03-25T10:50:50+01:00,2762,31.33,63.43,31.90,31.40,30.70,0,0,,,,
2026-03-25T10:52:50+01:00,2763,31.27,63.80,31.90,31.40,30.50,1,0,,,,
2026-03-25T10:54:50+01:00,2764,31.33,63.53,31.90,31.40,30.70,1,0,,,,
2026-03-25T10:56:50+01:00,2765,31.37,62.83,31.90,31.50,30.70,1,0,,,,
2026-03-25T10:58:50+01:00,2766,31.40,62.40,31.90,31.50,30.80,0,0,,,,
2026-03-25T11:03:30+01:00,2767,31.23,63.70,31.80,31.40,30.50,1,0,,,,
2026-03-25T11:05:30+01:00,2768,31.37,62.53,31.90,31.50,30.70,1,0,,,,
2026-03-25T11:07:31+01:00,2769,31.47,62.27,32.00,31.60,30.80,1,0,,,,
2026-03-25T11:10:10+01:00,2770,31.63,60.70,32.00,32.00,30.90,1,0,,,,
2026-03-25T11:11:32+01:00,2771,31.83,59.80,32.20,32.20,31.10,1,0,,,,
2026-03-25T11:13:33+01:00,2772,32.00,59.47,32.40,32.40,31.20,1,0,,,,
2026-03-25T11:15:33+01:00,2773,32.00,59.27,32.40,32.40,31.20,1,0,,,,
2026-03-25T11:21:29+01:00,2774,31.87,62.07,32.10,32.50,31.00,1,0,,,,
2026-03-25T11:23:30+01:00,2775,31.83,60.87,32.20,32.20,31.10,1,0,,,,
2026-03-25T11:25:30+01:00,2776,31.73,60.67,32.10,32.10,31.00,1,0,,,,
2026-03-26T09:53:58+01:00,2777,28.10,66.50,28.40,28.20,27.70,1,0,,,,
2026-03-26T09:55:44+01:00,2778,28.27,69.07,28.50,28.40,27.90,1,0,,,,
2026-03-26T09:57:48+01:00,2779,28.43,68.83,28.70,28.60,28.00,1,0,,,,
2026-03-26T09:59:46+01:00,2780,28.67,68.77,29.00,28.80,28.20,1,0,,,,
2026-03-26T10:01:47+01:00,2781,28.83,68.20,29.10,29.00,28.40,1,0,,,,
2026-03-26T10:03:46+01:00,2782,29.03,67.83,29.40,29.10,28.60,1,0,,,,
2026-03-26T10:05:47+01:00,2783,29.20,67.77,29.60,29.30,28.70,1,0,,,,
2026-03-26T10:07:47+01:00,2784,29.40,67.77,29.80,29.50,28.90,1,0,,,,
2026-03-26T10:09:52+01:00,2785,29.53,67.73,29.90,29.70,29.00,1,0,,,,
2026-03-26T10:11:48+01:00,2786,29.67,67.20,30.00,29.80,29.20,1,0,,,,
2026-03-26T10:13:54+01:00,2787,29.73,67.47,30.10,29.90,29.20,1,0,,,,
2026-03-26T10:17:36+01:00,2788,29.77,66.83,30.20,30.00,29.10,1,0,,,,
2026-03-26T10:19:37+01:00,2789,29.90,66.67,30.30,30.10,29.30,1,0,,,,
2026-03-26T10:21:37+01:00,2790,30.00,66.60,30.40,30.20,29.40,1,0,,,,
2026-03-26T10:23:37+01:00,2791,30.03,66.70,30.40,30.30,29.40,0,0,,,,
2026-03-26T10:25:38+01:00,2792,30.03,66.70,30.40,30.30,29.40,1,0,,,,
2026-03-26T10:27:41+01:00,2793,30.10,67.33,30.50,30.30,29.50,1,0,,,,
2026-03-26T10:29:41+01:00,2794,30.23,66.80,30.60,30.40,29.70,1,0,,,,
2026-03-26T10:31:42+01:00,2795,30.23,66.63,30.60,30.40,29.70,0,0,,,,
2026-03-26T10:35:40+01:00,2796,30.30,66.83,30.70,30.50,29.70,1,0,,,,
2026-03-26T10:37:42+01:00,2797,30.40,66.80,30.80,30.60,29.80,1,0,,,,
2026-03-26T10:39:42+01:00,2798,30.43,66.90,30.80,30.60,29.90,0,0,,,,
2026-03-26T10:41:45+01:00,2799,30.37,66.87,30.80,30.60,29.70,1,0,,,,
2026-03-26T10:43:43+01:00,2800,30.40,66.00,30.80,30.60,29.80,1,0,,,,
2026-03-26T10:46:18+01:00,2801,30.33,66.53,30.80,30.50,29.70,1,0,,,,
2026-03-26T10:48:21+01:00,2802,30.30,66.07,30.70,30.50,29.70,1,0,,,,
2026-03-26T10:50:19+01:00,2803,30.40,66.60,30.80,30.60,29.80,1,0,,,,
2026-03-26T10:52:25+01:00,2804,30.40,66.60,30.80,30.60,29.80,0,0,,,,
2026-03-26T10:54:21+01:00,2805,30.40,66.67,30.80,30.60,29.80,1,0,,,,
2026-03-26T10:56:23+01:00,2806,30.40,66.63,30.80,30.60,29.80,1,0,,,,
2026-03-26T10:58:21+01:00,2807,30.50,66.53,30.90,30.70,29.90,1,0,,,,
2026-03-26T11:00:25+01:00,2808,30.53,65.17,30.90,30.70,30.00,0,0,,,,
2026-03-26T11:02:35+01:00,2809,30.43,66.00,30.90,30.60,29.80,1,0,,,,
2026-03-26T11:06:34+01:00,2810,30.50,65.90,30.90,30.70,29.90,1,0,,,,
2026-03-26T11:08:45+01:00,2811,30.53,65.53,31.00,30.70,29.90,0,0,,,,
2026-03-26T11:10:50+01:00,2812,30.43,65.80,30.90,30.70,29.70,1,0,,,,
2026-03-26T11:12:35+01:00,2813,30.47,65.43,30.90,30.70,29.80,1,0,,,,
2026-03-26T11:14:38+01:00,2814,30.50,65.03,30.90,30.70,29.90,1,0,,,,
2026-03-26T11:16:44+01:00,2815,30.53,65.43,31.00,30.70,29.90,0,0,,,,
2026-03-26T11:20:43+01:00,2816,30.53,65.50,31.00,30.70,29.90,1,0,,,,
2026-03-26T11:24:40+01:00,2817,30.60,64.83,31.00,30.80,30.00,0,0,,,,
2026-03-26T11:26:45+01:00,2818,30.53,65.60,31.00,30.80,29.80,1,0,,,,
2026-03-26T11:28:53+01:00,2819,30.60,65.40,31.00,30.80,30.00,1,0,,,,
2026-03-26T11:30:44+01:00,2820,30.67,64.73,31.10,30.90,30.00,1,0,,,,
2026-03-26T11:35:04+01:00,2821,30.63,65.53,31.10,30.90,29.90,1,0,,,,
2026-03-26T11:46:47+01:00,2822,30.77,64.57,31.20,31.00,30.10,1,0,,,,
2026-03-26T11:50:49+01:00,2823,30.70,64.63,31.20,30.90,30.00,1,0,,,,
2026-03-26T11:52:46+01:00,2824,30.67,64.27,31.10,30.90,30.00,1,0,,,,
2026-03-26T11:54:51+01:00,2825,30.77,64.53,31.20,31.00,30.10,1,0,,,,
2026-03-26T11:57:03+01:00,2826,30.77,64.70,31.20,31.00,30.10,0,0,,,,
2026-03-26T11:58:49+01:00,2827,30.67,64.87,31.10,30.90,30.00,1,0,,,,
2026-03-26T12:01:01+01:00,2828,30.63,64.60,31.00,30.90,30.00,1,0,,,,
2026-03-26T12:06:45+01:00,2829,30.57,65.50,31.00,30.80,29.90,1,0,,,,
2026-03-26T12:08:50+01:00,2830,30.60,64.73,31.00,30.80,30.00,1,0,,,,
2026-03-26T12:12:47+01:00,2831,30.67,64.63,31.10,30.90,30.00,0,0,,,,
2026-03-26T12:24:49+01:00,2832,30.73,64.57,31.20,31.00,30.00,1,0,,,,
2026-03-26T12:26:53+01:00,2833,30.80,64.73,31.20,31.00,30.20,1,0,,,,
2026-03-26T12:29:24+01:00,2834,30.77,64.50,31.20,31.00,30.10,0,0,,,,
2026-03-26T12:30:52+01:00,2835,30.73,64.77,31.20,31.00,30.00,1,0,,,,
2026-03-26T12:43:00+01:00,2836,30.90,64.33,31.40,31.10,30.20,1,0,,,,
2026-03-26T12:44:55+01:00,2837,30.90,64.17,31.40,31.10,30.20,0,0,,,,
2026-03-26T12:46:57+01:00,2838,30.80,64.40,31.30,31.00,30.10,1,0,,,,
2026-03-26T13:02:56+01:00,2839,30.90,63.73,31.40,31.10,30.20,1,0,,,,
2026-03-26T13:05:00+01:00,2840,30.90,63.37,31.40,31.10,30.20,1,0,,,,
2026-03-26T13:13:31+01:00,2841,30.97,63.23,31.50,31.10,30.30,1,0,,,,
2026-03-26T13:15:10+01:00,2842,31.03,63.27,31.50,31.20,30.40,1,0,,,,
2026-03-26T13:21:32+01:00,2843,31.07,63.33,31.60,31.20,30.40,1,0,,,,
2026-03-26T13:25:32+01:00,2844,31.13,63.63,31.60,31.30,30.50,0,0,,,,
2026-03-26T13:27:32+01:00,2845,31.03,64.10,31.60,31.20,30.30,1,0,,,,
2026-03-26T13:33:47+01:00,2846,31.23,62.70,31.70,31.40,30.60,0,0,,,,
2026-03-26T13:37:32+01:00,2847,31.20,62.37,31.70,31.30,30.60,1,0,,,,
2026-03-26T13:45:15+01:00,2848,31.27,62.53,31.80,31.40,30.60,1,0,,,,
2026-03-26T13:47:15+01:00,2849,31.30,62.43,31.80,31.50,30.60,1,0,,,,
2026-03-26T16:17:38+01:00,2850,30.37,66.13,30.90,30.50,29.70,1,0,,,,
2026-03-26T16:21:04+01:00,2851,30.70,64.77,31.30,30.80,30.00,1,0,,,,
2026-03-26T16:48:09+01:00,2852,31.67,60.87,32.20,31.80,31.00,1,0,,,,
2026-03-26T16:49:13+01:00,2853,31.77,60.83,32.30,31.90,31.10,1,0,,,,
2026-03-26T16:55:21+01:00,2854,31.80,60.77,32.40,31.90,31.10,1,0,,,,
2026-03-26T16:58:03+01:00,2855,31.83,60.83,32.40,32.00,31.10,1,0,,,,
2026-03-26T16:59:23+01:00,2856,31.90,60.80,32.50,32.00,31.20,0,0,,,,
2026-03-27T14:18:02+01:00,2857,32.70,57.73,33.40,32.70,32.00,0,0,,,,
2026-03-27T14:20:03+01:00,2858,32.63,58.80,33.40,32.60,31.90,1,0,,,,
2026-03-27T14:22:04+01:00,2859,32.70,57.30,33.40,32.70,32.00,1,0,,,,
2026-03-27T14:27:01+01:00,2860,32.80,57.13,33.50,32.80,32.10,0,0,,,,
2026-03-27T14:35:02+01:00,2861,32.80,56.60,33.50,32.90,32.00,0,0,,,,
2026-03-27T14:46:26+01:00,2862,32.67,56.77,33.30,32.80,31.90,1,0,,,,
2026-03-27T14:48:27+01:00,2863,32.70,56.73,33.30,32.90,31.90,1,0,,,,
2026-03-27T14:50:28+01:00,2864,32.77,56.47,33.40,32.90,32.00,0,0,,,,
2026-03-27T14:53:01+01:00,2865,32.63,57.47,33.30,32.80,31.80,1,0,,,,
2026-03-27T14:54:29+01:00,2866,32.67,56.87,33.30,32.80,31.90,1,0,,,,
2026-03-27T14:57:01+01:00,2867,32.67,56.97,33.30,32.80,31.90,1,0,,,,
2026-03-27T14:58:31+01:00,2868,32.77,56.97,33.40,32.90,32.00,0,0,,,,
2026-03-27T15:01:01+01:00,2869,32.67,58.07,33.40,32.80,31.80,1,0,,,,
2026-03-27T15:04:33+01:00,2870,32.87,56.47,33.50,33.00,32.10,1,0,,,,
2026-03-27T15:08:33+01:00,2871,32.90,57.33,33.70,33.00,32.00,1,0,,,,
2026-03-27T15:10:35+01:00,2872,33.00,56.20,33.70,33.10,32.20,1,0,,,,
2026-03-27T15:12:36+01:00,2873,33.00,56.23,33.70,33.10,32.20,1,0,,,,
2026-03-27T15:17:01+01:00,2874,32.90,57.30,33.60,33.10,32.00,1,0,,,,
2026-03-27T15:18:42+01:00,2875,32.97,56.57,33.60,33.10,32.20,1,0,,,,
2026-03-27T15:21:02+01:00,2876,33.03,56.37,33.70,33.20,32.20,1,0,,,,
2026-03-27T15:22:55+01:00,2877,33.03,55.57,33.70,33.20,32.20,0,0,,,,
2026-03-27T15:27:02+01:00,2878,33.03,56.10,33.70,33.20,32.20,1,0,,,,
2026-03-27T15:29:01+01:00,2879,33.03,55.57,33.70,33.20,32.20,1,0,,,,
2026-03-27T15:32:46+01:00,2880,33.00,56.83,33.70,33.20,32.10,1,0,,,,
2026-03-27T15:34:55+01:00,2881,33.10,55.43,33.80,33.20,32.30,1,0,,,,
2026-03-27T15:37:02+01:00,2882,33.17,55.10,33.90,33.30,32.30,1,0,,,,
2026-03-27T15:38:48+01:00,2883,33.23,55.30,33.90,33.40,32.40,0,0,,,,
2026-03-27T15:40:48+01:00,2884,33.13,56.73,33.90,33.30,32.20,1,0,,,,
2026-03-27T15:45:01+01:00,2885,33.20,55.23,33.90,33.40,32.30,1,0,,,,
2026-03-27T15:46:51+01:00,2886,33.27,54.67,34.00,33.40,32.40,0,0,,,,
2026-03-27T15:49:01+01:00,2887,33.17,56.13,34.00,33.30,32.20,1,0,,,,
2026-03-27T15:50:52+01:00,2888,33.23,55.00,34.00,33.40,32.30,1,0,,,,
2026-03-27T15:53:01+01:00,2889,33.27,54.57,34.00,33.40,32.40,1,0,,,,
2026-03-27T15:56:54+01:00,2890,33.23,55.60,34.00,33.40,32.30,1,0,,,,
2026-03-27T15:59:01+01:00,2891,33.27,54.60,34.00,33.40,32.40,1,0,,,,
2026-03-27T16:02:56+01:00,2892,33.23,55.27,33.90,33.40,32.40,0,0,,,,
2026-03-27T16:06:58+01:00,2893,33.17,54.33,33.90,33.30,32.30,1,0,,,,
2026-03-27T16:08:58+01:00,2894,33.20,54.37,33.90,33.30,32.40,1,0,,,,
2026-03-27T16:10:58+01:00,2895,33.27,54.47,34.00,33.40,32.40,0,0,,,,
2026-03-27T16:12:58+01:00,2896,33.20,55.97,34.00,33.30,32.30,1,0,,,,
2026-03-27T16:14:58+01:00,2897,33.27,55.37,34.00,33.40,32.40,1,0,,,,
2026-03-27T16:16:58+01:00,2898,33.27,55.20,34.00,33.40,32.40,1,0,,,,
2026-03-27T16:18:58+01:00,2899,33.33,54.73,34.00,33.50,32.50,0,0,,,,
2026-03-27T16:20:58+01:00,2900,33.27,56.03,34.00,33.40,32.40,1,0,,,,
2026-03-27T16:23:01+01:00,2901,33.33,55.30,34.00,33.50,32.50,1,0,,,,
2026-03-27T16:27:04+01:00,2902,33.47,54.67,34.10,33.60,32.70,0,0,,,,
2026-03-27T16:29:04+01:00,2903,33.43,56.03,34.20,33.50,32.60,1,0,,,,
2026-03-27T16:31:04+01:00,2904,33.50,54.67,34.20,33.60,32.70,1,0,,,,
2026-03-27T16:33:04+01:00,2905,33.60,54.57,34.30,33.70,32.80,1,0,,,,
2026-03-27T16:37:13+01:00,2906,33.57,55.90,34.40,33.60,32.70,1,0,,,,
2026-03-27T16:39:13+01:00,2907,33.57,55.30,34.30,33.70,32.70,1,0,,,,
2026-03-27T16:47:23+01:00,2908,33.30,57.27,34.10,33.40,32.40,1,0,,,,
2026-03-27T16:49:23+01:00,2909,33.47,55.63,34.20,33.50,32.70,1,0,,,,
2026-03-27T16:51:23+01:00,2910,33.50,55.60,34.20,33.60,32.70,1,0,,,,
2026-03-27T16:53:23+01:00,2911,33.60,55.43,34.30,33.70,32.80,0,0,,,,
2026-03-27T16:55:24+01:00,2912,33.53,56.27,34.30,33.60,32.70,1,0,,,,
2026-03-27T16:58:40+01:00,2913,33.37,57.27,34.20,33.40,32.50,1,0,,,,
2026-03-27T17:00:41+01:00,2914,33.50,56.47,34.20,33.60,32.70,1,0,,,,
2026-03-27T17:02:41+01:00,2915,33.60,55.70,34.30,33.70,32.80,1,0,,,,
2026-03-27T17:04:41+01:00,2916,33.63,55.17,34.30,33.80,32.80,0,0,,,,
2026-03-27T17:06:42+01:00,2917,33.57,56.13,34.30,33.80,32.60,1,0,,,,
2026-03-27T17:08:42+01:00,2918,33.60,54.43,34.30,33.80,32.70,1,0,,,,
2026-03-27T17:10:43+01:00,2919,33.67,54.27,34.30,33.90,32.80,1,0,,,,
2026-03-27T17:12:43+01:00,2920,33.70,53.57,34.40,33.90,32.80,0,0,,,,
2026-03-27T17:14:44+01:00,2921,33.67,55.13,34.40,33.90,32.70,1,0,,,,
2026-03-27T17:16:44+01:00,2922,33.70,54.20,34.40,33.90,32.80,1,0,,,,
2026-03-27T17:18:45+01:00,2923,33.77,53.53,34.40,34.00,32.90,1,0,,,,
2026-03-27T17:20:45+01:00,2924,33.77,53.50,34.40,34.00,32.90,0,0,,,,
2026-03-27T17:22:45+01:00,2925,33.77,55.00,34.50,34.00,32.80,0,0,,,,
2026-03-27T17:24:46+01:00,2926,33.63,55.80,34.40,33.80,32.70,1,0,,,,
2026-03-27T17:26:46+01:00,2927,33.70,53.57,34.40,33.90,32.80,1,0,,,,
2026-03-27T17:31:31+01:00,2928,33.63,55.50,34.40,33.80,32.70,1,0,,,,
2026-03-27T17:33:32+01:00,2929,33.70,53.13,34.40,33.90,32.80,1,0,,,,
2026-03-27T17:35:32+01:00,2930,33.73,52.70,34.40,33.90,32.90,1,0,,,,
2026-03-27T17:37:33+01:00,2931,33.83,53.23,34.50,34.00,33.00,0,0,,,,
2026-03-27T17:39:33+01:00,2932,33.73,54.73,34.50,33.90,32.80,0,0,,,,
2026-03-27T17:44:10+01:00,2933,33.43,56.23,34.20,33.60,32.50,1,0,,,,
2026-03-27T17:46:12+01:00,2934,33.63,53.73,34.30,33.80,32.80,1,0,,,,
2026-03-27T17:48:11+01:00,2935,33.70,51.13,34.30,33.90,32.90,1,0,,,,
2026-03-27T17:50:12+01:00,2936,33.57,50.90,34.20,33.80,32.70,0,0,,,,
2026-03-27T17:52:13+01:00,2937,33.43,52.90,34.10,33.60,32.60,0,0,,,,
2026-03-27T17:54:13+01:00,2938,33.23,54.43,34.00,33.50,32.20,0,0,,,,
2026-03-27T17:59:16+01:00,2939,32.93,56.60,33.60,33.20,32.00,1,0,,,,
2026-03-27T18:01:16+01:00,2940,33.00,52.67,33.60,33.20,32.20,1,0,,,,
2026-03-27T18:03:16+01:00,2941,33.03,54.40,33.70,33.20,32.20,1,0,,,,
2026-03-27T18:05:17+01:00,2942,33.10,56.17,33.70,33.30,32.30,0,0,,,,
2026-03-27T18:07:17+01:00,2943,33.00,56.43,33.70,33.20,32.10,1,0,,,,
2026-03-27T18:09:19+01:00,2944,33.03,56.77,33.70,33.20,32.20,1,0,,,,
2026-03-27T18:11:19+01:00,2945,33.10,56.83,33.70,33.30,32.30,1,0,,,,
2026-03-27T18:13:19+01:00,2946,33.10,56.83,33.70,33.30,32.30,0,0,,,,
2026-03-27T18:15:19+01:00,2947,33.00,57.40,33.70,33.20,32.10,1,0,,,,
2026-03-27T18:17:20+01:00,2948,33.00,57.43,33.70,33.20,32.10,1,0,,,,
2026-03-27T18:19:20+01:00,2949,33.07,57.47,33.70,33.30,32.20,1,0,,,,
2026-03-27T18:21:20+01:00,2950,33.03,57.37,33.60,33.30,32.20,0,0,,,,
2026-03-27T18:23:20+01:00,2951,32.93,57.63,33.60,33.20,32.00,1,0,,,,
2026-03-27T18:27:37+01:00,2952,32.77,58.40,33.40,33.00,31.90,1,0,,,,
2026-03-27T18:29:38+01:00,2953,32.87,58.30,33.50,33.10,32.00,1,0,,,,
2026-03-27T18:31:38+01:00,2954,32.90,58.23,33.50,33.10,32.10,1,0,,,,
2026-03-27T18:33:39+01:00,2955,33.00,58.27,33.60,33.20,32.20,0,0,,,,
2026-03-27T18:35:39+01:00,2956,32.87,58.33,33.50,33.10,32.00,1,0,,,,
2026-03-27T18:37:40+01:00,2957,32.90,58.43,33.50,33.10,32.10,1,0,,,,
2026-03-27T18:39:40+01:00,2958,32.87,58.40,33.50,33.10,32.00,1,0,,,,
2026-03-27T18:41:41+01:00,2959,32.90,58.53,33.50,33.20,32.00,0,0,,,,
2026-03-27T18:43:41+01:00,2960,32.80,58.90,33.40,33.10,31.90,1,0,,,,
2026-03-27T18:45:42+01:00,2961,32.83,59.13,33.40,33.10,32.00,1,0,,,,
2026-03-27T18:47:42+01:00,2962,32.83,59.20,33.40,33.10,32.00,1,0,,,,
2026-03-27T18:49:43+01:00,2963,32.93,59.33,33.50,33.20,32.10,0,0,,,,
2026-03-27T18:51:44+01:00,2964,32.80,59.57,33.40,33.10,31.90,1,0,,,,
2026-03-27T18:53:44+01:00,2965,32.83,59.37,33.40,33.10,32.00,1,0,,,,
2026-03-27T18:55:44+01:00,2966,32.83,59.33,33.40,33.10,32.00,1,0,,,,
2026-03-27T18:57:45+01:00,2967,32.83,59.30,33.40,33.10,32.00,0,0,,,,
2026-03-27T18:59:45+01:00,2968,32.73,59.67,33.30,33.00,31.90,1,0,,,,
2026-03-27T19:01:46+01:00,2969,32.73,59.93,33.30,33.00,31.90,1,0,,,,
2026-03-27T19:03:47+01:00,2970,32.73,59.83,33.30,33.00,31.90,1,0,,,,
2026-03-27T19:05:47+01:00,2971,32.73,59.50,33.30,33.00,31.90,0,0,,,,
2026-03-27T19:07:47+01:00,2972,32.70,59.87,33.30,33.00,31.80,1,0,,,,
2026-03-27T19:09:48+01:00,2973,32.70,60.13,33.20,33.00,31.90,1,0,,,,
2026-03-27T19:11:48+01:00,2974,32.70,60.17,33.20,33.00,31.90,1,0,,,,
2026-03-27T19:13:49+01:00,2975,32.63,60.37,33.20,32.90,31.80,0,0,,,,
2026-03-27T19:15:50+01:00,2976,32.53,60.70,33.10,32.80,31.70,1,0,,,,
2026-03-27T19:17:49+01:00,2977,32.47,61.17,33.00,32.80,31.60,1,0,,,,
2026-03-27T19:19:50+01:00,2978,32.50,61.33,33.00,32.80,31.70,1,0,,,,
2026-03-27T19:21:50+01:00,2979,32.53,61.37,33.10,32.80,31.70,0,0,,,,
2026-03-27T19:27:53+01:00,2980,32.47,61.67,33.00,32.70,31.70,1,0,,,,
2026-03-27T19:29:54+01:00,2981,32.43,61.63,33.00,32.70,31.60,0,0,,,,
2026-03-27T19:31:52+01:00,2982,32.37,61.50,32.90,32.70,31.50,1,0,,,,
2026-03-27T19:35:53+01:00,2983,32.43,61.73,33.00,32.70,31.60,1,0,,,,
2026-03-27T19:37:53+01:00,2984,32.43,61.83,33.00,32.70,31.60,0,0,,,,
2026-03-27T19:39:55+01:00,2985,32.30,61.73,32.80,32.60,31.50,1,0,,,,
2026-03-27T19:41:54+01:00,2986,32.30,62.67,32.80,32.60,31.50,1,0,,,,
2026-03-27T19:43:55+01:00,2987,32.33,62.17,32.80,32.60,31.60,1,0,,,,
2026-03-27T19:45:55+01:00,2988,32.30,62.13,32.80,32.60,31.50,0,0,,,,
2026-03-27T19:47:55+01:00,2989,32.27,61.90,32.80,32.60,31.40,1,0,,,,
2026-03-27T19:49:57+01:00,2990,32.27,62.57,32.80,32.50,31.50,1,0,,,,
2026-03-27T19:51:56+01:00,2991,32.23,62.20,32.70,32.50,31.50,1,0,,,,
2026-03-27T19:53:57+01:00,2992,32.20,62.23,32.70,32.50,31.40,0,0,,,,
2026-03-27T19:55:58+01:00,2993,32.10,62.07,32.60,32.50,31.20,1,0,,,,
2026-03-27T19:59:59+01:00,2994,32.03,57.53,32.50,32.30,31.30,1,0,,,,
2026-03-27T20:04:04+01:00,2995,31.80,56.97,32.30,32.10,31.00,1,0,,,,
2026-03-27T20:06:04+01:00,2996,31.63,52.57,32.00,31.90,31.00,1,0,,,,
2026-03-27T20:08:02+01:00,2997,31.53,52.37,32.00,31.80,30.80,1,0,,,,
2026-03-27T20:10:03+01:00,2998,31.40,51.70,31.80,31.60,30.80,0,0,,,,
2026-03-27T20:12:02+01:00,2999,31.27,54.37,31.70,31.50,30.60,0,0,,,,
2026-03-27T20:14:03+01:00,3000,31.07,55.93,31.50,31.40,30.30,1,0,,,,
2026-03-27T20:16:03+01:00,3001,31.03,52.73,31.40,31.30,30.40,1,0,,,,
2026-03-27T20:18:04+01:00,3002,30.97,52.70,31.30,31.20,30.40,1,0,,,,
2026-03-27T20:20:05+01:00,3003,30.90,52.80,31.30,31.10,30.30,0,0,,,,
2026-03-27T20:22:06+01:00,3004,30.77,54.60,31.20,31.00,30.10,0,0,,,,
2026-03-27T20:24:06+01:00,3005,30.70,56.03,31.10,31.00,30.00,1,0,,,,
2026-03-27T20:26:06+01:00,3006,30.73,53.83,31.10,31.00,30.10,1,0,,,,
2026-03-27T20:28:06+01:00,3007,30.77,53.77,31.20,31.00,30.10,1,0,,,,
2026-03-27T20:30:06+01:00,3008,30.83,53.50,31.30,31.00,30.20,0,0,,,,
2026-03-27T20:32:07+01:00,3009,30.83,54.77,31.30,31.00,30.20,0,0,,,,
2026-03-27T20:34:07+01:00,3010,30.80,55.57,31.30,31.00,30.10,1,0,,,,
2026-03-27T20:36:08+01:00,3011,30.80,53.57,31.20,31.00,30.20,1,0,,,,
2026-03-27T20:40:09+01:00,3012,30.80,52.80,31.20,31.00,30.20,0,0,,,,
2026-03-27T20:42:12+01:00,3013,30.70,54.37,31.20,30.90,30.00,0,0,,,,
2026-03-27T20:44:09+01:00,3014,30.60,55.63,31.10,30.80,29.90,1,0,,,,
2026-03-27T20:46:10+01:00,3015,30.63,53.57,31.10,30.80,30.00,1,0,,,,
2026-03-27T20:48:11+01:00,3016,30.67,53.43,31.10,30.80,30.10,1,0,,,,
2026-03-27T20:50:11+01:00,3017,30.67,53.03,31.10,30.80,30.10,0,0,,,,
2026-03-27T20:52:10+01:00,3018,30.60,54.43,31.00,30.80,30.00,0,0,,,,
2026-03-27T20:54:11+01:00,3019,30.53,55.60,31.00,30.70,29.90,1,0,,,,
2026-03-27T20:56:13+01:00,3020,30.57,53.53,31.00,30.70,30.00,1,0,,,,
2026-03-27T20:58:13+01:00,3021,30.57,53.47,31.00,30.70,30.00,1,0,,,,
2026-03-27T21:00:15+01:00,3022,30.57,53.50,31.00,30.70,30.00,0,0,,,,
2026-03-27T21:02:14+01:00,3023,30.53,54.90,31.00,30.70,29.90,0,0,,,,
2026-03-27T21:04:16+01:00,3024,30.50,55.70,31.00,30.60,29.90,1,0,,,,
2026-03-27T21:06:14+01:00,3025,30.47,54.53,30.90,30.60,29.90,1,0,,,,
2026-03-27T21:08:14+01:00,3026,30.47,54.50,30.90,30.60,29.90,1,0,,,,
2026-03-27T21:10:19+01:00,3027,30.53,53.83,31.00,30.60,30.00,0,0,,,,
2026-03-27T21:12:18+01:00,3028,30.47,55.00,31.00,30.60,29.80,0,0,,,,
2026-03-27T21:14:16+01:00,3029,30.47,55.70,31.00,30.60,29.80,1,0,,,,
2026-03-27T21:16:17+01:00,3030,30.57,54.33,31.00,30.70,30.00,1,0,,,,
2026-03-27T21:20:17+01:00,3031,30.63,53.13,31.10,30.80,30.00,0,0,,,,
2026-03-27T21:22:18+01:00,3032,30.63,54.07,31.10,30.80,30.00,0,0,,,,
2026-03-27T21:24:18+01:00,3033,30.60,54.77,31.10,30.70,30.00,0,0,,,,
2026-03-27T21:26:18+01:00,3034,30.57,55.67,31.10,30.70,29.90,1,0,,,,
2026-03-27T21:28:18+01:00,3035,30.67,53.53,31.20,30.80,30.00,1,0,,,,
2026-03-27T21:30:20+01:00,3036,30.80,53.00,31.30,30.90,30.20,1,0,,,,
2026-03-27T21:32:19+01:00,3037,30.83,52.67,31.30,31.00,30.20,0,0,,,,
2026-03-27T21:34:20+01:00,3038,30.73,53.43,31.30,30.90,30.00,0,0,,,,
2026-03-27T21:36:20+01:00,3039,30.67,54.50,31.20,30.80,30.00,0,0,,,,
2026-03-27T21:38:21+01:00,3040,30.60,55.43,31.10,30.80,29.90,1,0,,,,
2026-03-27T21:40:21+01:00,3041,30.63,52.97,31.10,30.80,30.00,1,0,,,,
2026-03-27T21:44:22+01:00,3042,30.73,52.43,31.20,30.90,30.10,0,0,,,,
2026-03-27T21:46:23+01:00,3043,30.63,53.20,31.10,30.80,30.00,0,0,,,,
2026-03-27T21:50:24+01:00,3044,30.53,55.33,31.10,30.70,29.80,1,0,,,,
2026-03-27T21:52:24+01:00,3045,30.63,53.40,31.10,30.80,30.00,1,0,,,,
2026-03-27T21:54:25+01:00,3046,30.67,52.73,31.10,30.90,30.00,1,0,,,,
2026-03-27T21:56:25+01:00,3047,30.73,52.80,31.20,30.90,30.10,0,0,,,,
2026-03-27T22:00:26+01:00,3048,30.70,54.40,31.20,30.90,30.00,0,0,,,,
2026-03-27T22:02:26+01:00,3049,30.60,55.33,31.10,30.80,29.90,1,0,,,,
2026-03-27T22:04:26+01:00,3050,30.63,53.87,31.10,30.80,30.00,1,0,,,,
2026-03-27T22:06:27+01:00,3051,30.67,54.27,31.10,30.90,30.00,1,0,,,,
2026-03-27T22:08:27+01:00,3052,30.70,54.00,31.10,30.90,30.10,0,0,,,,
2026-03-27T22:10:27+01:00,3053,30.67,54.70,31.10,30.90,30.00,0,0,,,,
2026-03-27T22:14:29+01:00,3054,30.60,54.67,31.00,30.80,30.00,1,0,,,,
2026-03-27T22:16:29+01:00,3055,30.60,54.70,31.00,30.80,30.00,1,0,,,,
2026-03-27T22:18:32+01:00,3056,30.70,54.70,31.10,30.90,30.10,0,0,,,,
2026-03-27T22:20:29+01:00,3057,30.67,55.37,31.10,30.90,30.00,1,0,,,,
2026-03-27T22:22:33+01:00,3058,30.67,54.90,31.10,30.90,30.00,1,0,,,,
2026-03-27T22:24:30+01:00,3059,30.77,55.27,31.20,31.00,30.10,1,0,,,,
2026-03-27T22:26:31+01:00,3060,30.80,54.93,31.20,31.00,30.20,0,0,,,,
2026-03-27T22:28:31+01:00,3061,30.77,55.50,31.20,31.00,30.10,1,0,,,,
2026-03-27T22:30:32+01:00,3062,30.77,55.57,31.20,31.00,30.10,1,0,,,,
2026-03-27T22:32:32+01:00,3063,30.77,55.67,31.20,31.00,30.10,1,0,,,,
2026-03-27T22:34:33+01:00,3064,30.77,55.63,31.20,31.00,30.10,0,0,,,,
2026-03-27T22:36:35+01:00,3065,30.70,55.87,31.10,31.00,30.00,1,0,,,,
2026-03-27T22:38:34+01:00,3066,30.70,56.23,31.10,31.00,30.00,1,0,,,,
2026-03-27T22:40:34+01:00,3067,30.70,56.30,31.10,31.00,30.00,1,0,,,,
2026-03-27T22:48:43+01:00,3068,30.77,56.87,31.20,31.00,30.10,1,0,,,,
2026-03-27T22:53:18+01:00,3069,30.77,57.17,31.30,31.00,30.00,1,0,,,,
2026-03-27T22:58:02+01:00,3070,30.77,56.67,31.30,31.00,30.00,1,0,,,,
2026-03-27T23:00:03+01:00,3071,30.73,56.47,31.20,31.00,30.00,1,0,,,,
2026-03-27T23:02:00+01:00,3072,30.77,56.40,31.20,31.00,30.10,1,0,,,,
2026-03-27T23:04:01+01:00,3073,30.77,56.43,31.20,31.00,30.10,1,0,,,,
2026-03-27T23:06:01+01:00,3074,30.77,56.33,31.20,31.00,30.10,1,0,,,,
2026-03-27T23:08:01+01:00,3075,30.73,56.40,31.20,31.00,30.00,1,0,,,,
2026-03-27T23:10:03+01:00,3076,30.73,56.60,31.20,31.00,30.00,1,0,,,,
2026-03-27T23:12:02+01:00,3077,30.77,56.63,31.20,31.00,30.10,1,0,,,,
2026-03-27T23:14:03+01:00,3078,30.73,56.70,31.20,31.00,30.00,1,0,,,,
2026-03-27T23:16:03+01:00,3079,30.70,56.43,31.10,31.00,30.00,1,0,,,,
2026-03-27T23:18:04+01:00,3080,30.67,56.50,31.10,30.90,30.00,1,0,,,,
2026-03-27T23:20:04+01:00,3081,30.63,56.47,31.00,30.90,30.00,1,0,,,,
2026-03-27T23:22:04+01:00,3082,30.63,55.73,31.00,30.90,30.00,1,0,,,,
2026-03-27T23:24:05+01:00,3083,30.60,55.60,31.00,30.80,30.00,1,0,,,,
2026-03-27T23:26:11+01:00,3084,30.57,56.67,31.00,30.80,29.90,1,0,,,,
2026-03-27T23:28:08+01:00,3085,30.57,56.57,31.00,30.80,29.90,0,0,,,,
2026-03-27T23:30:06+01:00,3086,30.53,56.70,31.00,30.80,29.80,0,0,,,,
2026-03-27T23:32:07+01:00,3087,30.43,57.23,31.00,30.70,29.60,0,0,,,,
2026-03-27T23:34:08+01:00,3088,30.37,57.43,31.00,30.60,29.50,0,0,,,,
2026-03-27T23:36:08+01:00,3089,30.33,57.87,30.90,30.60,29.50,0,0,,,,
2026-03-27T23:38:10+01:00,3090,30.23,57.97,30.90,30.50,29.30,0,0,,,,
2026-03-27T23:40:09+01:00,3091,30.20,58.00,30.80,30.50,29.30,1,0,,,,
2026-03-27T23:42:10+01:00,3092,30.30,56.60,30.80,30.50,29.60,1,0,,,,
2026-03-27T23:44:10+01:00,3093,30.33,56.77,30.80,30.50,29.70,1,0,,,,
2026-03-27T23:46:10+01:00,3094,30.33,56.70,30.80,30.50,29.70,1,0,,,,
2026-03-27T23:48:10+01:00,3095,30.33,56.57,30.80,30.50,29.70,1,0,,,,
2026-03-27T23:50:12+01:00,3096,30.33,56.70,30.80,30.50,29.70,1,0,,,,
2026-03-27T23:52:11+01:00,3097,30.33,56.60,30.80,30.50,29.70,1,0,,,,
2026-03-27T23:54:12+01:00,3098,30.33,56.60,30.80,30.50,29.70,1,0,,,,
2026-03-27T23:56:12+01:00,3099,30.33,56.63,30.80,30.50,29.70,1,0,,,,
2026-03-27T23:58:12+01:00,3100,30.33,56.73,30.80,30.50,29.70,1,0,,,,
2026-03-28T00:00:12+01:00,3101,30.30,56.73,30.70,30.50,29.70,1,0,,,,
2026-03-28T00:02:13+01:00,3102,30.30,56.93,30.70,30.50,29.70,1,0,,,,
2026-03-28T00:04:13+01:00,3103,30.30,57.00,30.70,30.50,29.70,1,0,,,,
2026-03-28T00:06:14+01:00,3104,30.27,57.63,30.70,30.40,29.70,1,0,,,,
2026-03-28T00:08:14+01:00,3105,30.27,57.60,30.70,30.40,29.70,1,0,,,,
2026-03-28T00:10:14+01:00,3106,30.30,57.67,30.70,30.50,29.70,0,0,,,,
2026-03-28T00:12:15+01:00,3107,30.27,57.63,30.80,30.40,29.60,0,0,,,,
2026-03-28T00:14:15+01:00,3108,30.17,57.97,30.70,30.40,29.40,0,0,,,,
2026-03-28T00:16:15+01:00,3109,30.10,58.03,30.70,30.30,29.30,0,0,,,,
2026-03-28T00:18:16+01:00,3110,30.10,58.07,30.70,30.30,29.30,0,0,,,,
2026-03-28T00:20:16+01:00,3111,30.07,58.10,30.60,30.30,29.30,0,0,,,,
2026-03-28T00:22:16+01:00,3112,30.00,58.13,30.60,30.30,29.10,1,0,,,,
2026-03-28T00:24:17+01:00,3113,30.10,58.47,30.50,30.40,29.40,1,0,,,,
2026-03-28T00:26:17+01:00,3114,30.13,57.97,30.50,30.40,29.50,1,0,,,,
2026-03-28T00:28:18+01:00,3115,30.20,57.93,30.50,30.50,29.60,1,0,,,,
2026-03-28T00:30:22+01:00,3116,30.27,58.00,30.60,30.50,29.70,1,0,,,,
2026-03-28T00:32:18+01:00,3117,30.30,57.87,30.70,30.50,29.70,1,0,,,,
2026-03-28T00:34:18+01:00,3118,30.30,57.97,30.60,30.60,29.70,1,0,,,,
2026-03-28T00:36:19+01:00,3119,30.33,58.00,30.70,30.60,29.70,1,0,,,,
2026-03-28T00:38:19+01:00,3120,30.33,58.47,30.70,30.60,29.70,1,0,,,,
2026-03-28T00:40:21+01:00,3121,30.50,58.70,30.90,30.70,29.90,1,0,,,,
2026-03-28T00:42:20+01:00,3122,30.60,57.93,31.00,30.80,30.00,1,0,,,,
2026-03-28T00:44:20+01:00,3123,30.63,57.90,31.00,30.90,30.00,1,0,,,,
2026-03-28T00:46:25+01:00,3124,30.67,57.93,31.10,30.90,30.00,1,0,,,,
2026-03-28T00:48:21+01:00,3125,30.77,58.33,31.20,31.00,30.10,1,0,,,,
2026-03-28T00:50:22+01:00,3126,30.77,58.33,31.20,31.00,30.10,1,0,,,,
2026-03-28T00:52:22+01:00,3127,30.80,58.43,31.30,31.00,30.10,0,0,,,,
2026-03-28T00:54:23+01:00,3128,30.77,58.20,31.30,31.00,30.00,0,0,,,,
2026-03-28T00:56:23+01:00,3129,30.67,58.87,31.20,31.00,29.80,0,0,,,,
2026-03-28T00:58:24+01:00,3130,30.60,58.87,31.10,30.90,29.80,0,0,,,,
2026-03-28T01:00:24+01:00,3131,30.50,58.90,31.10,30.80,29.60,0,0,,,,
2026-03-28T01:02:26+01:00,3132,30.47,59.23,31.00,30.80,29.60,0,0,,,,
2026-03-28T01:04:26+01:00,3133,30.50,59.23,31.00,30.80,29.70,1,0,,,,
2026-03-28T01:06:26+01:00,3134,30.70,60.40,31.10,31.00,30.00,1,0,,,,
2026-03-28T01:08:26+01:00,3135,30.77,60.30,31.20,31.00,30.10,1,0,,,,
2026-03-28T01:10:26+01:00,3136,30.83,60.27,31.30,31.10,30.10,1,0,,,,
2026-03-28T01:12:27+01:00,3137,30.97,60.40,31.40,31.20,30.30,1,0,,,,
2026-03-28T01:14:27+01:00,3138,31.07,60.40,31.50,31.30,30.40,1,0,,,,
2026-03-28T01:16:28+01:00,3139,31.00,60.13,31.40,31.30,30.30,1,0,,,,
2026-03-28T01:18:28+01:00,3140,30.87,60.43,31.30,31.10,30.20,1,0,,,,
2026-03-28T01:20:32+01:00,3141,30.83,60.77,31.30,31.10,30.10,1,0,,,,
2026-03-28T01:22:28+01:00,3142,30.83,61.23,31.30,31.10,30.10,1,0,,,,
2026-03-28T01:24:31+01:00,3143,30.87,61.23,31.30,31.10,30.20,1,0,,,,
2026-03-28T01:26:29+01:00,3144,30.70,60.57,31.10,31.00,30.00,1,0,,,,
2026-03-28T01:28:31+01:00,3145,30.70,61.30,31.10,31.00,30.00,1,0,,,,
2026-03-28T01:30:31+01:00,3146,30.67,61.60,31.00,31.00,30.00,1,0,,,,
2026-03-28T01:32:33+01:00,3147,30.60,62.97,30.90,31.00,29.90,1,0,,,,
2026-03-28T01:34:33+01:00,3148,30.57,63.37,30.90,30.90,29.90,0,0,,,,
2026-03-28T01:36:33+01:00,3149,30.53,62.70,30.90,30.90,29.80,0,0,,,,
2026-03-28T01:38:33+01:00,3150,30.43,62.37,30.80,30.90,29.60,0,0,,,,
2026-03-28T01:40:34+01:00,3151,30.50,62.03,30.90,30.90,29.70,0,0,,,,
2026-03-28T01:42:34+01:00,3152,30.57,61.83,31.00,31.00,29.70,0,0,,,,
2026-03-28T01:44:34+01:00,3153,30.57,61.13,31.00,31.00,29.70,0,0,,,,
2026-03-28T01:46:34+01:00,3154,30.53,60.93,31.00,31.00,29.60,1,0,,,,
2026-03-28T01:48:34+01:00,3155,30.70,63.70,31.10,31.00,30.00,1,0,,,,
2026-03-28T01:50:35+01:00,3156,30.73,63.73,31.20,31.00,30.00,1,0,,,,
2026-03-28T01:52:35+01:00,3157,30.77,63.73,31.20,31.10,30.00,1,0,,,,
2026-03-28T01:54:35+01:00,3158,30.83,63.30,31.30,31.10,30.10,1,0,,,,
2026-03-28T01:56:35+01:00,3159,30.87,63.43,31.30,31.10,30.20,1,0,,,,
2026-03-28T01:58:36+01:00,3160,30.90,63.73,31.30,31.20,30.20,1,0,,,,
2026-03-28T02:00:38+01:00,3161,30.87,63.33,31.30,31.10,30.20,1,0,,,,
2026-03-28T02:02:36+01:00,3162,30.83,63.33,31.30,31.10,30.10,1,0,,,,
2026-03-28T02:04:36+01:00,3163,30.83,63.77,31.30,31.10,30.10,1,0,,,,
2026-03-28T02:06:37+01:00,3164,30.83,63.83,31.30,31.10,30.10,1,0,,,,
2026-03-28T02:08:41+01:00,3165,30.83,64.00,31.30,31.10,30.10,1,0,,,,
2026-03-28T02:10:38+01:00,3166,30.80,64.07,31.20,31.10,30.10,1,0,,,,
2026-03-28T02:12:39+01:00,3167,30.77,64.07,31.20,31.10,30.00,1,0,,,,
2026-03-28T02:14:39+01:00,3168,30.70,64.47,31.10,31.00,30.00,1,0,,,,
2026-03-28T02:16:40+01:00,3169,30.73,64.23,31.20,31.00,30.00,0,0,,,,
2026-03-28T02:18:40+01:00,3170,30.73,63.50,31.20,31.00,30.00,0,0,,,,
2026-03-28T02:20:41+01:00,3171,30.73,63.40,31.30,31.00,29.90,0,0,,,,
2026-03-28T02:22:41+01:00,3172,30.73,63.23,31.30,31.00,29.90,0,0,,,,
2026-03-28T02:24:42+01:00,3173,30.73,63.03,31.30,31.00,29.90,0,0,,,,
2026-03-28T02:26:42+01:00,3174,30.70,62.87,31.30,31.00,29.80,0,0,,,,
2026-03-28T02:28:42+01:00,3175,30.63,62.77,31.20,31.00,29.70,1,0,,,,
2026-03-28T02:30:43+01:00,3176,30.70,64.13,31.10,31.00,30.00,1,0,,,,
2026-03-28T02:32:43+01:00,3177,30.70,64.47,31.10,31.00,30.00,1,0,,,,
2026-03-28T02:34:44+01:00,3178,30.73,64.47,31.20,31.00,30.00,1,0,,,,
2026-03-28T02:36:44+01:00,3179,30.73,64.37,31.20,31.00,30.00,1,0,,,,
2026-03-28T02:38:44+01:00,3180,30.73,64.80,31.20,31.00,30.00,1,0,,,,
2026-03-28T02:40:44+01:00,3181,30.83,64.40,31.30,31.10,30.10,1,0,,,,
2026-03-28T02:42:44+01:00,3182,30.93,64.17,31.40,31.20,30.20,1,0,,,,
2026-03-28T02:44:45+01:00,3183,31.03,63.63,31.50,31.30,30.30,1,0,,,,
2026-03-28T02:46:45+01:00,3184,31.10,63.47,31.60,31.30,30.40,1,0,,,,
2026-03-28T02:48:45+01:00,3185,31.13,63.37,31.60,31.40,30.40,1,0,,,,
2026-03-28T02:50:45+01:00,3186,31.20,63.27,31.70,31.40,30.50,1,0,,,,
2026-03-28T02:52:46+01:00,3187,31.23,63.17,31.70,31.50,30.50,1,0,,,,
2026-03-28T02:54:46+01:00,3188,31.27,63.10,31.70,31.50,30.60,1,0,,,,
2026-03-28T02:56:47+01:00,3189,31.23,63.10,31.70,31.50,30.50,1,0,,,,
2026-03-28T02:58:47+01:00,3190,31.20,63.13,31.60,31.50,30.50,0,0,,,,
2026-03-28T03:00:48+01:00,3191,31.10,62.77,31.60,31.40,30.30,0,0,,,,
2026-03-28T03:02:48+01:00,3192,31.00,62.63,31.50,31.40,30.10,0,0,,,,
2026-03-28T03:04:48+01:00,3193,30.97,62.57,31.50,31.30,30.10,0,0,,,,
2026-03-28T03:06:49+01:00,3194,30.90,62.47,31.40,31.30,30.00,0,0,,,,
2026-03-28T03:08:49+01:00,3195,30.90,62.40,31.40,31.30,30.00,0,0,,,,
2026-03-28T03:10:50+01:00,3196,30.83,63.00,31.40,31.20,29.90,1,0,,,,
2026-03-28T03:12:50+01:00,3197,30.90,63.73,31.40,31.20,30.10,1,0,,,,
2026-03-28T03:14:51+01:00,3198,30.97,63.83,31.40,31.20,30.30,1,0,,,,
2026-03-28T03:16:51+01:00,3199,31.03,63.53,31.50,31.30,30.30,1,0,,,,
2026-03-28T03:18:52+01:00,3200,31.07,63.50,31.50,31.30,30.40,1,0,,,,
2026-03-28T03:20:52+01:00,3201,31.03,63.57,31.50,31.30,30.30,1,0,,,,
2026-03-28T03:22:52+01:00,3202,31.10,63.97,31.60,31.30,30.40,1,0,,,,
2026-03-28T03:24:52+01:00,3203,31.13,64.00,31.60,31.40,30.40,1,0,,,,
2026-03-28T03:26:53+01:00,3204,31.13,64.10,31.60,31.40,30.40,1,0,,,,
2026-03-28T03:28:53+01:00,3205,31.13,64.23,31.60,31.40,30.40,1,0,,,,
2026-03-28T03:30:53+01:00,3206,31.17,64.27,31.60,31.40,30.50,1,0,,,,
2026-03-28T03:32:53+01:00,3207,31.20,64.27,31.70,31.40,30.50,1,0,,,,
2026-03-28T03:34:54+01:00,3208,31.23,64.27,31.70,31.50,30.50,1,0,,,,
2026-03-28T03:36:55+01:00,3209,31.17,64.30,31.60,31.40,30.50,1,0,,,,
2026-03-28T03:38:55+01:00,3210,31.13,64.43,31.60,31.40,30.40,1,0,,,,
2026-03-28T03:40:56+01:00,3211,31.13,64.43,31.60,31.40,30.40,0,0,,,,
2026-03-28T03:42:56+01:00,3212,31.07,63.97,31.50,31.40,30.30,0,0,,,,
2026-03-28T03:44:57+01:00,3213,30.97,63.77,31.50,31.30,30.10,0,0,,,,
2026-03-28T03:46:57+01:00,3214,30.90,63.60,31.40,31.30,30.00,0,0,,,,
2026-03-28T03:48:58+01:00,3215,30.90,63.47,31.40,31.30,30.00,0,0,,,,
2026-03-28T03:50:58+01:00,3216,30.90,63.40,31.40,31.30,30.00,0,0,,,,
2026-03-28T03:52:59+01:00,3217,30.83,63.30,31.30,31.20,30.00,1,0,,,,
2026-03-28T03:54:59+01:00,3218,30.87,64.90,31.30,31.20,30.10,1,0,,,,
2026-03-28T03:56:59+01:00,3219,30.90,65.03,31.30,31.20,30.20,1,0,,,,
2026-03-28T03:59:00+01:00,3220,30.90,65.03,31.30,31.20,30.20,1,0,,,,
2026-03-28T04:01:01+01:00,3221,30.87,65.03,31.30,31.20,30.10,1,0,,,,
2026-03-28T04:03:01+01:00,3222,30.87,65.03,31.30,31.20,30.10,1,0,,,,
2026-03-28T04:05:01+01:00,3223,30.87,65.07,31.30,31.20,30.10,1,0,,,,
2026-03-28T04:07:02+01:00,3224,30.83,65.10,31.30,31.10,30.10,1,0,,,,
2026-03-28T04:09:03+01:00,3225,30.83,65.07,31.30,31.10,30.10,1,0,,,,
2026-03-28T04:11:03+01:00,3226,30.83,65.13,31.30,31.10,30.10,1,0,,,,
2026-03-28T04:13:04+01:00,3227,30.83,65.20,31.30,31.10,30.10,1,0,,,,
2026-03-28T04:15:04+01:00,3228,30.83,65.27,31.30,31.10,30.10,1,0,,,,
2026-03-28T04:17:05+01:00,3229,30.80,65.37,31.20,31.10,30.10,1,0,,,,
2026-03-28T04:19:05+01:00,3230,30.83,65.47,31.30,31.10,30.10,1,0,,,,
2026-03-28T04:21:06+01:00,3231,30.80,65.53,31.20,31.10,30.10,1,0,,,,
2026-03-28T04:23:06+01:00,3232,30.80,65.93,31.20,31.10,30.10,0,0,,,,
2026-03-28T04:25:06+01:00,3233,30.77,65.07,31.20,31.10,30.00,0,0,,,,
2026-03-28T04:27:07+01:00,3234,30.67,65.43,31.10,31.00,29.90,0,0,,,,
2026-03-28T04:29:07+01:00,3235,30.57,65.43,31.00,31.00,29.70,0,0,,,,
2026-03-28T04:31:07+01:00,3236,30.60,65.37,31.00,31.00,29.80,0,0,,,,
2026-03-28T04:33:08+01:00,3237,30.50,65.40,31.00,30.90,29.60,0,0,,,,
2026-03-28T04:35:08+01:00,3238,30.47,65.33,31.00,30.90,29.50,1,0,,,,
2026-03-28T04:37:09+01:00,3239,30.47,67.80,30.90,30.80,29.70,1,0,,,,
2026-03-28T04:39:09+01:00,3240,30.50,68.07,30.90,30.80,29.80,1,0,,,,
2026-03-28T04:41:09+01:00,3241,30.43,68.20,30.80,30.80,29.70,1,0,,,,
2026-03-28T04:43:10+01:00,3242,30.50,68.30,30.90,30.80,29.80,1,0,,,,
2026-03-28T04:45:10+01:00,3243,30.57,68.30,31.00,30.80,29.90,1,0,,,,
2026-03-28T04:47:11+01:00,3244,30.63,67.60,31.00,30.90,30.00,1,0,,,,
2026-03-28T04:49:11+01:00,3245,30.63,67.47,31.00,30.90,30.00,1,0,,,,
2026-03-28T04:51:11+01:00,3246,30.67,67.43,31.00,31.00,30.00,1,0,,,,
2026-03-28T04:53:12+01:00,3247,30.70,67.30,31.10,31.00,30.00,1,0,,,,
2026-03-28T04:55:12+01:00,3248,30.73,66.90,31.20,31.00,30.00,1,0,,,,
2026-03-28T04:57:13+01:00,3249,30.77,66.83,31.20,31.00,30.10,1,0,,,,
2026-03-28T04:59:13+01:00,3250,30.73,67.17,31.20,31.00,30.00,1,0,,,,
2026-03-28T05:01:14+01:00,3251,30.77,66.83,31.20,31.00,30.10,1,0,,,,
2026-03-28T05:03:14+01:00,3252,30.73,66.80,31.20,31.00,30.00,1,0,,,,
2026-03-28T05:05:15+01:00,3253,30.77,67.10,31.20,31.00,30.10,0,0,,,,
2026-03-28T05:07:15+01:00,3254,30.70,66.27,31.10,31.00,30.00,0,0,,,,
2026-03-28T05:09:15+01:00,3255,30.60,66.80,31.00,31.00,29.80,0,0,,,,
2026-03-28T05:11:16+01:00,3256,30.53,66.73,31.00,30.90,29.70,0,0,,,,
2026-03-28T05:13:16+01:00,3257,30.43,66.70,30.90,30.80,29.60,0,0,,,,
2026-03-28T05:15:17+01:00,3258,30.37,66.60,30.80,30.80,29.50,0,0,,,,
2026-03-28T05:17:17+01:00,3259,30.30,66.53,30.80,30.70,29.40,1,0,,,,
2026-03-28T05:19:18+01:00,3260,30.40,68.30,30.80,30.70,29.70,1,0,,,,
2026-03-28T05:21:18+01:00,3261,30.40,68.40,30.80,30.70,29.70,1,0,,,,
2026-03-28T05:23:18+01:00,3262,30.43,68.43,30.80,30.70,29.80,1,0,,,,
2026-03-28T05:25:19+01:00,3263,30.47,68.43,30.90,30.70,29.80,1,0,,,,
2026-03-28T05:27:19+01:00,3264,30.47,68.43,30.90,30.70,29.80,1,0,,,,
2026-03-28T05:29:20+01:00,3265,30.50,68.43,30.90,30.80,29.80,1,0,,,,
2026-03-28T05:31:20+01:00,3266,30.53,68.47,30.90,30.80,29.90,1,0,,,,
2026-03-28T05:33:21+01:00,3267,30.57,68.47,31.00,30.80,29.90,1,0,,,,
2026-03-28T05:35:22+01:00,3268,30.57,68.40,31.00,30.80,29.90,1,0,,,,
2026-03-28T05:37:22+01:00,3269,30.57,68.33,31.00,30.80,29.90,1,0,,,,
2026-03-28T05:39:22+01:00,3270,30.60,67.67,31.00,30.80,30.00,1,0,,,,
2026-03-28T05:41:22+01:00,3271,30.57,68.37,31.00,30.80,29.90,1,0,,,,
2026-03-28T05:43:23+01:00,3272,30.63,67.67,31.00,30.90,30.00,1,0,,,,
2026-03-28T05:45:23+01:00,3273,30.63,67.57,31.00,30.90,30.00,1,0,,,,
2026-03-28T05:47:24+01:00,3274,30.63,67.53,31.00,30.90,30.00,0,0,,,,
2026-03-28T05:49:25+01:00,3275,30.60,67.80,31.00,30.90,29.90,0,0,,,,
2026-03-28T05:51:25+01:00,3276,30.57,67.23,31.00,30.90,29.80,0,0,,,,
2026-03-28T05:53:25+01:00,3277,30.50,67.40,30.90,30.90,29.70,0,0,,,,
2026-03-28T05:55:26+01:00,3278,30.43,67.30,30.90,30.80,29.60,0,0,,,,
2026-03-28T05:57:26+01:00,3279,30.40,67.17,30.90,30.80,29.50,0,0,,,,
2026-03-28T05:59:27+01:00,3280,30.40,66.70,30.80,30.80,29.60,1,0,,,,
2026-03-28T06:01:27+01:00,3281,30.47,68.70,30.90,30.80,29.70,1,0,,,,
2026-03-28T06:03:28+01:00,3282,30.50,68.87,30.90,30.80,29.80,1,0,,,,
2026-03-28T06:05:28+01:00,3283,30.50,68.90,30.90,30.80,29.80,1,0,,,,
2026-03-28T06:07:28+01:00,3284,30.50,68.93,30.90,30.80,29.80,1,0,,,,
2026-03-28T06:09:29+01:00,3285,30.50,68.53,30.90,30.80,29.80,1,0,,,,
2026-03-28T06:11:29+01:00,3286,30.43,68.93,30.80,30.70,29.80,1,0,,,,
2026-03-28T06:13:30+01:00,3287,30.43,68.97,30.80,30.70,29.80,1,0,,,,
2026-03-28T06:15:30+01:00,3288,30.43,68.93,30.80,30.70,29.80,1,0,,,,
2026-03-28T06:17:31+01:00,3289,30.43,68.63,30.80,30.70,29.80,1,0,,,,
2026-03-28T06:19:32+01:00,3290,30.43,68.63,30.80,30.70,29.80,1,0,,,,
2026-03-28T06:21:32+01:00,3291,30.43,68.97,30.80,30.70,29.80,1,0,,,,
2026-03-28T06:23:33+01:00,3292,30.47,68.93,30.90,30.70,29.80,1,0,,,,
2026-03-28T06:25:33+01:00,3293,30.47,68.63,30.90,30.70,29.80,1,0,,,,
2026-03-28T06:27:33+01:00,3294,30.53,68.57,30.90,30.80,29.90,1,0,,,,
2026-03-28T06:29:34+01:00,3295,30.57,68.47,31.00,30.80,29.90,0,0,,,,
2026-03-28T06:31:34+01:00,3296,30.50,68.03,30.90,30.80,29.80,0,0,,,,
2026-03-28T06:33:35+01:00,3297,30.40,67.87,30.80,30.70,29.70,0,0,,,,
2026-03-28T06:35:35+01:00,3298,30.27,67.77,30.70,30.60,29.50,0,0,,,,
2026-03-28T06:37:36+01:00,3299,30.20,67.67,30.60,30.60,29.40,0,0,,,,
2026-03-28T06:39:36+01:00,3300,30.10,67.67,30.50,30.50,29.30,0,0,,,,
2026-03-28T06:41:37+01:00,3301,30.00,67.60,30.40,30.40,29.20,1,0,,,,
2026-03-28T06:43:37+01:00,3302,30.00,68.13,30.40,30.30,29.30,1,0,,,,
2026-03-28T06:45:37+01:00,3303,30.03,68.23,30.40,30.30,29.40,1,0,,,,
2026-03-28T06:47:38+01:00,3304,30.13,68.27,30.50,30.40,29.50,1,0,,,,
2026-03-28T06:49:38+01:00,3305,30.20,67.77,30.60,30.40,29.60,1,0,,,,
2026-03-28T06:51:39+01:00,3306,30.17,67.70,30.60,30.40,29.50,1,0,,,,
2026-03-28T06:53:40+01:00,3307,30.20,67.57,30.70,30.40,29.50,1,0,,,,
2026-03-28T06:55:40+01:00,3308,30.23,67.43,30.70,30.40,29.60,1,0,,,,
2026-03-28T06:57:41+01:00,3309,30.23,67.43,30.70,30.40,29.60,1,0,,,,
2026-03-28T06:59:41+01:00,3310,30.17,67.30,30.60,30.40,29.50,1,0,,,,
2026-03-28T07:01:42+01:00,3311,30.10,67.30,30.60,30.30,29.40,1,0,,,,
2026-03-28T07:03:42+01:00,3312,30.07,67.23,30.50,30.30,29.40,1,0,,,,
2026-03-28T07:05:43+01:00,3313,30.00,67.27,30.40,30.20,29.40,1,0,,,,
2026-03-28T07:07:43+01:00,3314,29.90,67.33,30.30,30.10,29.30,1,0,,,,
2026-03-28T07:09:44+01:00,3315,29.83,67.37,30.20,30.10,29.20,1,0,,,,
2026-03-28T07:11:44+01:00,3316,29.87,67.43,30.30,30.00,29.30,0,0,,,,
2026-03-28T07:13:45+01:00,3317,29.77,67.07,30.20,30.00,29.10,0,0,,,,
2026-03-28T07:15:45+01:00,3318,29.67,67.40,30.10,30.00,28.90,0,0,,,,
2026-03-28T07:17:46+01:00,3319,29.60,67.37,30.00,29.90,28.90,0,0,,,,
2026-03-28T07:19:45+01:00,3320,29.53,67.33,30.00,29.90,28.70,0,0,,,,
2026-03-28T07:21:45+01:00,3321,29.47,67.40,30.00,29.80,28.60,0,0,,,,
2026-03-28T07:23:45+01:00,3322,29.47,67.40,30.00,29.80,28.60,1,0,,,,
2026-03-28T07:25:46+01:00,3323,29.57,68.90,30.00,29.80,28.90,1,0,,,,
2026-03-28T07:27:46+01:00,3324,29.63,68.83,30.00,29.90,29.00,1,0,,,,
2026-03-28T07:29:48+01:00,3325,29.63,68.33,30.00,29.90,29.00,1,0,,,,
2026-03-28T07:31:46+01:00,3326,29.63,68.43,30.00,29.90,29.00,1,0,,,,
2026-03-28T07:33:47+01:00,3327,29.60,68.57,30.00,29.80,29.00,1,0,,,,
2026-03-28T07:35:48+01:00,3328,29.60,68.50,30.00,29.80,29.00,1,0,,,,
2026-03-28T07:37:48+01:00,3329,29.63,68.60,30.00,29.90,29.00,1,0,,,,
2026-03-28T07:39:49+01:00,3330,29.63,67.90,30.00,29.90,29.00,1,0,,,,
2026-03-28T07:41:49+01:00,3331,29.63,68.30,30.00,29.90,29.00,1,0,,,,
2026-03-28T07:43:49+01:00,3332,29.63,68.33,30.00,29.90,29.00,1,0,,,,
2026-03-28T07:45:50+01:00,3333,29.63,68.40,30.00,29.90,29.00,1,0,,,,
2026-03-28T07:47:50+01:00,3334,29.60,68.60,30.00,29.80,29.00,1,0,,,,
2026-03-28T07:49:50+01:00,3335,29.60,68.50,30.00,29.80,29.00,1,0,,,,
2026-03-28T07:51:51+01:00,3336,29.70,68.30,30.10,29.90,29.10,1,0,,,,
2026-03-28T07:53:51+01:00,3337,29.77,67.83,30.10,30.00,29.20,0,0,,,,
2026-03-28T07:55:52+01:00,3338,29.70,67.50,30.10,30.00,29.00,0,0,,,,
2026-03-28T07:57:52+01:00,3339,29.67,67.27,30.10,29.90,29.00,0,0,,,,
2026-03-28T07:59:53+01:00,3340,29.63,67.43,30.10,29.90,28.90,0,0,,,,
2026-03-28T08:01:53+01:00,3341,29.57,67.03,30.10,29.80,28.80,0,0,,,,
2026-03-28T08:03:54+01:00,3342,29.57,66.97,30.10,29.80,28.80,0,0,,,,
2026-03-28T08:05:54+01:00,3343,29.53,66.83,30.10,29.80,28.70,1,0,,,,
2026-03-28T08:07:56+01:00,3344,29.80,67.30,30.20,30.00,29.20,1,0,,,,
2026-03-28T08:09:55+01:00,3345,29.87,66.53,30.30,30.00,29.30,1,0,,,,
2026-03-28T08:11:56+01:00,3346,29.97,65.83,30.40,30.10,29.40,1,0,,,,
2026-03-28T08:13:56+01:00,3347,30.00,65.60,30.40,30.20,29.40,1,0,,,,
2026-03-28T08:15:56+01:00,3348,30.03,65.07,30.50,30.20,29.40,1,0,,,,
2026-03-28T08:17:57+01:00,3349,30.17,65.43,30.60,30.30,29.60,1,0,,,,
2026-03-28T08:20:02+01:00,3350,30.20,64.83,30.60,30.40,29.60,1,0,,,,
2026-03-28T08:24:12+01:00,3351,30.03,65.43,30.50,30.20,29.40,1,0,,,,
2026-03-28T08:26:12+01:00,3352,30.20,65.63,30.60,30.30,29.70,1,0,,,,
2026-03-28T08:28:13+01:00,3353,30.13,65.50,30.60,30.30,29.50,1,0,,,,
2026-03-28T08:30:13+01:00,3354,30.23,65.43,30.70,30.40,29.60,1,0,,,,
2026-03-28T08:32:13+01:00,3355,30.27,65.50,30.70,30.40,29.70,1,0,,,,
2026-03-28T08:34:14+01:00,3356,30.30,65.60,30.70,30.50,29.70,1,0,,,,
2026-03-28T08:36:14+01:00,3357,30.30,65.47,30.70,30.50,29.70,1,0,,,,
2026-03-28T08:38:15+01:00,3358,30.17,65.40,30.60,30.40,29.50,1,0,,,,
2026-03-28T08:40:14+01:00,3359,30.23,66.17,30.70,30.40,29.60,1,0,,,,
2026-03-28T08:42:15+01:00,3360,30.30,66.00,30.70,30.50,29.70,1,0,,,,
2026-03-28T08:44:15+01:00,3361,30.33,66.23,30.80,30.50,29.70,1,0,,,,
2026-03-28T08:46:17+01:00,3362,30.30,65.63,30.70,30.50,29.70,1,0,,,,
2026-03-28T08:48:16+01:00,3363,30.27,65.60,30.70,30.50,29.60,1,0,,,,
2026-03-28T08:50:18+01:00,3364,30.27,65.57,30.70,30.50,29.60,1,0,,,,
2026-03-28T08:52:17+01:00,3365,30.23,65.87,30.70,30.40,29.60,1,0,,,,
2026-03-28T08:54:18+01:00,3366,30.27,66.23,30.70,30.40,29.70,0,0,,,,
2026-03-28T08:56:18+01:00,3367,30.23,65.63,30.70,30.40,29.60,0,0,,,,
2026-03-28T08:58:20+01:00,3368,30.13,65.90,30.60,30.40,29.40,0,0,,,,
2026-03-28T09:00:19+01:00,3369,30.13,65.83,30.60,30.40,29.40,0,0,,,,
2026-03-28T09:02:19+01:00,3370,30.10,65.83,30.60,30.40,29.30,0,0,,,,
2026-03-28T09:04:19+01:00,3371,30.10,65.77,30.60,30.40,29.30,0,0,,,,
2026-03-28T09:06:19+01:00,3372,30.10,65.70,30.60,30.40,29.30,1,0,,,,
2026-03-28T09:08:21+01:00,3373,30.30,65.40,30.70,30.50,29.70,1,0,,,,
2026-03-28T09:10:20+01:00,3374,30.37,64.97,30.80,30.60,29.70,1,0,,,,
2026-03-28T09:12:20+01:00,3375,30.43,64.63,30.90,30.60,29.80,1,0,,,,
2026-03-28T09:14:21+01:00,3376,30.43,64.40,30.90,30.60,29.80,1,0,,,,
2026-03-28T09:16:22+01:00,3377,30.53,64.00,31.00,30.70,29.90,1,0,,,,
2026-03-28T09:18:22+01:00,3378,30.43,63.70,30.90,30.60,29.80,1,0,,,,
2026-03-28T09:20:24+01:00,3379,30.40,63.57,30.80,30.60,29.80,1,0,,,,
2026-03-28T09:22:24+01:00,3380,30.40,63.70,30.80,30.60,29.80,1,0,,,,
2026-03-28T09:24:25+01:00,3381,30.47,63.77,30.90,30.60,29.90,1,0,,,,
2026-03-28T09:26:25+01:00,3382,30.53,63.60,31.00,30.70,29.90,1,0,,,,
2026-03-28T09:28:25+01:00,3383,30.53,63.63,31.00,30.70,29.90,1,0,,,,
2026-03-28T09:30:26+01:00,3384,30.57,62.67,31.00,30.70,30.00,1,0,,,,
2026-03-28T09:32:28+01:00,3385,30.53,63.37,31.00,30.70,29.90,1,0,,,,
2026-03-28T09:34:50+01:00,3386,30.60,62.77,31.00,30.80,30.00,1,0,,,,
2026-03-28T09:36:30+01:00,3387,30.60,62.53,31.00,30.80,30.00,0,0,,,,
2026-03-28T09:40:29+01:00,3388,30.53,63.60,31.00,30.80,29.80,0,0,,,,
2026-03-28T09:42:30+01:00,3389,30.50,64.03,31.00,30.70,29.80,0,0,,,,
2026-03-28T09:44:34+01:00,3390,30.47,64.10,31.00,30.70,29.70,0,0,,,,
2026-03-28T09:46:32+01:00,3391,30.37,64.17,30.90,30.60,29.60,0,0,,,,
2026-03-28T09:48:33+01:00,3392,30.37,64.20,30.90,30.60,29.60,1,0,,,,
2026-03-28T09:50:54+01:00,3393,30.40,63.67,30.90,30.60,29.70,1,0,,,,
2026-03-28T09:52:33+01:00,3394,30.50,63.70,30.90,30.70,29.90,1,0,,,,
2026-03-28T09:54:35+01:00,3395,30.57,63.50,31.00,30.80,29.90,1,0,,,,
2026-03-28T09:56:37+01:00,3396,30.60,62.50,31.00,30.80,30.00,1,0,,,,
2026-03-28T09:58:34+01:00,3397,30.60,62.30,31.00,30.80,30.00,1,0,,,,
2026-03-28T10:00:34+01:00,3398,30.57,62.67,31.00,30.80,29.90,1,0,,,,
2026-03-28T10:02:35+01:00,3399,30.60,62.47,31.00,30.80,30.00,1,0,,,,
2026-03-28T10:04:35+01:00,3400,30.60,63.10,31.00,30.80,30.00,1,0,,,,
2026-03-28T10:06:38+01:00,3401,30.67,63.13,31.10,30.90,30.00,1,0,,,,
2026-03-28T10:08:38+01:00,3402,30.70,62.57,31.10,31.00,30.00,1,0,,,,
2026-03-28T10:10:36+01:00,3403,30.67,62.33,31.10,30.90,30.00,1,0,,,,
2026-03-28T10:12:41+01:00,3404,30.67,62.57,31.10,30.90,30.00,1,0,,,,
2026-03-28T10:46:48+01:00,3405,30.33,64.70,30.70,30.60,29.70,1,0,,,,
2026-03-28T10:48:45+01:00,3406,30.47,62.63,30.80,30.70,29.90,1,0,,,,
2026-03-28T10:50:46+01:00,3407,30.57,62.23,31.00,30.70,30.00,1,0,,,,
2026-03-28T10:52:44+01:00,3408,30.63,61.97,31.00,30.90,30.00,1,0,,,,
2026-03-28T10:54:47+01:00,3409,30.77,61.30,31.20,31.00,30.10,1,0,,,,
2026-03-28T10:56:45+01:00,3410,30.83,60.80,31.30,31.00,30.20,1,0,,,,
2026-03-28T10:58:45+01:00,3411,30.93,60.80,31.40,31.10,30.30,1,0,,,,
2026-03-28T11:00:46+01:00,3412,31.00,60.10,31.40,31.20,30.40,1,0,,,,
2026-03-28T11:02:49+01:00,3413,30.97,59.93,31.40,31.10,30.40,1,0,,,,
2026-03-28T11:04:46+01:00,3414,30.93,60.53,31.40,31.10,30.30,1,0,,,,
2026-03-28T11:06:46+01:00,3415,31.03,60.13,31.50,31.20,30.40,1,0,,,,
2026-03-28T11:08:51+01:00,3416,31.07,60.13,31.50,31.30,30.40,1,0,,,,
2026-03-28T11:10:47+01:00,3417,31.17,59.70,31.60,31.30,30.60,1,0,,,,
2026-03-28T11:12:52+01:00,3418,31.13,59.50,31.60,31.30,30.50,1,0,,,,
2026-03-28T11:14:49+01:00,3419,31.13,59.73,31.60,31.30,30.50,1,0,,,,
2026-03-28T11:17:14+01:00,3420,31.23,58.83,31.70,31.40,30.60,0,0,,,,
2026-03-28T11:18:49+01:00,3421,31.20,59.70,31.70,31.40,30.50,0,0,,,,
2026-03-28T11:20:50+01:00,3422,31.10,60.43,31.60,31.30,30.40,0,0,,,,
2026-03-28T11:22:52+01:00,3423,31.07,60.70,31.60,31.30,30.30,0,0,,,,
2026-03-28T11:24:50+01:00,3424,31.00,61.23,31.50,31.30,30.20,0,0,,,,
2026-03-28T11:26:51+01:00,3425,30.97,61.33,31.50,31.20,30.20,0,0,,,,
2026-03-28T11:28:51+01:00,3426,30.93,61.43,31.50,31.20,30.10,1,0,,,,
2026-03-28T11:34:42+01:00,3427,31.00,60.80,31.50,31.20,30.30,1,0,,,,
2026-03-28T11:36:51+01:00,3428,31.13,58.50,31.60,31.30,30.50,1,0,,,,
2026-03-28T11:38:42+01:00,3429,31.23,58.00,31.70,31.40,30.60,1,0,,,,
2026-03-28T11:40:42+01:00,3430,31.30,57.90,31.80,31.40,30.70,1,0,,,,
2026-03-28T11:42:44+01:00,3431,31.33,58.43,31.80,31.50,30.70,1,0,,,,
2026-03-28T11:45:23+01:00,3432,31.40,58.07,31.90,31.60,30.70,1,0,,,,
2026-03-28T11:46:44+01:00,3433,31.43,57.80,31.90,31.60,30.80,1,0,,,,
2026-03-28T11:48:45+01:00,3434,31.43,57.70,31.90,31.60,30.80,1,0,,,,
2026-03-28T11:50:45+01:00,3435,31.50,57.30,32.00,31.70,30.80,1,0,,,,
2026-03-28T11:52:49+01:00,3436,31.53,57.70,32.00,31.70,30.90,1,0,,,,
2026-03-28T11:54:46+01:00,3437,31.50,57.13,32.00,31.70,30.80,1,0,,,,
2026-03-28T11:56:47+01:00,3438,31.53,57.13,32.00,31.70,30.90,1,0,,,,
2026-03-28T11:58:49+01:00,3439,31.57,57.47,32.00,31.80,30.90,1,0,,,,
2026-03-28T12:00:48+01:00,3440,31.57,57.10,32.00,31.80,30.90,1,0,,,,
2026-03-28T12:02:50+01:00,3441,31.57,56.93,32.00,31.80,30.90,1,0,,,,
2026-03-28T12:04:49+01:00,3442,31.57,57.03,32.00,31.80,30.90,0,0,,,,
2026-03-28T12:06:50+01:00,3443,31.53,58.23,32.00,31.80,30.80,0,0,,,,
2026-03-28T12:08:50+01:00,3444,31.50,58.57,32.00,31.70,30.80,0,0,,,,
2026-03-28T12:10:50+01:00,3445,31.43,59.17,32.00,31.70,30.60,0,0,,,,
2026-03-28T12:12:52+01:00,3446,31.37,59.30,31.90,31.70,30.50,0,0,,,,
2026-03-28T12:14:52+01:00,3447,31.37,59.40,31.90,31.60,30.60,0,0,,,,
2026-03-28T12:16:55+01:00,3448,31.37,59.50,31.90,31.60,30.60,1,0,,,,
2026-03-28T12:18:57+01:00,3449,31.50,57.17,32.00,31.70,30.80,1,0,,,,
2026-03-28T12:22:54+01:00,3450,31.63,56.97,32.10,31.90,30.90,1,0,,,,
2026-03-28T12:24:58+01:00,3451,31.67,56.77,32.10,31.90,31.00,1,0,,,,
2026-03-28T12:26:55+01:00,3452,31.77,56.77,32.20,32.00,31.10,1,0,,,,
2026-03-28T12:28:55+01:00,3453,31.80,56.57,32.30,32.00,31.10,1,0,,,,
2026-03-28T12:30:56+01:00,3454,31.80,56.50,32.30,32.00,31.10,1,0,,,,
2026-03-28T12:32:56+01:00,3455,31.80,56.00,32.30,32.00,31.10,1,0,,,,
2026-03-28T12:34:57+01:00,3456,31.90,56.27,32.40,32.10,31.20,1,0,,,,
2026-03-28T12:36:57+01:00,3457,31.90,55.77,32.40,32.10,31.20,1,0,,,,
2026-03-28T12:41:42+01:00,3458,31.77,57.70,32.20,32.00,31.10,1,0,,,,
2026-03-28T12:43:43+01:00,3459,31.80,55.70,32.30,32.00,31.10,1,0,,,,
2026-03-28T12:45:43+01:00,3460,31.87,56.23,32.40,32.00,31.20,1,0,,,,
2026-03-28T12:47:43+01:00,3461,31.90,55.80,32.40,32.10,31.20,1,0,,,,
2026-03-28T12:49:43+01:00,3462,31.93,56.13,32.50,32.10,31.20,1,0,,,,
2026-03-28T12:51:44+01:00,3463,32.00,55.73,32.50,32.20,31.30,1,0,,,,
2026-03-28T12:53:54+01:00,3464,32.03,55.47,32.50,32.20,31.40,1,0,,,,
2026-03-28T12:55:47+01:00,3465,32.07,55.27,32.60,32.20,31.40,1,0,,,,
2026-03-28T12:57:47+01:00,3466,32.10,55.50,32.60,32.30,31.40,1,0,,,,
2026-03-28T12:59:45+01:00,3467,32.10,54.93,32.60,32.30,31.40,1,0,,,,
2026-03-28T13:01:46+01:00,3468,32.10,54.87,32.60,32.30,31.40,1,0,,,,
2026-03-28T13:03:46+01:00,3469,32.10,54.63,32.60,32.30,31.40,1,0,,,,
2026-03-28T13:05:47+01:00,3470,32.10,54.73,32.60,32.30,31.40,1,0,,,,
2026-03-28T13:07:46+01:00,3471,32.10,54.77,32.60,32.30,31.40,1,0,,,,
2026-03-28T13:09:47+01:00,3472,32.17,54.80,32.70,32.40,31.40,1,0,,,,
2026-03-28T13:11:47+01:00,3473,32.20,54.67,32.70,32.40,31.50,0,0,,,,
2026-03-28T13:13:48+01:00,3474,32.07,56.07,32.60,32.30,31.30,0,0,,,,
2026-03-28T13:15:48+01:00,3475,31.97,56.43,32.50,32.30,31.10,0,0,,,,
2026-03-28T13:17:50+01:00,3476,31.97,57.07,32.50,32.20,31.20,0,0,,,,
2026-03-28T13:19:50+01:00,3477,31.87,57.23,32.40,32.20,31.00,0,0,,,,
2026-03-28T13:21:50+01:00,3478,31.87,57.43,32.40,32.20,31.00,0,0,,,,
2026-03-28T13:23:51+01:00,3479,31.87,57.57,32.40,32.20,31.00,1,0,,,,
2026-03-28T13:25:50+01:00,3480,32.00,55.60,32.50,32.20,31.30,1,0,,,,
2026-03-28T13:27:53+01:00,3481,32.10,54.97,32.60,32.30,31.40,1,0,,,,
2026-03-28T13:29:52+01:00,3482,32.17,54.80,32.60,32.40,31.50,1,0,,,,
2026-03-28T13:31:52+01:00,3483,32.20,54.53,32.70,32.40,31.50,1,0,,,,
2026-03-28T13:33:54+01:00,3484,32.20,54.67,32.70,32.40,31.50,1,0,,,,
2026-03-28T13:38:06+01:00,3485,31.97,56.60,32.50,32.20,31.20,1,0,,,,
2026-03-28T13:40:06+01:00,3486,32.10,54.97,32.60,32.30,31.40,1,0,,,,
2026-03-28T13:42:07+01:00,3487,32.20,55.23,32.70,32.40,31.50,1,0,,,,
2026-03-28T13:44:07+01:00,3488,32.20,55.37,32.70,32.40,31.50,1,0,,,,
2026-03-28T13:46:08+01:00,3489,32.30,55.33,32.80,32.50,31.60,1,0,,,,
2026-03-28T13:48:18+01:00,3490,32.30,54.90,32.80,32.50,31.60,1,0,,,,
2026-03-28T13:50:07+01:00,3491,32.37,54.80,32.90,32.60,31.60,1,0,,,,
2026-03-28T13:52:08+01:00,3492,32.33,54.27,32.80,32.60,31.60,1,0,,,,
2026-03-28T13:54:08+01:00,3493,32.30,54.37,32.80,32.50,31.60,1,0,,,,
2026-03-28T13:56:08+01:00,3494,32.33,54.33,32.80,32.60,31.60,1,0,,,,
2026-03-28T14:00:44+01:00,3495,32.10,56.27,32.60,32.40,31.30,1,0,,,,
2026-03-28T14:02:45+01:00,3496,32.23,54.60,32.70,32.50,31.50,1,0,,,,
2026-03-28T14:04:45+01:00,3497,32.30,54.33,32.80,32.50,31.60,1,0,,,,
2026-03-28T14:09:08+01:00,3498,32.13,56.20,32.60,32.40,31.40,1,0,,,,
2026-03-28T14:11:09+01:00,3499,32.20,54.37,32.70,32.40,31.50,1,0,,,,
2026-03-28T14:13:09+01:00,3500,32.30,53.87,32.80,32.50,31.60,1,0,,,,
2026-03-28T14:15:10+01:00,3501,32.37,54.43,32.90,32.60,31.60,1,0,,,,
2026-03-28T14:19:35+01:00,3502,32.20,56.23,32.70,32.40,31.50,1,0,,,,
2026-03-28T14:21:32+01:00,3503,32.30,54.57,32.80,32.50,31.60,1,0,,,,
2026-03-28T14:23:32+01:00,3504,32.37,54.40,32.90,32.60,31.60,1,0,,,,
2026-03-28T14:25:33+01:00,3505,32.37,54.43,32.90,32.60,31.60,1,0,,,,
2026-03-28T14:27:33+01:00,3506,32.47,54.43,33.00,32.70,31.70,1,0,,,,
2026-03-28T14:29:33+01:00,3507,32.47,54.37,33.00,32.70,31.70,1,0,,,,
2026-03-28T14:31:34+01:00,3508,32.50,54.27,33.00,32.80,31.70,1,0,,,,
2026-03-28T14:33:34+01:00,3509,32.53,53.63,33.10,32.80,31.70,1,0,,,,
2026-03-28T14:35:35+01:00,3510,32.57,53.73,33.10,32.80,31.80,1,0,,,,
2026-03-28T14:39:47+01:00,3511,32.40,55.57,32.90,32.70,31.60,1,0,,,,
2026-03-28T14:41:45+01:00,3512,32.47,53.63,33.00,32.70,31.70,1,0,,,,
2026-03-28T14:43:46+01:00,3513,32.53,53.70,33.00,32.80,31.80,1,0,,,,
2026-03-28T14:45:46+01:00,3514,32.57,53.63,33.10,32.80,31.80,1,0,,,,
2026-03-28T14:47:47+01:00,3515,32.57,53.60,33.10,32.80,31.80,1,0,,,,
2026-03-28T14:49:48+01:00,3516,32.60,53.40,33.10,32.80,31.90,1,0,,,,
2026-03-28T14:51:50+01:00,3517,32.60,53.40,33.10,32.90,31.80,1,0,,,,
2026-03-28T14:53:48+01:00,3518,32.60,54.03,33.10,32.90,31.80,1,0,,,,
2026-03-28T14:55:48+01:00,3519,32.67,54.13,33.20,32.90,31.90,1,0,,,,
2026-03-28T14:57:49+01:00,3520,32.67,54.23,33.20,32.90,31.90,1,0,,,,
2026-03-28T14:59:50+01:00,3521,32.73,53.63,33.20,33.00,32.00,1,0,,,,
2026-03-28T15:01:50+01:00,3522,32.77,52.73,33.30,33.00,32.00,1,0,,,,
2026-03-28T15:03:51+01:00,3523,32.77,53.13,33.30,33.00,32.00,1,0,,,,
2026-03-28T15:05:51+01:00,3524,32.73,53.17,33.30,33.00,31.90,1,0,,,,
2026-03-28T15:07:52+01:00,3525,32.70,53.07,33.20,33.00,31.90,1,0,,,,
2026-03-28T15:09:52+01:00,3526,32.67,53.13,33.20,32.90,31.90,0,0,,,,
2026-03-28T15:15:32+01:00,3527,32.37,55.50,32.90,32.70,31.50,1,0,,,,
2026-03-28T15:17:33+01:00,3528,32.47,53.63,33.00,32.70,31.70,1,0,,,,
2026-03-28T15:19:34+01:00,3529,32.57,53.73,33.10,32.80,31.80,1,0,,,,
2026-03-28T15:21:34+01:00,3530,32.57,53.47,33.10,32.80,31.80,1,0,,,,
2026-03-28T15:23:35+01:00,3531,32.57,53.20,33.10,32.80,31.80,1,0,,,,
2026-03-28T15:25:35+01:00,3532,32.60,53.27,33.10,32.90,31.80,1,0,,,,
2026-03-28T15:27:35+01:00,3533,32.67,53.40,33.20,32.90,31.90,1,0,,,,
2026-03-28T15:29:36+01:00,3534,32.67,53.37,33.20,32.90,31.90,1,0,,,,
2026-03-28T15:31:37+01:00,3535,32.73,53.10,33.20,33.00,32.00,1,0,,,,
2026-03-28T15:33:37+01:00,3536,32.77,53.10,33.30,33.00,32.00,1,0,,,,
2026-03-28T15:35:37+01:00,3537,32.73,53.03,33.30,33.00,31.90,1,0,,,,
2026-03-28T15:37:38+01:00,3538,32.70,52.53,33.20,33.00,31.90,1,0,,,,
2026-03-28T16:25:01+01:00,3539,31.93,58.47,32.40,32.30,31.10,1,0,,,,
2026-03-28T16:40:29+01:00,3540,32.00,58.47,32.50,32.40,31.10,1,0,,,,
2026-03-28T16:42:30+01:00,3541,32.17,57.50,32.60,32.50,31.40,1,0,,,,
2026-03-28T16:44:30+01:00,3542,32.20,57.40,32.70,32.50,31.40,1,0,,,,
2026-03-28T16:49:59+01:00,3543,32.27,57.13,32.80,32.60,31.40,1,0,,,,
2026-03-28T16:52:00+01:00,3544,32.40,56.43,32.90,32.70,31.60,1,0,,,,
2026-03-28T16:54:00+01:00,3545,32.43,56.33,33.00,32.70,31.60,1,0,,,,
2026-03-28T16:56:01+01:00,3546,32.53,56.50,33.10,32.80,31.70,1,0,,,,
2026-03-28T17:00:21+01:00,3547,32.37,57.03,32.90,32.70,31.50,1,0,,,,
2026-03-28T17:02:21+01:00,3548,32.47,56.67,33.00,32.70,31.70,1,0,,,,
2026-03-28T17:04:22+01:00,3549,32.53,56.50,33.10,32.80,31.70,1,0,,,,
2026-03-28T17:06:22+01:00,3550,32.60,56.37,33.10,32.90,31.80,1,0,,,,
2026-03-28T17:08:23+01:00,3551,32.67,56.17,33.20,32.90,31.90,1,0,,,,
2026-03-28T17:10:23+01:00,3552,32.67,55.70,33.20,32.90,31.90,1,0,,,,
2026-03-28T17:12:23+01:00,3553,32.70,55.57,33.20,33.00,31.90,1,0,,,,
2026-03-28T17:17:57+01:00,3554,32.53,56.63,33.10,32.80,31.70,1,0,,,,
2026-03-28T17:19:58+01:00,3555,32.67,56.33,33.20,32.90,31.90,1,0,,,,
2026-03-28T17:21:59+01:00,3556,32.67,55.83,33.20,32.90,31.90,1,0,,,,
2026-03-28T17:23:58+01:00,3557,32.70,56.07,33.20,33.00,31.90,1,0,,,,
2026-03-28T17:25:59+01:00,3558,32.77,56.10,33.30,33.00,32.00,1,0,,,,
2026-03-28T17:27:59+01:00,3559,32.77,55.57,33.30,33.00,32.00,1,0,,,,
2026-03-28T17:29:59+01:00,3560,32.77,55.50,33.30,33.00,32.00,1,0,,,,
2026-03-28T17:32:00+01:00,3561,32.70,55.50,33.20,33.00,31.90,1,0,,,,
2026-03-28T17:34:00+01:00,3562,32.70,55.47,33.20,33.00,31.90,1,0,,,,
2026-03-28T17:36:03+01:00,3563,32.70,55.47,33.20,33.00,31.90,1,0,,,,
2026-03-28T17:38:01+01:00,3564,32.67,55.63,33.20,32.90,31.90,1,0,,,,
2026-03-28T17:40:01+01:00,3565,32.67,55.47,33.20,32.90,31.90,1,0,,,,
2026-03-28T17:42:03+01:00,3566,32.67,55.63,33.20,32.90,31.90,1,0,,,,
2026-03-28T17:44:02+01:00,3567,32.67,55.33,33.20,32.90,31.90,1,0,,,,
2026-03-28T17:46:03+01:00,3568,32.67,55.40,33.20,32.90,31.90,1,0,,,,
2026-03-28T17:50:57+01:00,3569,32.40,56.50,33.00,32.70,31.50,1,0,,,,
2026-03-28T17:52:58+01:00,3570,32.47,55.30,33.00,32.70,31.70,1,0,,,,
2026-03-28T17:54:58+01:00,3571,32.50,55.20,33.00,32.80,31.70,1,0,,,,
2026-03-28T17:56:59+01:00,3572,32.50,54.70,33.00,32.80,31.70,1,0,,,,
2026-03-28T17:58:59+01:00,3573,32.50,54.70,33.00,32.80,31.70,1,0,,,,
2026-03-28T18:01:01+01:00,3574,32.50,54.97,33.00,32.80,31.70,1,0,,,,
2026-03-28T18:03:00+01:00,3575,32.57,54.57,33.10,32.80,31.80,1,0,,,,
2026-03-28T18:05:00+01:00,3576,32.53,54.57,33.10,32.80,31.70,1,0,,,,
2026-03-28T18:07:02+01:00,3577,32.57,55.00,33.10,32.80,31.80,1,0,,,,
2026-03-28T18:09:02+01:00,3578,32.57,55.20,33.10,32.90,31.70,1,0,,,,
2026-03-28T18:11:02+01:00,3579,32.60,54.53,33.10,32.90,31.80,1,0,,,,
2026-03-28T18:13:02+01:00,3580,32.63,54.43,33.10,32.90,31.90,1,0,,,,
2026-03-28T18:15:03+01:00,3581,32.67,54.30,33.20,32.90,31.90,1,0,,,,
2026-03-28T18:19:59+01:00,3582,32.50,55.50,33.00,32.80,31.70,1,0,,,,
2026-03-28T18:22:00+01:00,3583,32.57,54.73,33.10,32.80,31.80,1,0,,,,
2026-03-28T18:24:00+01:00,3584,32.60,54.50,33.10,32.80,31.90,1,0,,,,
2026-03-28T18:26:01+01:00,3585,32.60,54.50,33.10,32.90,31.80,1,0,,,,
2026-03-28T18:28:01+01:00,3586,32.60,54.53,33.10,32.90,31.80,1,0,,,,
2026-03-28T18:30:03+01:00,3587,32.60,55.03,33.10,32.90,31.80,1,0,,,,
2026-03-28T18:32:02+01:00,3588,32.60,55.07,33.10,32.90,31.80,1,0,,,,
2026-03-28T18:34:03+01:00,3589,32.60,55.07,33.10,32.90,31.80,1,0,,,,
2026-03-28T18:38:03+01:00,3590,32.40,56.10,32.90,32.70,31.60,1,0,,,,
2026-03-28T18:40:04+01:00,3591,32.50,55.07,33.00,32.80,31.70,1,0,,,,
2026-03-28T18:42:04+01:00,3592,32.50,54.60,33.00,32.80,31.70,1,0,,,,
2026-03-28T18:44:04+01:00,3593,32.50,54.43,33.00,32.80,31.70,1,0,,,,
2026-03-28T18:46:05+01:00,3594,32.50,54.43,33.00,32.80,31.70,1,0,,,,
2026-03-28T18:48:05+01:00,3595,32.50,55.07,33.00,32.80,31.70,1,0,,,,
2026-03-28T18:50:06+01:00,3596,32.50,55.17,33.00,32.80,31.70,1,0,,,,
2026-03-28T18:52:06+01:00,3597,32.47,55.27,33.00,32.80,31.60,1,0,,,,
2026-03-28T18:54:07+01:00,3598,32.50,55.20,33.00,32.80,31.70,1,0,,,,
2026-03-28T18:56:07+01:00,3599,32.50,55.20,33.00,32.80,31.70,1,0,,,,
2026-03-28T18:58:08+01:00,3600,32.43,55.07,33.00,32.70,31.60,1,0,,,,
2026-03-28T19:00:08+01:00,3601,32.47,55.20,33.00,32.70,31.70,1,0,,,,
2026-03-28T19:02:08+01:00,3602,32.40,55.13,32.90,32.70,31.60,1,0,,,,
2026-03-28T19:07:29+01:00,3603,32.30,56.13,32.80,32.60,31.50,1,0,,,,
2026-03-28T19:09:30+01:00,3604,32.33,55.43,32.90,32.60,31.50,1,0,,,,
2026-03-28T19:11:30+01:00,3605,32.37,55.37,32.90,32.60,31.60,1,0,,,,
2026-03-28T19:13:31+01:00,3606,32.40,55.37,32.90,32.70,31.60,1,0,,,,
2026-03-28T19:15:31+01:00,3607,32.40,55.43,32.90,32.70,31.60,1,0,,,,
2026-03-28T19:17:34+01:00,3608,32.40,55.50,32.90,32.70,31.60,1,0,,,,
2026-03-28T19:19:32+01:00,3609,32.40,55.57,32.90,32.70,31.60,1,0,,,,
2026-03-28T19:23:34+01:00,3610,32.37,56.20,32.90,32.60,31.60,1,0,,,,
2026-03-28T19:25:37+01:00,3611,32.37,56.47,32.90,32.60,31.60,1,0,,,,
2026-03-28T19:27:37+01:00,3612,32.33,56.67,32.80,32.60,31.60,1,0,,,,
2026-03-28T19:29:34+01:00,3613,32.30,57.27,32.80,32.60,31.50,1,0,,,,
2026-03-28T19:31:36+01:00,3614,32.30,57.50,32.80,32.60,31.50,1,0,,,,
2026-03-28T19:33:38+01:00,3615,32.30,57.70,32.80,32.60,31.50,1,0,,,,
2026-03-28T19:35:36+01:00,3616,32.30,58.30,32.80,32.60,31.50,1,0,,,,
2026-03-28T19:37:36+01:00,3617,32.30,58.33,32.80,32.60,31.50,0,0,,,,
2026-03-28T19:39:37+01:00,3618,32.30,58.13,32.80,32.60,31.50,0,0,,,,
2026-03-28T19:41:38+01:00,3619,32.17,58.07,32.70,32.50,31.30,0,0,,,,
2026-03-28T19:43:37+01:00,3620,32.10,58.07,32.70,32.50,31.10,0,0,,,,
2026-03-28T19:45:38+01:00,3621,32.03,58.40,32.60,32.40,31.10,0,0,,,,
2026-03-28T19:47:39+01:00,3622,32.03,58.43,32.60,32.40,31.10,0,0,,,,
2026-03-28T19:49:39+01:00,3623,31.93,58.43,32.50,32.30,31.00,1,0,,,,
2026-03-28T19:51:40+01:00,3624,31.97,57.70,32.50,32.30,31.10,1,0,,,,
2026-03-28T19:53:40+01:00,3625,31.83,54.77,32.30,32.10,31.10,1,0,,,,
2026-03-28T19:55:41+01:00,3626,31.70,53.43,32.10,32.00,31.00,1,0,,,,
2026-03-28T20:01:42+01:00,3627,31.10,54.27,31.50,31.40,30.40,1,0,,,,
2026-03-28T20:03:46+01:00,3628,30.90,55.13,31.30,31.20,30.20,1,0,,,,
2026-03-28T20:07:44+01:00,3629,30.70,56.27,31.10,31.00,30.00,1,0,,,,
2026-03-28T20:13:44+01:00,3630,30.47,57.77,30.90,30.70,29.80,1,0,,,,
2026-03-28T20:15:45+01:00,3631,30.27,58.67,30.60,30.50,29.70,1,0,,,,
2026-03-28T20:17:45+01:00,3632,29.97,59.47,30.20,30.30,29.40,1,0,,,,
2026-03-28T20:19:46+01:00,3633,29.73,60.67,30.00,30.00,29.20,0,0,,,,
2026-03-28T20:21:48+01:00,3634,29.63,60.63,29.90,30.00,29.00,0,0,,,,
2026-03-28T20:23:47+01:00,3635,29.47,60.87,29.60,29.90,28.90,0,0,,,,
2026-03-28T20:25:50+01:00,3636,29.23,61.37,29.40,29.70,28.60,0,0,,,,
2026-03-28T20:27:48+01:00,3637,29.03,61.60,29.20,29.50,28.40,0,0,,,,
2026-03-28T20:29:49+01:00,3638,28.93,61.67,29.10,29.40,28.30,0,0,,,,
2026-03-28T20:31:55+01:00,3639,29.00,61.60,29.20,29.40,28.40,1,0,,,,
2026-03-28T20:33:51+01:00,3640,29.00,67.10,29.20,29.30,28.50,1,0,,,,
2026-03-28T20:35:51+01:00,3641,28.90,67.53,29.10,29.20,28.40,1,0,,,,
2026-03-28T20:39:52+01:00,3642,29.03,66.83,29.30,29.20,28.60,1,0,,,,
2026-03-28T20:43:54+01:00,3643,28.93,66.93,29.10,29.20,28.50,1,0,,,,
2026-03-28T20:49:56+01:00,3644,28.80,66.83,29.10,29.00,28.30,1,0,,,,
2026-03-28T20:51:55+01:00,3645,28.93,67.07,29.20,29.10,28.50,1,0,,,,
2026-03-28T20:53:57+01:00,3646,29.00,67.73,29.30,29.20,28.50,1,0,,,,
2026-03-28T20:55:57+01:00,3647,29.10,67.67,29.40,29.30,28.60,1,0,,,,
2026-03-28T20:57:57+01:00,3648,29.03,66.73,29.30,29.20,28.60,1,0,,,,
2026-03-28T20:59:59+01:00,3649,28.90,66.47,29.20,29.10,28.40,1,0,,,,
2026-03-28T21:01:58+01:00,3650,28.87,66.83,29.10,29.10,28.40,0,0,,,,
2026-03-28T21:04:00+01:00,3651,28.90,66.00,29.20,29.20,28.30,0,0,,,,
2026-03-28T21:06:00+01:00,3652,28.90,65.10,29.20,29.20,28.30,0,0,,,,
2026-03-28T21:08:01+01:00,3653,28.87,64.73,29.20,29.20,28.20,0,0,,,,
2026-03-28T21:14:01+01:00,3654,28.70,63.77,29.10,29.00,28.00,1,0,,,,
2026-03-28T21:22:03+01:00,3655,28.70,66.80,28.90,29.00,28.20,1,0,,,,
2026-03-28T21:24:06+01:00,3656,28.73,66.80,29.00,29.00,28.20,1,0,,,,
2026-03-28T21:26:03+01:00,3657,28.77,65.87,29.00,29.00,28.30,1,0,,,,
2026-03-28T21:28:04+01:00,3658,28.80,65.73,29.00,29.00,28.40,1,0,,,,
2026-03-28T21:30:04+01:00,3659,28.83,65.80,29.10,29.00,28.40,1,0,,,,
2026-03-28T21:32:04+01:00,3660,28.77,65.67,29.00,29.00,28.30,1,0,,,,
2026-03-28T21:34:04+01:00,3661,28.80,65.33,29.00,29.00,28.40,1,0,,,,
2026-03-28T21:36:05+01:00,3662,28.83,64.70,29.10,29.00,28.40,1,0,,,,
2026-03-28T21:38:06+01:00,3663,28.77,64.67,29.00,29.00,28.30,1,0,,,,
2026-03-28T21:40:07+01:00,3664,28.67,64.83,29.00,28.90,28.10,1,0,,,,
2026-03-28T21:42:08+01:00,3665,28.63,64.93,28.90,28.90,28.10,1,0,,,,
2026-03-28T21:50:53+01:00,3666,28.77,65.97,29.00,29.00,28.30,1,0,,,,
2026-03-28T21:54:54+01:00,3667,28.77,66.60,29.00,29.00,28.30,1,0,,,,
2026-03-28T21:56:56+01:00,3668,28.77,66.00,29.00,29.00,28.30,1,0,,,,
2026-03-28T21:58:56+01:00,3669,28.77,66.20,29.00,29.00,28.30,1,0,,,,
2026-03-28T22:00:54+01:00,3670,28.73,66.73,29.00,28.90,28.30,1,0,,,,
2026-03-28T22:02:55+01:00,3671,28.60,66.90,28.90,28.80,28.10,1,0,,,,
2026-03-28T22:04:55+01:00,3672,28.53,67.10,28.80,28.80,28.00,1,0,,,,
2026-03-28T22:06:56+01:00,3673,28.47,67.10,28.70,28.70,28.00,1,0,,,,
2026-03-28T22:08:56+01:00,3674,28.43,67.30,28.70,28.70,27.90,1,0,,,,
2026-03-28T22:10:56+01:00,3675,28.40,67.30,28.60,28.70,27.90,1,0,,,,
2026-03-28T22:12:57+01:00,3676,28.40,67.43,28.60,28.70,27.90,1,0,,,,
2026-03-28T22:14:57+01:00,3677,28.43,67.03,28.60,28.70,28.00,1,0,,,,
2026-03-28T22:17:01+01:00,3678,28.40,66.93,28.60,28.70,27.90,1,0,,,,
2026-03-28T22:20:58+01:00,3679,28.40,66.37,28.70,28.70,27.80,0,0,,,,
2026-03-28T22:22:59+01:00,3680,28.33,66.00,28.60,28.70,27.70,0,0,,,,
2026-03-28T22:25:01+01:00,3681,28.27,65.47,28.50,28.70,27.60,0,0,,,,
2026-03-28T22:29:00+01:00,3682,28.33,65.07,28.60,28.70,27.70,0,0,,,,
2026-03-28T22:31:04+01:00,3683,28.37,64.83,28.70,28.80,27.60,1,0,,,,
2026-03-28T22:33:01+01:00,3684,28.47,66.87,28.70,28.80,27.90,1,0,,,,
2026-03-28T22:35:01+01:00,3685,28.37,67.43,28.50,28.70,27.90,1,0,,,,
2026-03-28T22:37:02+01:00,3686,28.33,67.63,28.50,28.60,27.90,1,0,,,,
2026-03-28T22:39:02+01:00,3687,28.33,67.67,28.50,28.60,27.90,1,0,,,,
2026-03-28T22:41:02+01:00,3688,28.27,68.13,28.40,28.60,27.80,1,0,,,,
2026-03-28T22:43:04+01:00,3689,28.27,68.40,28.40,28.60,27.80,1,0,,,,
2026-03-28T22:45:03+01:00,3690,28.33,68.43,28.50,28.60,27.90,1,0,,,,
2026-03-28T22:47:04+01:00,3691,28.27,68.33,28.40,28.60,27.80,1,0,,,,
2026-03-28T22:49:04+01:00,3692,28.37,68.47,28.60,28.60,27.90,1,0,,,,
2026-03-28T22:51:04+01:00,3693,28.50,67.60,28.80,28.70,28.00,1,0,,,,
2026-03-28T22:53:05+01:00,3694,28.60,66.93,28.90,28.80,28.10,1,0,,,,
2026-03-28T22:55:05+01:00,3695,28.70,66.87,29.00,28.90,28.20,1,0,,,,
2026-03-28T22:57:05+01:00,3696,28.70,66.73,29.00,28.90,28.20,1,0,,,,
2026-03-28T22:59:06+01:00,3697,28.70,66.63,29.00,28.90,28.20,1,0,,,,
2026-03-28T23:01:06+01:00,3698,28.57,66.50,28.90,28.80,28.00,0,0,,,,
2026-03-28T23:03:06+01:00,3699,28.57,65.77,28.90,28.80,28.00,0,0,,,,
2026-03-28T23:05:07+01:00,3700,28.50,65.50,28.80,28.80,27.90,0,0,,,,
2026-03-28T23:07:07+01:00,3701,28.30,65.37,28.60,28.70,27.60,0,0,,,,
2026-03-28T23:09:07+01:00,3702,28.27,65.33,28.50,28.70,27.60,0,0,,,,
2026-03-28T23:11:08+01:00,3703,28.23,65.23,28.60,28.60,27.50,0,0,,,,
2026-03-28T23:13:08+01:00,3704,28.27,65.00,28.60,28.60,27.60,1,0,,,,
2026-03-28T23:15:09+01:00,3705,28.27,67.20,28.50,28.50,27.80,1,0,,,,
2026-03-28T23:17:09+01:00,3706,28.20,67.30,28.40,28.40,27.80,1,0,,,,
2026-03-28T23:19:10+01:00,3707,28.17,67.30,28.30,28.40,27.80,1,0,,,,
2026-03-28T23:21:10+01:00,3708,28.10,67.57,28.20,28.40,27.70,1,0,,,,
2026-03-28T23:23:31+01:00,3709,28.07,67.80,28.30,28.30,27.60,1,0,,,,
2026-03-28T23:25:11+01:00,3710,27.97,68.27,28.20,28.20,27.50,1,0,,,,
2026-03-28T23:27:12+01:00,3711,28.20,67.97,28.50,28.30,27.80,1,0,,,,
2026-03-28T23:29:11+01:00,3712,28.33,67.03,28.60,28.50,27.90,1,0,,,,
2026-03-28T23:31:12+01:00,3713,28.20,66.93,28.40,28.40,27.80,1,0,,,,
2026-03-28T23:33:12+01:00,3714,28.10,66.80,28.30,28.30,27.70,1,0,,,,
2026-03-28T23:35:13+01:00,3715,28.13,66.93,28.30,28.40,27.70,1,0,,,,
2026-03-28T23:37:13+01:00,3716,28.20,67.03,28.40,28.40,27.80,1,0,,,,
2026-03-28T23:39:14+01:00,3717,28.03,66.97,28.20,28.30,27.60,1,0,,,,
2026-03-28T23:41:14+01:00,3718,27.90,66.93,28.00,28.20,27.50,1,0,,,,
2026-03-28T23:43:14+01:00,3719,27.80,66.97,28.00,28.10,27.30,0,0,,,,
2026-03-28T23:45:14+01:00,3720,27.73,66.50,28.00,28.10,27.10,0,0,,,,
2026-03-28T23:47:15+01:00,3721,27.77,66.20,28.00,28.20,27.10,0,0,,,,
2026-03-28T23:49:15+01:00,3722,27.87,65.87,28.20,28.20,27.20,0,0,,,,
2026-03-28T23:51:16+01:00,3723,27.97,65.27,28.30,28.30,27.30,0,0,,,,
2026-03-28T23:53:16+01:00,3724,28.00,65.00,28.40,28.30,27.30,0,0,,,,
2026-03-28T23:55:16+01:00,3725,28.07,64.80,28.50,28.30,27.40,1,0,,,,
2026-03-28T23:57:17+01:00,3726,28.13,65.63,28.40,28.30,27.70,1,0,,,,
2026-03-28T23:59:17+01:00,3727,28.10,65.77,28.30,28.30,27.70,1,0,,,,
2026-03-29T00:01:19+01:00,3728,28.03,66.20,28.30,28.20,27.60,1,0,,,,
2026-03-29T00:03:18+01:00,3729,28.00,66.37,28.20,28.20,27.60,1,0,,,,
2026-03-29T00:05:19+01:00,3730,27.93,66.07,28.20,28.10,27.50,1,0,,,,
2026-03-29T00:07:19+01:00,3731,27.93,66.37,28.20,28.10,27.50,1,0,,,,
2026-03-29T00:09:19+01:00,3732,27.87,66.53,28.10,28.00,27.50,1,0,,,,
2026-03-29T00:11:19+01:00,3733,27.87,66.67,28.10,28.00,27.50,1,0,,,,
2026-03-29T00:13:19+01:00,3734,27.77,66.80,28.00,28.00,27.30,1,0,,,,
2026-03-29T00:15:19+01:00,3735,27.90,66.33,28.20,28.00,27.50,1,0,,,,
2026-03-29T00:17:20+01:00,3736,27.87,66.43,28.10,28.00,27.50,1,0,,,,
2026-03-29T00:19:20+01:00,3737,27.80,66.47,28.00,28.00,27.40,1,0,,,,
2026-03-29T00:21:20+01:00,3738,27.90,66.67,28.20,28.00,27.50,1,0,,,,
2026-03-29T00:23:22+01:00,3739,28.03,66.60,28.30,28.10,27.70,1,0,,,,
2026-03-29T00:25:21+01:00,3740,27.97,66.10,28.30,28.00,27.60,0,0,,,,
2026-03-29T00:27:21+01:00,3741,28.00,65.67,28.40,28.10,27.50,0,0,,,,
2026-03-29T00:29:21+01:00,3742,27.97,65.37,28.40,28.00,27.50,0,0,,,,
2026-03-29T00:31:22+01:00,3743,27.97,65.13,28.50,28.00,27.40,0,0,,,,
2026-03-29T00:33:22+01:00,3744,27.97,64.57,28.50,28.00,27.40,0,0,,,,
2026-03-29T00:35:22+01:00,3745,27.93,64.57,28.50,27.90,27.40,0,0,,,,
2026-03-29T00:37:23+01:00,3746,27.93,64.80,28.60,27.90,27.30,1,0,,,,
2026-03-29T00:39:23+01:00,3747,27.97,65.60,28.30,28.00,27.60,1,0,,,,
2026-03-29T00:41:23+01:00,3748,27.90,66.00,28.20,28.00,27.50,1,0,,,,
2026-03-29T00:43:23+01:00,3749,27.90,66.03,28.10,28.10,27.50,1,0,,,,
2026-03-29T00:45:24+01:00,3750,27.73,66.60,28.00,28.00,27.20,1,0,,,,
2026-03-29T00:47:24+01:00,3751,27.67,67.03,27.90,27.90,27.20,1,0,,,,
2026-03-29T00:49:24+01:00,3752,27.60,67.20,27.80,27.90,27.10,1,0,,,,
2026-03-29T00:51:24+01:00,3753,27.60,67.53,27.80,27.90,27.10,1,0,,,,
2026-03-29T00:53:25+01:00,3754,27.47,67.67,27.70,27.70,27.00,1,0,,,,
2026-03-29T00:55:25+01:00,3755,27.50,68.03,27.70,27.70,27.10,1,0,,,,
2026-03-29T00:57:25+01:00,3756,27.70,67.90,28.00,27.90,27.20,1,0,,,,
2026-03-29T00:59:26+01:00,3757,27.80,67.27,28.00,28.00,27.40,1,0,,,,
2026-03-29T01:01:26+01:00,3758,27.80,66.90,28.00,28.00,27.40,1,0,,,,
2026-03-29T01:03:26+01:00,3759,27.67,67.67,27.90,27.90,27.20,1,0,,,,
2026-03-29T01:05:26+01:00,3760,27.53,67.90,27.70,27.80,27.10,1,0,,,,
2026-03-29T01:07:26+01:00,3761,27.47,68.07,27.70,27.60,27.10,0,0,,,,
2026-03-29T01:09:26+01:00,3762,27.50,67.47,27.80,27.70,27.00,0,0,,,,
2026-03-29T01:11:27+01:00,3763,27.40,67.40,27.70,27.60,26.90,0,0,,,,
2026-03-29T01:13:27+01:00,3764,27.40,67.20,27.80,27.60,26.80,0,0,,,,
2026-03-29T01:15:27+01:00,3765,27.37,67.00,27.80,27.60,26.70,0,0,,,,
2026-03-29T01:17:27+01:00,3766,27.37,66.90,27.80,27.60,26.70,0,0,,,,
2026-03-29T01:19:28+01:00,3767,27.30,66.47,27.70,27.70,26.50,1,0,,,,
2026-03-29T01:21:28+01:00,3768,27.40,68.40,27.60,27.70,26.90,1,0,,,,
2026-03-29T01:23:29+01:00,3769,27.47,68.47,27.70,27.70,27.00,1,0,,,,
2026-03-29T01:25:29+01:00,3770,27.57,68.47,27.80,27.80,27.10,1,0,,,,
2026-03-29T01:27:29+01:00,3771,27.60,68.47,27.80,27.90,27.10,1,0,,,,
2026-03-29T01:29:29+01:00,3772,27.57,68.60,27.80,27.80,27.10,1,0,,,,
2026-03-29T01:31:29+01:00,3773,27.67,68.60,27.90,27.90,27.20,1,0,,,,
2026-03-29T01:33:30+01:00,3774,27.77,68.37,28.00,28.00,27.30,1,0,,,,
2026-03-29T01:35:30+01:00,3775,27.77,67.90,28.00,28.00,27.30,1,0,,,,
2026-03-29T01:37:30+01:00,3776,27.80,67.80,28.00,28.00,27.40,1,0,,,,
2026-03-29T01:39:31+01:00,3777,28.07,67.23,28.30,28.20,27.70,1,0,,,,
2026-03-29T01:41:31+01:00,3778,28.33,66.87,28.60,28.50,27.90,1,0,,,,
2026-03-29T01:43:31+01:00,3779,28.50,65.80,28.80,28.70,28.00,1,0,,,,
2026-03-29T01:45:32+01:00,3780,28.60,65.07,28.90,28.80,28.10,1,0,,,,
2026-03-29T01:47:32+01:00,3781,28.70,64.83,29.00,28.90,28.20,1,0,,,,
2026-03-29T01:49:32+01:00,3782,28.70,64.77,29.00,28.90,28.20,0,0,,,,
2026-03-29T01:51:33+01:00,3783,28.67,64.80,29.00,28.90,28.10,0,0,,,,
2026-03-29T01:53:33+01:00,3784,28.53,64.77,28.90,28.70,28.00,0,0,,,,
2026-03-29T01:55:33+01:00,3785,28.50,64.77,28.90,28.60,28.00,0,0,,,,
2026-03-29T01:57:34+01:00,3786,28.37,65.13,28.80,28.40,27.90,0,0,,,,
2026-03-29T01:59:33+01:00,3787,28.27,65.17,28.80,28.30,27.70,0,0,,,,
2026-03-29T02:01:33+01:00,3788,28.23,65.17,28.70,28.30,27.70,1,0,,,,
2026-03-29T02:03:34+01:00,3789,28.27,66.83,28.60,28.30,27.90,1,0,,,,
2026-03-29T02:05:34+01:00,3790,28.17,66.83,28.50,28.20,27.80,1,0,,,,
2026-03-29T02:07:34+01:00,3791,28.17,67.07,28.40,28.30,27.80,1,0,,,,
2026-03-29T02:09:34+01:00,3792,28.17,67.03,28.40,28.30,27.80,1,0,,,,
2026-03-29T02:11:35+01:00,3793,28.07,66.93,28.30,28.20,27.70,1,0,,,,
2026-03-29T02:13:35+01:00,3794,27.93,67.10,28.10,28.10,27.60,1,0,,,,
2026-03-29T02:15:35+01:00,3795,27.90,67.63,28.10,28.10,27.50,1,0,,,,
2026-03-29T02:17:35+01:00,3796,27.83,67.80,28.00,28.00,27.50,1,0,,,,
2026-03-29T02:19:36+01:00,3797,27.83,67.77,28.00,28.00,27.50,1,0,,,,
2026-03-29T02:21:36+01:00,3798,27.83,67.83,28.00,28.00,27.50,1,0,,,,
2026-03-29T02:23:36+01:00,3799,27.83,67.87,28.00,28.00,27.50,1,0,,,,
2026-03-29T02:25:36+01:00,3800,27.83,68.00,28.00,28.00,27.50,1,0,,,,
2026-03-29T02:27:36+01:00,3801,27.83,68.03,28.00,28.00,27.50,1,0,,,,
2026-03-29T02:29:37+01:00,3802,27.80,68.07,28.00,28.00,27.40,1,0,,,,
2026-03-29T02:31:37+01:00,3803,27.77,68.03,28.00,27.90,27.40,0,0,,,,
2026-03-29T02:33:37+01:00,3804,27.73,67.53,28.00,27.90,27.30,0,0,,,,
2026-03-29T02:35:38+01:00,3805,27.70,66.97,28.00,27.90,27.20,0,0,,,,
2026-03-29T02:37:39+01:00,3806,27.70,66.90,28.00,27.90,27.20,0,0,,,,
2026-03-29T02:39:38+01:00,3807,27.67,66.80,27.90,27.90,27.20,0,0,,,,
2026-03-29T02:41:39+01:00,3808,27.63,66.73,27.90,27.90,27.10,0,0,,,,
2026-03-29T02:43:40+01:00,3809,27.60,66.63,27.80,27.90,27.10,1,0,,,,
2026-03-29T02:45:40+01:00,3810,27.60,67.37,27.80,27.80,27.20,1,0,,,,
2026-03-29T02:47:42+01:00,3811,27.53,67.40,27.70,27.80,27.10,1,0,,,,
2026-03-29T02:49:41+01:00,3812,27.50,67.93,27.70,27.70,27.10,1,0,,,,
2026-03-29T02:51:42+01:00,3813,27.50,68.00,27.70,27.70,27.10,1,0,,,,
2026-03-29T02:53:42+01:00,3814,27.47,67.97,27.70,27.60,27.10,1,0,,,,
2026-03-29T02:55:43+01:00,3815,27.47,68.03,27.70,27.60,27.10,1,0,,,,
2026-03-29T02:57:43+01:00,3816,27.47,67.97,27.70,27.60,27.10,1,0,,,,
2026-03-29T02:59:44+01:00,3817,27.47,67.63,27.70,27.60,27.10,1,0,,,,
2026-03-29T03:01:44+01:00,3818,27.47,67.63,27.70,27.60,27.10,1,0,,,,
2026-03-29T03:03:44+01:00,3819,27.43,68.00,27.70,27.50,27.10,1,0,,,,
2026-03-29T03:05:44+01:00,3820,27.43,68.03,27.60,27.60,27.10,1,0,,,,
2026-03-29T03:07:45+01:00,3821,27.40,68.03,27.60,27.50,27.10,1,0,,,,
2026-03-29T03:09:45+01:00,3822,27.40,68.07,27.60,27.50,27.10,1,0,,,,
2026-03-29T03:11:45+01:00,3823,27.37,68.17,27.60,27.50,27.00,1,0,,,,
2026-03-29T03:13:45+01:00,3824,27.40,68.23,27.60,27.50,27.10,0,0,,,,
2026-03-29T03:15:45+01:00,3825,27.40,67.40,27.60,27.60,27.00,0,0,,,,
2026-03-29T03:17:46+01:00,3826,27.37,67.47,27.60,27.60,26.90,0,0,,,,
2026-03-29T03:19:47+01:00,3827,27.33,67.00,27.60,27.50,26.90,0,0,,,,
2026-03-29T03:21:47+01:00,3828,27.33,66.90,27.50,27.50,27.00,0,0,,,,
2026-03-29T03:23:47+01:00,3829,27.27,66.83,27.50,27.40,26.90,0,0,,,,
2026-03-29T03:25:48+01:00,3830,27.23,66.77,27.50,27.30,26.90,1,0,,,,
2026-03-29T03:27:48+01:00,3831,27.17,68.27,27.40,27.20,26.90,1,0,,,,
2026-03-29T03:29:49+01:00,3832,27.17,68.80,27.40,27.20,26.90,1,0,,,,
2026-03-29T03:31:49+01:00,3833,27.10,68.90,27.30,27.10,26.90,1,0,,,,
2026-03-29T03:33:49+01:00,3834,27.03,69.07,27.20,27.10,26.80,1,0,,,,
2026-03-29T03:35:49+01:00,3835,27.03,69.17,27.20,27.10,26.80,1,0,,,,
2026-03-29T03:37:50+01:00,3836,27.07,69.33,27.20,27.10,26.90,1,0,,,,
2026-03-29T03:39:50+01:00,3837,27.03,69.27,27.20,27.10,26.80,1,0,,,,
2026-03-29T03:41:50+01:00,3838,27.03,69.27,27.20,27.10,26.80,1,0,,,,
2026-03-29T03:43:50+01:00,3839,27.07,69.37,27.20,27.10,26.90,1,0,,,,
2026-03-29T03:45:51+01:00,3840,27.13,69.37,27.30,27.20,26.90,1,0,,,,
2026-03-29T03:47:51+01:00,3841,27.20,69.40,27.40,27.20,27.00,1,0,,,,
2026-03-29T03:49:51+01:00,3842,27.23,69.27,27.40,27.30,27.00,1,0,,,,
2026-03-29T03:51:52+01:00,3843,27.27,69.10,27.50,27.30,27.00,1,0,,,,
2026-03-29T03:53:52+01:00,3844,27.20,69.03,27.40,27.20,27.00,1,0,,,,
2026-03-29T03:55:52+01:00,3845,27.23,69.07,27.40,27.30,27.00,0,0,,,,
2026-03-29T03:57:53+01:00,3846,27.27,68.50,27.50,27.30,27.00,0,0,,,,
2026-03-29T03:59:53+01:00,3847,27.27,68.20,27.50,27.40,26.90,0,0,,,,
2026-03-29T04:01:53+01:00,3848,27.27,67.63,27.60,27.40,26.80,0,0,,,,
2026-03-29T04:03:53+01:00,3849,27.30,67.47,27.60,27.40,26.90,0,0,,,,
2026-03-29T04:05:54+01:00,3850,27.23,67.37,27.50,27.30,26.90,0,0,,,,
2026-03-29T04:07:54+01:00,3851,27.23,67.33,27.50,27.30,26.90,1,0,,,,
2026-03-29T04:09:54+01:00,3852,27.33,68.17,27.60,27.40,27.00,1,0,,,,
2026-03-29T04:11:54+01:00,3853,27.43,68.17,27.70,27.50,27.10,1,0,,,,
2026-03-29T04:13:54+01:00,3854,27.43,68.20,27.70,27.50,27.10,1,0,,,,
2026-03-29T04:15:55+01:00,3855,27.53,68.17,27.80,27.60,27.20,1,0,,,,
2026-03-29T04:17:55+01:00,3856,27.67,67.67,28.00,27.70,27.30,1,0,,,,
2026-03-29T04:19:55+01:00,3857,27.83,67.40,28.10,27.90,27.50,1,0,,,,
2026-03-29T04:21:55+01:00,3858,28.00,67.10,28.30,28.00,27.70,1,0,,,,
2026-03-29T04:23:55+01:00,3859,28.13,66.57,28.40,28.20,27.80,1,0,,,,
2026-03-29T04:25:56+01:00,3860,28.23,66.77,28.50,28.30,27.90,1,0,,,,
2026-03-29T04:27:56+01:00,3861,28.27,66.10,28.60,28.30,27.90,1,0,,,,
2026-03-29T04:29:56+01:00,3862,28.30,65.97,28.60,28.40,27.90,1,0,,,,
2026-03-29T04:31:56+01:00,3863,28.33,65.87,28.60,28.40,28.00,1,0,,,,
2026-03-29T04:33:57+01:00,3864,28.40,65.47,28.70,28.50,28.00,1,0,,,,
2026-03-29T04:35:57+01:00,3865,28.47,65.33,28.80,28.60,28.00,1,0,,,,
2026-03-29T04:37:57+01:00,3866,28.50,65.23,28.80,28.60,28.10,0,0,,,,
2026-03-29T04:39:57+01:00,3867,28.43,65.27,28.80,28.60,27.90,0,0,,,,
2026-03-29T04:41:57+01:00,3868,28.37,65.63,28.70,28.50,27.90,0,0,,,,
2026-03-29T04:43:58+01:00,3869,28.33,65.63,28.70,28.50,27.80,0,0,,,,
2026-03-29T04:45:58+01:00,3870,28.27,65.63,28.60,28.50,27.70,0,0,,,,
2026-03-29T04:47:58+01:00,3871,28.23,65.63,28.60,28.40,27.70,0,0,,,,
2026-03-29T04:49:58+01:00,3872,28.13,65.63,28.50,28.30,27.60,1,0,,,,
2026-03-29T04:51:59+01:00,3873,28.30,65.53,28.60,28.40,27.90,1,0,,,,
2026-03-29T04:53:59+01:00,3874,28.30,65.13,28.60,28.40,27.90,1,0,,,,
2026-03-29T04:55:59+01:00,3875,28.40,65.03,28.70,28.50,28.00,1,0,,,,
2026-03-29T04:57:59+01:00,3876,28.40,64.97,28.70,28.50,28.00,1,0,,,,
2026-03-29T04:59:59+01:00,3877,28.47,64.83,28.80,28.60,28.00,1,0,,,,
2026-03-29T05:01:59+01:00,3878,28.50,64.43,28.80,28.60,28.10,1,0,,,,
2026-03-29T05:04:00+01:00,3879,28.60,64.37,28.90,28.70,28.20,1,0,,,,
2026-03-29T05:06:00+01:00,3880,28.60,64.67,28.90,28.70,28.20,1,0,,,,
2026-03-29T05:08:00+01:00,3881,28.53,64.63,28.80,28.70,28.10,1,0,,,,
2026-03-29T05:10:01+01:00,3882,28.50,64.80,28.80,28.70,28.00,1,0,,,,
2026-03-29T05:12:01+01:00,3883,28.60,64.83,28.90,28.70,28.20,1,0,,,,
2026-03-29T05:14:01+01:00,3884,28.63,64.87,29.00,28.80,28.10,1,0,,,,
2026-03-29T05:16:01+01:00,3885,28.67,64.87,29.00,28.80,28.20,1,0,,,,
2026-03-29T05:18:02+01:00,3886,28.67,64.87,29.00,28.80,28.20,1,0,,,,
2026-03-29T05:20:02+01:00,3887,28.70,64.93,29.00,28.90,28.20,0,0,,,,
2026-03-29T05:22:02+01:00,3888,28.63,64.93,29.00,28.80,28.10,0,0,,,,
2026-03-29T05:24:03+01:00,3889,28.57,64.97,28.90,28.80,28.00,0,0,,,,
2026-03-29T05:26:03+01:00,3890,28.50,65.33,28.80,28.70,28.00,0,0,,,,
2026-03-29T05:28:03+01:00,3891,28.47,65.37,28.80,28.70,27.90,0,0,,,,
2026-03-29T05:30:03+01:00,3892,28.43,65.37,28.80,28.70,27.80,0,0,,,,
2026-03-29T05:32:03+01:00,3893,28.43,65.37,28.70,28.70,27.90,1,0,,,,
2026-03-29T05:34:04+01:00,3894,28.50,65.93,28.80,28.70,28.00,1,0,,,,
2026-03-29T05:36:04+01:00,3895,28.63,65.90,28.90,28.80,28.20,1,0,,,,
2026-03-29T05:38:04+01:00,3896,28.67,65.90,29.00,28.80,28.20,1,0,,,,
2026-03-29T05:40:04+01:00,3897,28.73,65.30,29.00,28.90,28.30,1,0,,,,
2026-03-29T05:42:05+01:00,3898,28.73,65.17,29.00,28.90,28.30,1,0,,,,
2026-03-29T05:44:05+01:00,3899,28.73,65.03,29.00,28.90,28.30,1,0,,,,
2026-03-29T05:46:05+01:00,3900,28.80,65.00,29.10,29.00,28.30,1,0,,,,
2026-03-29T05:48:05+01:00,3901,28.83,65.00,29.10,29.00,28.40,1,0,,,,
2026-03-29T05:50:06+01:00,3902,28.83,65.00,29.10,29.00,28.40,1,0,,,,
2026-03-29T05:52:07+01:00,3903,28.83,65.00,29.10,29.00,28.40,1,0,,,,
2026-03-29T05:54:07+01:00,3904,28.83,64.90,29.10,29.00,28.40,1,0,,,,
2026-03-29T05:56:07+01:00,3905,28.87,64.87,29.10,29.00,28.50,1,0,,,,
2026-03-29T05:58:07+01:00,3906,28.83,64.90,29.10,29.00,28.40,1,0,,,,
2026-03-29T06:00:07+01:00,3907,28.87,64.80,29.10,29.00,28.50,1,0,,,,
2026-03-29T06:02:08+01:00,3908,28.83,64.90,29.10,29.00,28.40,0,0,,,,
2026-03-29T06:04:08+01:00,3909,28.77,64.93,29.00,29.00,28.30,0,0,,,,
2026-03-29T06:06:08+01:00,3910,28.63,65.43,28.90,28.90,28.10,0,0,,,,
2026-03-29T06:08:08+01:00,3911,28.53,65.53,28.80,28.80,28.00,0,0,,,,
2026-03-29T06:10:09+01:00,3912,28.53,65.60,28.80,28.80,28.00,0,0,,,,
2026-03-29T06:12:09+01:00,3913,28.43,66.00,28.70,28.80,27.80,0,0,,,,
2026-03-29T06:14:09+01:00,3914,28.40,65.97,28.70,28.70,27.80,1,0,,,,
2026-03-29T06:16:09+01:00,3915,28.47,65.97,28.70,28.70,28.00,1,0,,,,
2026-03-29T06:18:09+01:00,3916,28.47,65.97,28.70,28.70,28.00,1,0,,,,
2026-03-29T06:20:10+01:00,3917,28.43,66.10,28.70,28.60,28.00,1,0,,,,
2026-03-29T06:22:10+01:00,3918,28.43,66.17,28.70,28.60,28.00,1,0,,,,
2026-03-29T06:24:10+01:00,3919,28.53,66.13,28.80,28.70,28.10,1,0,,,,
2026-03-29T06:26:10+01:00,3920,28.57,66.03,28.90,28.70,28.10,1,0,,,,
2026-03-29T06:28:11+01:00,3921,28.60,66.03,28.90,28.80,28.10,1,0,,,,
2026-03-29T06:30:11+01:00,3922,28.60,66.00,28.80,28.80,28.20,1,0,,,,
2026-03-29T06:32:11+01:00,3923,28.53,66.03,28.80,28.70,28.10,1,0,,,,
2026-03-29T06:34:11+01:00,3924,28.50,66.07,28.80,28.70,28.00,1,0,,,,
2026-03-29T06:36:12+01:00,3925,28.50,66.13,28.80,28.70,28.00,1,0,,,,
2026-03-29T06:38:13+01:00,3926,28.50,66.20,28.80,28.70,28.00,1,0,,,,
2026-03-29T06:40:13+01:00,3927,28.50,66.27,28.80,28.70,28.00,1,0,,,,
2026-03-29T06:42:14+01:00,3928,28.50,66.40,28.80,28.70,28.00,1,0,,,,
2026-03-29T06:44:14+01:00,3929,28.60,66.73,28.90,28.80,28.10,0,0,,,,
2026-03-29T06:46:15+01:00,3930,28.53,66.43,28.80,28.80,28.00,0,0,,,,
2026-03-29T06:48:15+01:00,3931,28.50,66.33,28.80,28.80,27.90,0,0,,,,
2026-03-29T06:50:15+01:00,3932,28.43,66.30,28.70,28.80,27.80,0,0,,,,
2026-03-29T06:52:16+01:00,3933,28.33,66.33,28.50,28.70,27.80,0,0,,,,
2026-03-29T06:54:16+01:00,3934,28.27,66.37,28.40,28.70,27.70,0,0,,,,
2026-03-29T06:56:16+01:00,3935,28.20,66.37,28.40,28.60,27.60,1,0,,,,
2026-03-29T06:58:17+01:00,3936,28.43,67.03,28.60,28.70,28.00,1,0,,,,
2026-03-29T07:00:17+01:00,3937,28.50,66.93,28.80,28.70,28.00,1,0,,,,
2026-03-29T07:02:17+01:00,3938,28.60,66.83,28.90,28.80,28.10,1,0,,,,
2026-03-29T07:04:18+01:00,3939,28.63,66.80,28.90,28.80,28.20,1,0,,,,
2026-03-29T07:06:18+01:00,3940,28.70,66.77,29.00,28.90,28.20,1,0,,,,
2026-03-29T07:08:19+01:00,3941,28.77,66.30,29.00,29.00,28.30,1,0,,,,
2026-03-29T07:10:19+01:00,3942,28.77,66.10,29.00,29.00,28.30,1,0,,,,
2026-03-29T07:12:19+01:00,3943,28.77,66.20,29.00,29.00,28.30,1,0,,,,
2026-03-29T07:14:20+01:00,3944,28.70,66.13,29.00,28.90,28.20,1,0,,,,
2026-03-29T07:16:20+01:00,3945,28.70,66.27,29.00,28.90,28.20,1,0,,,,
2026-03-29T07:18:20+01:00,3946,28.70,66.33,29.00,28.90,28.20,1,0,,,,
2026-03-29T07:20:21+01:00,3947,28.70,66.13,29.00,28.90,28.20,1,0,,,,
2026-03-29T07:22:21+01:00,3948,28.67,66.00,28.90,28.90,28.20,1,0,,,,
2026-03-29T07:24:21+01:00,3949,28.67,66.23,28.90,28.90,28.20,1,0,,,,
2026-03-29T07:26:22+01:00,3950,28.63,66.40,28.90,28.80,28.20,0,0,,,,
2026-03-29T07:28:22+01:00,3951,28.53,66.23,28.80,28.80,28.00,0,0,,,,
2026-03-29T07:30:23+01:00,3952,28.50,66.50,28.70,28.80,28.00,0,0,,,,
2026-03-29T07:32:23+01:00,3953,28.33,66.57,28.50,28.70,27.80,0,0,,,,
2026-03-29T07:34:26+01:00,3954,28.27,66.60,28.50,28.70,27.60,0,0,,,,
2026-03-29T07:36:24+01:00,3955,28.20,66.97,28.40,28.60,27.60,0,0,,,,
2026-03-29T07:38:24+01:00,3956,28.17,66.97,28.30,28.60,27.60,1,0,,,,
2026-03-29T07:40:24+01:00,3957,28.23,67.70,28.40,28.50,27.80,1,0,,,,
2026-03-29T07:42:24+01:00,3958,28.27,67.80,28.40,28.50,27.90,1,0,,,,
2026-03-29T07:44:26+01:00,3959,28.30,67.93,28.50,28.50,27.90,1,0,,,,
2026-03-29T07:46:25+01:00,3960,28.10,68.00,28.30,28.30,27.70,1,0,,,,
2026-03-29T07:48:26+01:00,3961,27.97,68.53,28.20,28.10,27.60,1,0,,,,
2026-03-29T07:50:27+01:00,3962,27.83,68.83,28.00,28.00,27.50,1,0,,,,
2026-03-29T07:52:27+01:00,3963,27.77,69.77,28.00,28.00,27.30,1,0,,,,
2026-03-29T07:54:27+01:00,3964,27.83,69.73,28.00,28.00,27.50,1,0,,,,
2026-03-29T07:56:28+01:00,3965,27.97,69.73,28.20,28.10,27.60,1,0,,,,
2026-03-29T07:58:28+01:00,3966,28.07,69.10,28.30,28.20,27.70,1,0,,,,
2026-03-29T08:00:28+01:00,3967,28.20,68.87,28.50,28.30,27.80,1,0,,,,
2026-03-29T08:02:28+01:00,3968,28.20,68.67,28.50,28.30,27.80,1,0,,,,
2026-03-29T08:04:28+01:00,3969,28.27,68.07,28.50,28.40,27.90,1,0,,,,
2026-03-29T08:06:29+01:00,3970,28.20,68.03,28.50,28.30,27.80,1,0,,,,
2026-03-29T08:08:29+01:00,3971,28.13,68.13,28.40,28.20,27.80,0,0,,,,
2026-03-29T08:10:30+01:00,3972,28.07,67.80,28.40,28.20,27.60,0,0,,,,
2026-03-29T08:12:30+01:00,3973,28.00,67.60,28.40,28.10,27.50,0,0,,,,
2026-03-29T08:14:31+01:00,3974,27.93,67.53,28.30,28.10,27.40,0,0,,,,
2026-03-29T08:16:31+01:00,3975,27.87,67.50,28.20,28.00,27.40,0,0,,,,
2026-03-29T08:18:31+01:00,3976,27.87,67.57,28.20,28.00,27.40,0,0,,,,
2026-03-29T08:20:32+01:00,3977,27.83,67.57,28.20,28.00,27.30,1,0,,,,
2026-03-29T08:22:32+01:00,3978,27.90,69.57,28.20,28.00,27.50,1,0,,,,
2026-03-29T08:24:34+01:00,3979,27.87,70.00,28.10,28.00,27.50,1,0,,,,
2026-03-29T08:26:33+01:00,3980,27.87,70.10,28.10,28.00,27.50,1,0,,,,
2026-03-29T08:28:33+01:00,3981,27.87,70.17,28.10,28.00,27.50,1,0,,,,
2026-03-29T08:30:34+01:00,3982,27.93,69.97,28.20,28.00,27.60,1,0,,,,
2026-03-29T08:32:35+01:00,3983,28.00,69.93,28.30,28.10,27.60,1,0,,,,
2026-03-29T08:34:35+01:00,3984,28.10,70.07,28.30,28.20,27.80,1,0,,,,
2026-03-29T08:36:35+01:00,3985,28.17,70.27,28.40,28.30,27.80,1,0,,,,
2026-03-29T08:38:35+01:00,3986,28.30,70.20,28.60,28.40,27.90,1,0,,,,
2026-03-29T08:41:44+01:00,3987,28.33,68.80,28.60,28.50,27.90,1,0,,,,
2026-03-29T08:43:45+01:00,3988,28.27,68.57,28.50,28.40,27.90,1,0,,,,
2026-03-29T08:45:45+01:00,3989,28.33,69.70,28.60,28.50,27.90,1,0,,,,
2026-03-29T08:47:46+01:00,3990,28.47,69.57,28.80,28.60,28.00,1,0,,,,
2026-03-29T08:49:46+01:00,3991,28.67,68.73,29.00,28.80,28.20,1,0,,,,
2026-03-29T08:51:46+01:00,3992,28.73,67.93,29.00,28.90,28.30,1,0,,,,
2026-03-29T08:53:47+01:00,3993,28.83,67.47,29.10,29.00,28.40,1,0,,,,
2026-03-29T08:55:47+01:00,3994,28.83,67.27,29.10,29.00,28.40,1,0,,,,
2026-03-29T08:57:47+01:00,3995,28.90,67.27,29.20,29.00,28.50,1,0,,,,
2026-03-29T08:59:48+01:00,3996,28.90,67.13,29.20,29.00,28.50,1,0,,,,
2026-03-29T09:01:48+01:00,3997,28.90,67.20,29.20,29.00,28.50,1,0,,,,
2026-03-29T09:03:48+01:00,3998,28.87,66.97,29.20,29.00,28.40,1,0,,,,
2026-03-29T09:05:49+01:00,3999,28.83,66.27,29.10,29.00,28.40,1,0,,,,
2026-03-29T09:07:49+01:00,4000,28.83,66.77,29.10,29.00,28.40,1,0,,,,
2026-03-29T09:09:49+01:00,4001,28.83,67.03,29.10,29.00,28.40,1,0,,,,
2026-03-29T09:11:50+01:00,4002,28.83,66.80,29.10,29.00,28.40,0,0,,,,
2026-03-29T09:13:50+01:00,4003,28.80,66.73,29.10,29.00,28.30,0,0,,,,
2026-03-29T09:15:51+01:00,4004,28.70,66.83,29.00,29.00,28.10,0,0,,,,
2026-03-29T09:17:51+01:00,4005,28.70,66.83,29.00,29.00,28.10,0,0,,,,
2026-03-29T09:19:51+01:00,4006,28.67,66.90,29.00,29.00,28.00,0,0,,,,
2026-03-29T09:21:51+01:00,4007,28.67,67.23,29.00,29.00,28.00,0,0,,,,
2026-03-29T09:23:52+01:00,4008,28.67,66.83,29.00,29.00,28.00,1,0,,,,
2026-03-29T09:25:53+01:00,4009,28.73,67.70,29.00,29.00,28.20,1,0,,,,
2026-03-29T09:27:53+01:00,4010,28.77,67.30,29.00,29.00,28.30,1,0,,,,
2026-03-29T09:29:54+01:00,4011,28.83,67.23,29.10,29.00,28.40,1,0,,,,
2026-03-29T09:31:54+01:00,4012,28.90,67.10,29.20,29.00,28.50,1,0,,,,
2026-03-29T09:33:55+01:00,4013,28.87,66.73,29.20,29.00,28.40,1,0,,,,
2026-03-29T09:35:57+01:00,4014,29.00,66.57,29.30,29.10,28.60,1,0,,,,
2026-03-29T09:37:56+01:00,4015,28.97,66.13,29.30,29.10,28.50,1,0,,,,
2026-03-29T09:39:57+01:00,4016,29.00,66.07,29.30,29.10,28.60,1,0,,,,
2026-03-29T09:41:57+01:00,4017,29.00,65.87,29.30,29.10,28.60,1,0,,,,
2026-03-29T09:44:00+01:00,4018,29.07,65.93,29.40,29.20,28.60,1,0,,,,
2026-03-29T09:45:58+01:00,4019,29.10,66.00,29.40,29.20,28.70,1,0,,,,
2026-03-29T09:47:59+01:00,4020,29.13,65.87,29.50,29.20,28.70,1,0,,,,
2026-03-29T09:49:59+01:00,4021,29.17,65.57,29.50,29.30,28.70,1,0,,,,
2026-03-29T09:52:00+01:00,4022,29.13,64.13,29.50,29.20,28.70,1,0,,,,
2026-03-29T09:54:00+01:00,4023,29.13,63.03,29.50,29.20,28.70,0,0,,,,
2026-03-29T09:56:01+01:00,4024,29.10,63.90,29.50,29.20,28.60,0,0,,,,
2026-03-29T09:58:01+01:00,4025,29.00,64.57,29.40,29.20,28.40,0,0,,,,
2026-03-29T10:00:03+01:00,4026,28.93,65.10,29.30,29.10,28.40,0,0,,,,
2026-03-29T10:02:01+01:00,4027,28.90,65.23,29.30,29.10,28.30,0,0,,,,
2026-03-29T10:04:02+01:00,4028,28.87,65.33,29.30,29.10,28.20,0,0,,,,
2026-03-29T10:06:02+01:00,4029,28.87,65.40,29.30,29.10,28.20,1,0,,,,
2026-03-29T10:08:03+01:00,4030,28.97,62.80,29.30,29.10,28.50,1,0,,,,
2026-03-29T10:10:03+01:00,4031,28.97,62.60,29.30,29.10,28.50,1,0,,,,
2026-03-29T10:12:04+01:00,4032,29.00,61.90,29.30,29.10,28.60,1,0,,,,
2026-03-29T10:14:05+01:00,4033,29.03,61.67,29.40,29.10,28.60,1,0,,,,
2026-03-29T10:16:05+01:00,4034,29.03,61.57,29.40,29.10,28.60,1,0,,,,
2026-03-29T10:18:05+01:00,4035,29.07,61.43,29.40,29.20,28.60,1,0,,,,
2026-03-29T10:20:06+01:00,4036,29.07,60.77,29.40,29.20,28.60,1,0,,,,
2026-03-29T10:22:06+01:00,4037,29.13,61.20,29.50,29.20,28.70,1,0,,,,
2026-03-29T10:24:06+01:00,4038,29.13,61.33,29.50,29.20,28.70,1,0,,,,
2026-03-29T10:26:06+01:00,4039,29.13,61.33,29.50,29.20,28.70,1,0,,,,
2026-03-29T10:28:07+01:00,4040,29.13,60.77,29.50,29.20,28.70,1,0,,,,
2026-03-29T10:30:07+01:00,4041,29.13,61.10,29.50,29.20,28.70,1,0,,,,
2026-03-29T10:32:08+01:00,4042,29.07,61.03,29.40,29.20,28.60,1,0,,,,
2026-03-29T10:34:08+01:00,4043,29.07,60.70,29.40,29.20,28.60,1,0,,,,
2026-03-29T10:36:09+01:00,4044,29.13,61.20,29.50,29.20,28.70,0,0,,,,
2026-03-29T10:38:10+01:00,4045,29.10,61.70,29.50,29.20,28.60,0,0,,,,
2026-03-29T10:40:10+01:00,4046,28.97,62.37,29.40,29.10,28.40,0,0,,,,
2026-03-29T10:42:11+01:00,4047,28.97,62.60,29.40,29.10,28.40,0,0,,,,
2026-03-29T10:44:11+01:00,4048,28.90,63.10,29.30,29.10,28.30,0,0,,,,
2026-03-29T10:46:12+01:00,4049,28.90,63.27,29.30,29.10,28.30,0,0,,,,
2026-03-29T10:48:12+01:00,4050,28.87,63.37,29.30,29.10,28.20,1,0,,,,
2026-03-29T10:50:13+01:00,4051,29.03,63.33,29.40,29.10,28.60,1,0,,,,
2026-03-29T10:52:13+01:00,4052,29.07,62.80,29.40,29.20,28.60,1,0,,,,
2026-03-29T10:54:13+01:00,4053,29.13,62.80,29.50,29.20,28.70,1,0,,,,
2026-03-29T10:56:14+01:00,4054,29.20,63.43,29.60,29.30,28.70,1,0,,,,
2026-03-29T10:58:14+01:00,4055,29.23,62.90,29.60,29.30,28.80,1,0,,,,
2026-03-29T11:00:15+01:00,4056,29.27,62.80,29.60,29.40,28.80,1,0,,,,
2026-03-29T11:02:16+01:00,4057,29.30,62.80,29.70,29.40,28.80,1,0,,,,
2026-03-29T11:04:16+01:00,4058,29.37,63.27,29.70,29.50,28.90,1,0,,,,
2026-03-29T11:06:18+01:00,4059,29.37,62.83,29.70,29.50,28.90,1,0,,,,
2026-03-29T11:08:17+01:00,4060,29.40,62.87,29.70,29.50,29.00,1,0,,,,
2026-03-29T11:10:17+01:00,4061,29.43,62.97,29.80,29.50,29.00,1,0,,,,
2026-03-29T11:12:17+01:00,4062,29.40,63.03,29.80,29.50,28.90,1,0,,,,
2026-03-29T11:14:18+01:00,4063,29.43,63.10,29.80,29.60,28.90,1,0,,,,
2026-03-29T11:16:18+01:00,4064,29.43,63.50,29.80,29.60,28.90,1,0,,,,
2026-03-29T11:18:19+01:00,4065,29.47,63.77,29.80,29.60,29.00,0,0,,,,
2026-03-29T11:20:19+01:00,4066,29.40,63.77,29.80,29.60,28.80,0,0,,,,
2026-03-29T11:22:22+01:00,4067,29.40,63.77,29.80,29.60,28.80,0,0,,,,
2026-03-29T11:24:20+01:00,4068,29.27,64.17,29.70,29.50,28.60,0,0,,,,
2026-03-29T11:26:20+01:00,4069,29.27,64.23,29.70,29.50,28.60,0,0,,,,
2026-03-29T11:28:21+01:00,4070,29.23,64.23,29.70,29.50,28.50,0,0,,,,
2026-03-29T11:30:22+01:00,4071,29.17,64.23,29.60,29.40,28.50,1,0,,,,
2026-03-29T11:32:22+01:00,4072,29.33,65.00,29.70,29.50,28.80,1,0,,,,
2026-03-29T11:34:23+01:00,4073,29.43,65.43,29.80,29.60,28.90,1,0,,,,
2026-03-29T11:36:23+01:00,4074,29.47,64.97,29.80,29.60,29.00,1,0,,,,
2026-03-29T11:38:24+01:00,4075,29.50,64.67,29.90,29.60,29.00,1,0,,,,
2026-03-29T11:40:24+01:00,4076,29.53,64.63,29.90,29.70,29.00,1,0,,,,
2026-03-29T11:42:24+01:00,4077,29.53,64.63,29.90,29.70,29.00,1,0,,,,
2026-03-29T11:44:25+01:00,4078,29.53,64.57,29.90,29.70,29.00,1,0,,,,
2026-03-29T11:46:26+01:00,4079,29.57,64.53,30.00,29.70,29.00,1,0,,,,
2026-03-29T11:48:28+01:00,4080,29.60,64.10,30.00,29.80,29.00,1,0,,,,
2026-03-29T11:50:27+01:00,4081,29.63,64.10,30.00,29.80,29.10,1,0,,,,
2026-03-29T11:52:27+01:00,4082,29.63,64.53,30.00,29.80,29.10,1,0,,,,
2026-03-29T11:54:28+01:00,4083,29.63,64.70,30.00,29.80,29.10,1,0,,,,
2026-03-29T11:56:28+01:00,4084,29.63,64.53,30.00,29.80,29.10,1,0,,,,
2026-03-29T11:58:28+01:00,4085,29.67,64.57,30.00,29.90,29.10,1,0,,,,
2026-03-29T12:00:29+01:00,4086,29.70,64.60,30.00,29.90,29.20,0,0,,,,
2026-03-29T12:02:30+01:00,4087,29.63,64.53,30.00,29.90,29.00,0,0,,,,
2026-03-29T12:04:30+01:00,4088,29.57,64.53,30.00,29.80,28.90,0,0,,,,
2026-03-29T12:06:30+01:00,4089,29.57,65.03,30.00,29.80,28.90,0,0,,,,
2026-03-29T12:08:31+01:00,4090,29.57,65.03,30.00,29.80,28.90,0,0,,,,
2026-03-29T12:10:31+01:00,4091,29.50,65.03,29.90,29.80,28.80,0,0,,,,
2026-03-29T12:12:31+01:00,4092,29.43,65.00,29.90,29.70,28.70,1,0,,,,
2026-03-29T12:14:31+01:00,4093,29.60,65.50,30.00,29.80,29.00,1,0,,,,
2026-03-29T12:16:32+01:00,4094,29.67,64.97,30.00,29.90,29.10,1,0,,,,
2026-03-29T12:18:32+01:00,4095,29.70,64.80,30.00,29.90,29.20,1,0,,,,
2026-03-29T12:20:33+01:00,4096,29.70,64.60,30.00,29.90,29.20,1,0,,,,
2026-03-29T12:22:33+01:00,4097,29.80,64.57,30.10,30.00,29.30,1,0,,,,
2026-03-29T12:24:33+01:00,4098,29.77,64.60,30.10,30.00,29.20,1,0,,,,
2026-03-29T12:26:34+01:00,4099,29.80,64.53,30.20,30.00,29.20,1,0,,,,
2026-03-29T12:28:34+01:00,4100,29.83,64.30,30.20,30.00,29.30,1,0,,,,
2026-03-29T12:30:35+01:00,4101,29.83,63.97,30.20,30.00,29.30,1,0,,,,
2026-03-29T12:32:37+01:00,4102,29.83,63.97,30.20,30.00,29.30,1,0,,,,
2026-03-29T12:34:36+01:00,4103,29.83,64.23,30.20,30.00,29.30,1,0,,,,
2026-03-29T12:36:36+01:00,4104,29.87,63.80,30.20,30.00,29.40,1,0,,,,
2026-03-29T12:38:39+01:00,4105,29.87,63.77,30.30,30.00,29.30,1,0,,,,
2026-03-29T12:40:37+01:00,4106,29.87,63.80,30.30,30.00,29.30,1,0,,,,
2026-03-29T12:42:37+01:00,4107,29.87,63.77,30.30,30.00,29.30,0,0,,,,
2026-03-29T12:44:38+01:00,4108,29.80,64.13,30.20,30.00,29.20,0,0,,,,
2026-03-29T12:46:38+01:00,4109,29.73,64.23,30.20,30.00,29.00,0,0,,,,
2026-03-29T12:48:39+01:00,4110,29.70,64.43,30.10,30.00,29.00,0,0,,,,
2026-03-29T12:50:40+01:00,4111,29.70,64.50,30.10,30.00,29.00,0,0,,,,
2026-03-29T12:52:40+01:00,4112,29.67,64.53,30.00,30.00,29.00,0,0,,,,
2026-03-29T12:54:42+01:00,4113,29.60,64.90,30.00,29.90,28.90,1,0,,,,
2026-03-29T12:56:41+01:00,4114,29.77,64.60,30.10,30.00,29.20,1,0,,,,
2026-03-29T12:58:41+01:00,4115,29.80,64.57,30.10,30.00,29.30,1,0,,,,
2026-03-29T13:00:41+01:00,4116,29.83,64.40,30.20,30.00,29.30,1,0,,,,
2026-03-29T13:02:42+01:00,4117,29.87,64.37,30.20,30.00,29.40,1,0,,,,
2026-03-29T13:04:42+01:00,4118,29.87,64.43,30.30,30.00,29.30,1,0,,,,
2026-03-29T13:06:42+01:00,4119,29.93,64.40,30.30,30.10,29.40,1,0,,,,
2026-03-29T13:08:42+01:00,4120,29.97,64.37,30.40,30.10,29.40,1,0,,,,
2026-03-29T13:10:43+01:00,4121,29.97,63.80,30.40,30.10,29.40,1,0,,,,
2026-03-29T13:12:43+01:00,4122,29.97,63.67,30.40,30.10,29.40,1,0,,,,
2026-03-29T13:14:44+01:00,4123,29.97,63.67,30.40,30.10,29.40,1,0,,,,
2026-03-29T13:16:43+01:00,4124,30.00,63.70,30.40,30.20,29.40,1,0,,,,
2026-03-29T13:18:44+01:00,4125,30.03,63.80,30.40,30.20,29.50,1,0,,,,
2026-03-29T13:20:44+01:00,4126,30.00,63.70,30.40,30.20,29.40,1,0,,,,
2026-03-29T13:22:44+01:00,4127,30.03,63.70,30.40,30.20,29.50,1,0,,,,
2026-03-29T13:24:47+01:00,4128,30.03,63.77,30.40,30.20,29.50,0,0,,,,
2026-03-29T13:26:47+01:00,4129,29.97,63.83,30.40,30.20,29.30,0,0,,,,
2026-03-29T13:28:46+01:00,4130,29.90,64.23,30.30,30.10,29.30,0,0,,,,
2026-03-29T13:30:47+01:00,4131,29.87,64.33,30.30,30.10,29.20,0,0,,,,
2026-03-29T13:32:47+01:00,4132,29.73,64.70,30.20,30.00,29.00,0,0,,,,
2026-03-29T13:34:49+01:00,4133,29.73,64.77,30.20,30.00,29.00,0,0,,,,
2026-03-29T13:36:48+01:00,4134,29.70,64.43,30.10,30.00,29.00,1,0,,,,
2026-03-29T13:38:48+01:00,4135,29.83,64.50,30.30,30.00,29.20,1,0,,,,
2026-03-29T13:40:49+01:00,4136,29.93,64.43,30.30,30.10,29.40,1,0,,,,
2026-03-29T13:42:51+01:00,4137,30.00,64.43,30.40,30.10,29.50,1,0,,,,
2026-03-29T13:44:50+01:00,4138,30.00,64.30,30.40,30.20,29.40,1,0,,,,
2026-03-29T13:46:51+01:00,4139,30.03,64.23,30.40,30.20,29.50,1,0,,,,
2026-03-29T13:48:51+01:00,4140,30.07,63.97,30.50,30.20,29.50,1,0,,,,
2026-03-29T13:50:52+01:00,4141,30.10,63.93,30.50,30.30,29.50,1,0,,,,
2026-03-29T13:52:52+01:00,4142,30.10,64.27,30.50,30.30,29.50,1,0,,,,
2026-03-29T13:54:54+01:00,4143,30.13,63.80,30.50,30.30,29.60,1,0,,,,
2026-03-29T13:56:53+01:00,4144,30.10,63.73,30.50,30.30,29.50,1,0,,,,
2026-03-29T13:58:54+01:00,4145,30.17,63.73,30.60,30.30,29.60,1,0,,,,
2026-03-29T14:00:55+01:00,4146,30.20,63.83,30.60,30.40,29.60,1,0,,,,
2026-03-29T14:02:55+01:00,4147,30.23,63.83,30.60,30.40,29.70,1,0,,,,
2026-03-29T14:04:56+01:00,4148,30.23,63.83,30.60,30.40,29.70,1,0,,,,
2026-03-29T14:06:56+01:00,4149,30.27,64.30,30.70,30.40,29.70,0,0,,,,
2026-03-29T14:08:56+01:00,4150,30.17,64.27,30.60,30.40,29.50,0,0,,,,
2026-03-29T14:10:57+01:00,4151,30.10,64.37,30.50,30.40,29.40,0,0,,,,
2026-03-29T14:12:57+01:00,4152,30.03,64.43,30.40,30.30,29.40,0,0,,,,
2026-03-29T14:14:58+01:00,4153,29.93,64.83,30.30,30.30,29.20,0,0,,,,
2026-03-29T14:16:58+01:00,4154,29.93,64.53,30.30,30.20,29.30,0,0,,,,
2026-03-29T14:19:00+01:00,4155,29.90,64.53,30.30,30.20,29.20,1,0,,,,
2026-03-29T14:20:59+01:00,4156,30.10,65.47,30.50,30.30,29.50,1,0,,,,
2026-03-29T14:23:00+01:00,4157,30.20,64.73,30.60,30.40,29.60,1,0,,,,
2026-03-29T14:25:00+01:00,4158,30.27,64.63,30.70,30.40,29.70,1,0,,,,
2026-03-29T14:27:02+01:00,4159,30.33,64.50,30.70,30.50,29.80,1,0,,,,
2026-03-29T14:29:01+01:00,4160,30.37,64.57,30.80,30.50,29.80,1,0,,,,
2026-03-29T14:31:02+01:00,4161,30.40,64.50,30.80,30.60,29.80,1,0,,,,
2026-03-29T14:33:02+01:00,4162,30.43,64.47,30.80,30.60,29.90,1,0,,,,
2026-03-29T14:35:03+01:00,4163,30.40,64.30,30.80,30.60,29.80,1,0,,,,
2026-03-29T14:37:04+01:00,4164,30.47,63.67,30.90,30.60,29.90,1,0,,,,
2026-03-29T14:39:04+01:00,4165,30.47,63.43,30.90,30.60,29.90,1,0,,,,
2026-03-29T14:41:04+01:00,4166,30.50,63.00,31.00,30.60,29.90,1,0,,,,
2026-03-29T14:43:05+01:00,4167,30.53,62.67,31.00,30.60,30.00,1,0,,,,
2026-03-29T14:45:05+01:00,4168,30.57,63.33,31.00,30.70,30.00,1,0,,,,
2026-03-29T14:47:06+01:00,4169,30.57,62.93,31.00,30.70,30.00,1,0,,,,
2026-03-29T14:49:07+01:00,4170,30.57,63.30,31.00,30.70,30.00,0,0,,,,
2026-03-29T14:51:26+01:00,4171,30.50,63.70,31.00,30.70,29.80,0,0,,,,
2026-03-29T14:53:07+01:00,4172,30.40,64.13,30.90,30.60,29.70,0,0,,,,
2026-03-29T14:55:08+01:00,4173,30.30,64.30,30.80,30.40,29.70,0,0,,,,
2026-03-29T14:57:08+01:00,4174,30.17,64.40,30.70,30.30,29.50,0,0,,,,
2026-03-29T14:59:08+01:00,4175,30.17,64.47,30.70,30.30,29.50,0,0,,,,
2026-03-29T15:01:09+01:00,4176,30.17,64.47,30.70,30.30,29.50,1,0,,,,
2026-03-29T15:03:09+01:00,4177,30.43,65.80,30.90,30.50,29.90,1,0,,,,
2026-03-29T15:05:10+01:00,4178,30.57,65.70,31.00,30.70,30.00,1,0,,,,
2026-03-29T15:07:11+01:00,4179,30.60,65.13,31.00,30.80,30.00,1,0,,,,
2026-03-29T15:09:10+01:00,4180,30.63,64.80,31.00,30.90,30.00,1,0,,,,
2026-03-29T15:11:11+01:00,4181,30.70,64.60,31.10,30.90,30.10,1,0,,,,
2026-03-29T15:13:12+01:00,4182,30.80,63.83,31.20,31.00,30.20,1,0,,,,
2026-03-29T15:15:12+01:00,4183,30.83,63.90,31.30,31.00,30.20,1,0,,,,
2026-03-29T15:17:13+01:00,4184,30.83,63.77,31.30,31.00,30.20,1,0,,,,
2026-03-29T15:19:13+01:00,4185,30.90,64.33,31.30,31.10,30.30,1,0,,,,
2026-03-29T15:48:31+01:00,4186,30.13,65.73,30.50,30.40,29.50,1,0,,,,
2026-03-29T15:50:31+01:00,4187,30.30,64.90,30.70,30.50,29.70,1,0,,,,
2026-03-29T15:52:32+01:00,4188,30.40,64.10,30.80,30.60,29.80,1,0,,,,
2026-03-29T15:54:32+01:00,4189,30.47,63.80,30.90,30.60,29.90,1,0,,,,
2026-03-29T15:56:35+01:00,4190,30.57,62.90,31.00,30.70,30.00,1,0,,,,
2026-03-29T15:58:33+01:00,4191,30.60,62.70,31.00,30.80,30.00,1,0,,,,
2026-03-29T16:00:34+01:00,4192,30.77,62.93,31.20,31.00,30.10,1,0,,,,
2026-03-29T16:02:34+01:00,4193,30.83,62.80,31.30,31.00,30.20,1,0,,,,
2026-03-29T16:04:35+01:00,4194,30.87,62.43,31.30,31.10,30.20,1,0,,,,
2026-03-29T16:06:35+01:00,4195,30.90,61.83,31.40,31.10,30.20,1,0,,,,
2026-03-29T16:08:36+01:00,4196,31.00,61.43,31.40,31.20,30.40,1,0,,,,
2026-03-29T16:10:37+01:00,4197,31.00,60.20,31.40,31.20,30.40,1,0,,,,
2026-03-29T16:12:37+01:00,4198,30.97,59.53,31.40,31.20,30.30,1,0,,,,
2026-03-29T16:14:37+01:00,4199,30.97,59.87,31.40,31.20,30.30,1,0,,,,
2026-03-29T16:16:38+01:00,4200,31.03,60.10,31.50,31.20,30.40,1,0,,,,
2026-03-29T16:18:40+01:00,4201,31.07,59.70,31.50,31.20,30.50,0,0,,,,
2026-03-29T16:20:39+01:00,4202,30.97,60.77,31.40,31.20,30.30,0,0,,,,
2026-03-29T16:22:41+01:00,4203,30.87,61.13,31.30,31.20,30.10,0,0,,,,
2026-03-29T16:30:40+01:00,4204,30.70,62.07,31.10,31.00,30.00,1,0,,,,
2026-03-29T16:32:40+01:00,4205,30.87,60.53,31.30,31.10,30.20,1,0,,,,
2026-03-29T16:34:41+01:00,4206,30.87,60.07,31.30,31.10,30.20,1,0,,,,
2026-03-29T16:36:41+01:00,4207,31.00,60.13,31.40,31.20,30.40,1,0,,,,
2026-03-29T16:38:41+01:00,4208,31.03,58.87,31.50,31.20,30.40,1,0,,,,
2026-03-29T16:40:42+01:00,4209,31.03,58.70,31.50,31.20,30.40,1,0,,,,
2026-03-29T16:42:42+01:00,4210,31.03,58.67,31.50,31.20,30.40,1,0,,,,
2026-03-29T16:44:43+01:00,4211,31.03,58.77,31.50,31.20,30.40,1,0,,,,
2026-03-29T16:46:43+01:00,4212,31.03,58.53,31.50,31.20,30.40,1,0,,,,
2026-03-29T16:48:44+01:00,4213,31.03,58.03,31.50,31.20,30.40,1,0,,,,
2026-03-29T16:50:44+01:00,4214,31.07,58.47,31.50,31.20,30.50,1,0,,,,
2026-03-29T16:52:44+01:00,4215,31.03,57.83,31.50,31.20,30.40,1,0,,,,
2026-03-29T16:54:45+01:00,4216,31.07,57.77,31.50,31.20,30.50,1,0,,,,
2026-03-29T16:56:45+01:00,4217,31.07,57.90,31.50,31.20,30.50,1,0,,,,
2026-03-29T16:58:47+01:00,4218,31.03,57.83,31.50,31.20,30.40,1,0,,,,
2026-03-29T17:00:45+01:00,4219,31.07,58.03,31.60,31.20,30.40,0,0,,,,
2026-03-29T17:02:45+01:00,4220,31.03,58.83,31.50,31.20,30.40,0,0,,,,
2026-03-29T17:04:46+01:00,4221,30.93,59.47,31.40,31.20,30.20,0,0,,,,
2026-03-29T17:06:46+01:00,4222,30.87,59.77,31.40,31.10,30.10,0,0,,,,
2026-03-29T17:08:46+01:00,4223,30.80,60.37,31.30,31.10,30.00,0,0,,,,
2026-03-29T17:10:47+01:00,4224,30.77,60.53,31.30,31.00,30.00,0,0,,,,
2026-03-29T17:12:47+01:00,4225,30.77,60.63,31.30,31.00,30.00,1,0,,,,
2026-03-29T17:14:47+01:00,4226,30.93,59.30,31.40,31.10,30.30,1,0,,,,
2026-03-29T17:16:47+01:00,4227,31.03,58.83,31.50,31.20,30.40,1,0,,,,
2026-03-29T17:18:49+01:00,4228,31.07,58.77,31.50,31.20,30.50,1,0,,,,
2026-03-29T17:20:47+01:00,4229,31.13,58.83,31.60,31.30,30.50,1,0,,,,
2026-03-29T17:22:48+01:00,4230,31.17,58.83,31.60,31.30,30.60,1,0,,,,
2026-03-29T17:24:48+01:00,4231,31.17,59.00,31.60,31.30,30.60,1,0,,,,
2026-03-29T17:26:48+01:00,4232,31.27,59.43,31.70,31.40,30.70,1,0,,,,
2026-03-29T17:28:49+01:00,4233,31.27,58.83,31.70,31.40,30.70,1,0,,,,
2026-03-29T17:30:49+01:00,4234,31.30,58.57,31.80,31.40,30.70,1,0,,,,
2026-03-29T17:32:50+01:00,4235,31.33,58.57,31.80,31.50,30.70,1,0,,,,
2026-03-29T17:34:51+01:00,4236,31.33,57.73,31.80,31.50,30.70,1,0,,,,
2026-03-29T17:36:51+01:00,4237,31.30,56.90,31.80,31.40,30.70,1,0,,,,
2026-03-29T17:38:51+01:00,4238,31.30,56.17,31.80,31.40,30.70,1,0,,,,
2026-03-29T17:40:51+01:00,4239,31.30,56.57,31.80,31.40,30.70,1,0,,,,
2026-03-29T17:42:52+01:00,4240,31.30,55.77,31.80,31.40,30.70,0,0,,,,
2026-03-29T17:44:53+01:00,4241,31.20,56.93,31.70,31.40,30.50,0,0,,,,
2026-03-29T17:46:54+01:00,4242,31.10,58.07,31.60,31.30,30.40,0,0,,,,
2026-03-29T17:48:53+01:00,4243,31.07,58.33,31.50,31.30,30.40,0,0,,,,
2026-03-29T17:50:53+01:00,4244,30.97,58.90,31.50,31.20,30.20,0,0,,,,
2026-03-29T17:52:54+01:00,4245,30.90,59.10,31.40,31.20,30.10,0,0,,,,
2026-03-29T17:54:54+01:00,4246,30.87,59.30,31.40,31.10,30.10,1,0,,,,
2026-03-29T17:56:54+01:00,4247,30.93,57.93,31.40,31.10,30.30,1,0,,,,
2026-03-29T17:58:54+01:00,4248,31.03,57.93,31.50,31.20,30.40,1,0,,,,
2026-03-29T18:00:54+01:00,4249,31.07,57.87,31.50,31.20,30.50,1,0,,,,
2026-03-29T18:02:56+01:00,4250,31.10,57.83,31.60,31.20,30.50,1,0,,,,
2026-03-29T18:04:55+01:00,4251,31.17,57.30,31.60,31.30,30.60,1,0,,,,
2026-03-29T18:06:56+01:00,4252,31.17,57.63,31.60,31.30,30.60,1,0,,,,
2026-03-29T18:08:56+01:00,4253,31.17,57.30,31.60,31.30,30.60,1,0,,,,
2026-03-29T18:10:57+01:00,4254,31.20,57.07,31.70,31.30,30.60,1,0,,,,
2026-03-29T18:12:57+01:00,4255,31.20,56.97,31.70,31.30,30.60,1,0,,,,
2026-03-29T18:14:57+01:00,4256,31.20,56.83,31.70,31.30,30.60,1,0,,,,
2026-03-29T18:16:58+01:00,4257,31.20,56.90,31.70,31.30,30.60,1,0,,,,
2026-03-29T18:18:58+01:00,4258,31.20,56.93,31.70,31.30,30.60,1,0,,,,
2026-03-29T18:20:59+01:00,4259,31.20,56.93,31.70,31.30,30.60,1,0,,,,
2026-03-29T18:22:59+01:00,4260,31.17,56.90,31.60,31.30,30.60,1,0,,,,
2026-03-29T18:25:00+01:00,4261,31.17,56.90,31.60,31.30,30.60,0,0,,,,
2026-03-29T18:27:00+01:00,4262,31.07,57.70,31.60,31.20,30.40,0,0,,,,
2026-03-29T18:29:01+01:00,4263,30.97,58.37,31.50,31.20,30.20,0,0,,,,
2026-03-29T18:31:01+01:00,4264,30.87,58.57,31.40,31.10,30.10,0,0,,,,
2026-03-29T18:33:01+01:00,4265,30.83,59.13,31.40,31.00,30.10,0,0,,,,
2026-03-29T18:35:01+01:00,4266,30.77,59.20,31.30,31.00,30.00,0,0,,,,
2026-03-29T18:37:02+01:00,4267,30.77,59.47,31.30,31.00,30.00,1,0,,,,
2026-03-29T18:39:02+01:00,4268,30.83,58.03,31.30,31.00,30.20,1,0,,,,
2026-03-29T18:41:03+01:00,4269,30.87,58.00,31.40,31.00,30.20,1,0,,,,
2026-03-29T18:43:03+01:00,4270,30.93,58.00,31.40,31.10,30.30,1,0,,,,
2026-03-29T18:45:04+01:00,4271,30.97,58.00,31.40,31.10,30.40,1,0,,,,
2026-03-29T18:47:04+01:00,4272,31.00,58.37,31.50,31.10,30.40,1,0,,,,
2026-03-29T18:49:04+01:00,4273,31.00,58.03,31.50,31.10,30.40,1,0,,,,
2026-03-29T18:51:05+01:00,4274,31.03,58.03,31.50,31.20,30.40,1,0,,,,
2026-03-29T18:53:06+01:00,4275,31.03,58.37,31.50,31.20,30.40,1,0,,,,
2026-03-29T18:55:06+01:00,4276,31.03,58.03,31.50,31.20,30.40,1,0,,,,
2026-03-29T18:57:07+01:00,4277,31.03,58.07,31.50,31.20,30.40,1,0,,,,
2026-03-29T18:59:07+01:00,4278,31.03,58.10,31.50,31.20,30.40,1,0,,,,
2026-03-29T19:01:08+01:00,4279,31.03,58.13,31.50,31.20,30.40,1,0,,,,
2026-03-29T19:03:08+01:00,4280,31.03,58.53,31.50,31.20,30.40,1,0,,,,
2026-03-29T19:05:08+01:00,4281,31.03,58.57,31.50,31.20,30.40,1,0,,,,
2026-03-29T19:07:09+01:00,4282,31.03,58.63,31.50,31.20,30.40,0,0,,,,
2026-03-29T19:09:09+01:00,4283,30.93,58.77,31.50,31.10,30.20,0,0,,,,
2026-03-29T19:11:10+01:00,4284,30.83,59.30,31.40,31.00,30.10,0,0,,,,
2026-03-29T19:13:10+01:00,4285,30.77,59.87,31.30,31.00,30.00,0,0,,,,
2026-03-29T19:15:11+01:00,4286,30.73,60.13,31.20,31.00,30.00,0,0,,,,
2026-03-29T19:17:11+01:00,4287,30.73,60.23,31.20,31.00,30.00,0,0,,,,
2026-03-29T19:19:11+01:00,4288,30.73,60.37,31.20,31.00,30.00,1,0,,,,
2026-03-29T19:21:12+01:00,4289,30.80,60.57,31.30,31.00,30.10,1,0,,,,
2026-03-29T19:23:12+01:00,4290,30.87,60.07,31.30,31.00,30.30,1,0,,,,
2026-03-29T19:25:13+01:00,4291,30.90,60.43,31.40,31.00,30.30,1,0,,,,
2026-03-29T19:27:16+01:00,4292,30.90,60.43,31.40,31.10,30.20,1,0,,,,
2026-03-29T19:29:13+01:00,4293,30.93,60.53,31.40,31.10,30.30,1,0,,,,
2026-03-29T19:33:19+01:00,4294,31.03,60.43,31.50,31.20,30.40,1,0,,,,
2026-03-29T19:35:15+01:00,4295,31.03,60.17,31.50,31.20,30.40,1,0,,,,
2026-03-29T19:37:16+01:00,4296,31.07,60.13,31.50,31.20,30.50,1,0,,,,
2026-03-29T19:39:16+01:00,4297,31.10,60.10,31.60,31.20,30.50,1,0,,,,
2026-03-29T19:41:17+01:00,4298,31.10,60.53,31.60,31.20,30.50,1,0,,,,
2026-03-29T19:43:17+01:00,4299,31.10,60.50,31.60,31.20,30.50,1,0,,,,
2026-03-29T19:45:18+01:00,4300,31.10,60.57,31.60,31.20,30.50,1,0,,,,
2026-03-29T19:47:18+01:00,4301,31.13,60.70,31.60,31.30,30.50,1,0,,,,
2026-03-29T19:49:19+01:00,4302,31.10,60.80,31.60,31.30,30.40,0,0,,,,
2026-03-29T19:53:54+01:00,4303,30.77,61.50,31.30,31.00,30.00,1,0,,,,
2026-03-29T19:55:55+01:00,4304,30.90,61.63,31.40,31.10,30.20,1,0,,,,
2026-03-29T19:59:55+01:00,4305,30.93,61.67,31.40,31.10,30.30,1,0,,,,
2026-03-29T20:01:55+01:00,4306,30.97,61.77,31.40,31.20,30.30,1,0,,,,
2026-03-29T20:05:56+01:00,4307,31.03,61.83,31.50,31.20,30.40,1,0,,,,
2026-03-29T20:07:57+01:00,4308,31.03,61.70,31.50,31.20,30.40,1,0,,,,
2026-03-29T20:09:58+01:00,4309,30.97,61.57,31.40,31.20,30.30,1,0,,,,
2026-03-29T20:11:58+01:00,4310,30.97,61.57,31.40,31.20,30.30,1,0,,,,
2026-03-29T20:14:02+01:00,4311,30.93,61.20,31.40,31.10,30.30,1,0,,,,
2026-03-29T20:16:00+01:00,4312,30.90,61.23,31.40,31.10,30.20,1,0,,,,
2026-03-29T20:18:03+01:00,4313,30.93,61.60,31.40,31.10,30.30,1,0,,,,
2026-03-29T20:20:00+01:00,4314,31.03,61.60,31.50,31.20,30.40,1,0,,,,
2026-03-29T20:22:01+01:00,4315,30.97,61.67,31.40,31.20,30.30,1,0,,,,
2026-03-29T20:24:01+01:00,4316,30.97,61.70,31.40,31.20,30.30,0,0,,,,
2026-03-29T20:26:02+01:00,4317,30.90,61.70,31.40,31.10,30.20,0,0,,,,
2026-03-29T20:28:02+01:00,4318,30.77,61.73,31.30,31.00,30.00,0,0,,,,
2026-03-29T20:30:02+01:00,4319,30.73,61.80,31.20,31.00,30.00,0,0,,,,
2026-03-29T20:32:03+01:00,4320,30.73,62.27,31.20,31.00,30.00,0,0,,,,
2026-03-29T20:34:02+01:00,4321,30.67,62.63,31.10,31.00,29.90,0,0,,,,
2026-03-29T20:36:03+01:00,4322,30.63,62.70,31.10,31.00,29.80,1,0,,,,
2026-03-29T20:38:04+01:00,4323,30.70,62.47,31.10,31.00,30.00,1,0,,,,
2026-03-29T20:40:05+01:00,4324,30.77,62.40,31.20,31.00,30.10,1,0,,,,
2026-03-29T20:42:05+01:00,4325,30.77,62.23,31.20,31.00,30.10,1,0,,,,
2026-03-29T20:44:04+01:00,4326,30.83,62.17,31.30,31.00,30.20,1,0,,,,
2026-03-29T20:46:05+01:00,4327,30.83,62.13,31.30,31.00,30.20,1,0,,,,
2026-03-29T20:48:05+01:00,4328,30.83,62.07,31.30,31.00,30.20,1,0,,,,
2026-03-29T20:50:05+01:00,4329,30.87,62.00,31.30,31.00,30.30,1,0,,,,
2026-03-29T20:52:05+01:00,4330,30.87,62.00,31.30,31.10,30.20,1,0,,,,
2026-03-29T20:54:06+01:00,4331,30.87,61.77,31.30,31.10,30.20,1,0,,,,
2026-03-29T20:56:06+01:00,4332,30.87,62.00,31.30,31.10,30.20,1,0,,,,
2026-03-29T20:58:06+01:00,4333,30.80,61.63,31.30,31.00,30.10,1,0,,,,
2026-03-29T21:00:07+01:00,4334,30.77,61.70,31.20,31.00,30.10,1,0,,,,
2026-03-29T21:02:07+01:00,4335,30.77,61.77,31.20,31.00,30.10,1,0,,,,
2026-03-29T21:04:08+01:00,4336,30.77,61.77,31.20,31.00,30.10,1,0,,,,
2026-03-29T21:06:08+01:00,4337,30.77,61.73,31.20,31.00,30.10,0,0,,,,
2026-03-29T21:08:09+01:00,4338,30.73,61.70,31.20,31.00,30.00,0,0,,,,
2026-03-29T21:10:09+01:00,4339,30.73,61.87,31.20,31.00,30.00,0,0,,,,
2026-03-29T21:12:09+01:00,4340,30.67,62.57,31.10,31.00,29.90,0,0,,,,
2026-03-29T21:14:10+01:00,4341,30.53,62.60,31.00,30.90,29.70,0,0,,,,
2026-03-29T21:16:11+01:00,4342,30.47,62.67,31.00,30.80,29.60,0,0,,,,
2026-03-29T21:18:11+01:00,4343,30.47,62.77,31.00,30.80,29.60,1,0,,,,
2026-03-29T21:20:11+01:00,4344,30.57,61.90,31.00,30.80,29.90,1,0,,,,
2026-03-29T21:22:12+01:00,4345,30.53,62.23,31.00,30.70,29.90,1,0,,,,
2026-03-29T21:24:12+01:00,4346,30.60,61.87,31.00,30.80,30.00,1,0,,,,
2026-03-29T21:26:12+01:00,4347,30.60,61.83,31.00,30.80,30.00,1,0,,,,
2026-03-29T21:28:13+01:00,4348,30.60,61.40,31.00,30.80,30.00,1,0,,,,
2026-03-29T21:30:13+01:00,4349,30.60,61.10,31.00,30.80,30.00,1,0,,,,
2026-03-29T21:32:14+01:00,4350,30.60,61.07,31.00,30.80,30.00,1,0,,,,
2026-03-29T21:34:14+01:00,4351,30.63,61.13,31.00,30.90,30.00,1,0,,,,
2026-03-29T21:36:15+01:00,4352,30.63,60.97,31.00,30.90,30.00,1,0,,,,
2026-03-29T21:38:14+01:00,4353,30.67,60.97,31.10,30.90,30.00,1,0,,,,
2026-03-29T21:40:15+01:00,4354,30.67,60.60,31.10,30.90,30.00,1,0,,,,
2026-03-29T21:42:16+01:00,4355,30.67,60.63,31.10,30.90,30.00,1,0,,,,
2026-03-29T21:44:16+01:00,4356,30.67,60.63,31.10,30.90,30.00,1,0,,,,
2026-03-29T21:46:16+01:00,4357,30.63,60.63,31.10,30.80,30.00,1,0,,,,
2026-03-29T21:48:17+01:00,4358,30.67,60.63,31.10,30.90,30.00,0,0,,,,
2026-03-29T21:50:17+01:00,4359,30.60,61.10,31.10,30.80,29.90,0,0,,,,
2026-03-29T21:52:17+01:00,4360,30.57,61.57,31.00,30.80,29.90,0,0,,,,
2026-03-29T21:54:18+01:00,4361,30.53,61.80,31.00,30.80,29.80,0,0,,,,
2026-03-29T21:56:20+01:00,4362,30.47,61.83,31.00,30.70,29.70,0,0,,,,
2026-03-29T21:58:19+01:00,4363,30.40,62.27,30.90,30.70,29.60,0,0,,,,
2026-03-29T22:00:19+01:00,4364,30.30,62.33,30.80,30.60,29.50,1,0,,,,
2026-03-29T22:02:20+01:00,4365,30.43,61.27,30.90,30.60,29.80,1,0,,,,
2026-03-29T22:04:22+01:00,4366,30.47,61.10,30.90,30.60,29.90,1,0,,,,
2026-03-29T22:06:20+01:00,4367,30.47,60.90,30.90,30.60,29.90,1,0,,,,
2026-03-29T22:08:20+01:00,4368,30.47,60.37,30.90,30.60,29.90,1,0,,,,
2026-03-29T22:10:21+01:00,4369,30.47,60.23,30.90,30.60,29.90,1,0,,,,
2026-03-29T22:12:21+01:00,4370,30.50,59.77,30.90,30.60,30.00,1,0,,,,
2026-03-29T22:14:22+01:00,4371,30.47,59.87,30.90,30.60,29.90,1,0,,,,
2026-03-29T22:16:23+01:00,4372,30.47,59.93,30.90,30.60,29.90,1,0,,,,
2026-03-29T22:18:24+01:00,4373,30.47,60.07,30.90,30.60,29.90,1,0,,,,
2026-03-29T22:20:23+01:00,4374,30.50,59.83,30.90,30.60,30.00,1,0,,,,
2026-03-29T22:22:26+01:00,4375,30.53,59.80,31.00,30.60,30.00,1,0,,,,
2026-03-29T22:26:24+01:00,4376,30.47,59.93,30.90,30.60,29.90,1,0,,,,
2026-03-29T22:30:28+01:00,4377,30.37,60.27,30.80,30.50,29.80,0,0,,,,
2026-03-29T22:32:25+01:00,4378,30.30,60.73,30.80,30.40,29.70,0,0,,,,
2026-03-29T22:34:26+01:00,4379,30.17,60.97,30.70,30.30,29.50,0,0,,,,
2026-03-29T22:36:26+01:00,4380,30.10,61.47,30.60,30.30,29.40,0,0,,,,
2026-03-29T22:38:27+01:00,4381,30.00,61.53,30.50,30.20,29.30,0,0,,,,
2026-03-29T22:40:27+01:00,4382,30.00,61.70,30.50,30.20,29.30,0,0,,,,
2026-03-29T22:42:28+01:00,4383,29.93,61.73,30.40,30.20,29.20,1,0,,,,
2026-03-29T22:44:28+01:00,4384,30.00,62.40,30.40,30.20,29.40,1,0,,,,
2026-03-29T22:46:29+01:00,4385,30.00,63.03,30.40,30.20,29.40,1,0,,,,
2026-03-29T22:48:29+01:00,4386,29.97,63.33,30.40,30.10,29.40,1,0,,,,
2026-03-29T22:50:30+01:00,4387,29.97,63.57,30.40,30.10,29.40,1,0,,,,
2026-03-29T22:52:30+01:00,4388,30.00,63.67,30.40,30.20,29.40,1,0,,,,
2026-03-29T22:54:31+01:00,4389,29.97,64.10,30.40,30.10,29.40,1,0,,,,
2026-03-29T22:56:31+01:00,4390,30.03,64.20,30.40,30.20,29.50,1,0,,,,
2026-03-29T22:58:32+01:00,4391,30.00,63.73,30.40,30.20,29.40,1,0,,,,
2026-03-29T23:00:35+01:00,4392,30.10,63.40,30.50,30.30,29.50,1,0,,,,
2026-03-29T23:02:35+01:00,4393,30.10,63.30,30.50,30.30,29.50,1,0,,,,
2026-03-29T23:04:32+01:00,4394,30.10,63.20,30.50,30.30,29.50,1,0,,,,
2026-03-29T23:08:33+01:00,4395,30.20,62.70,30.60,30.40,29.60,1,0,,,,
2026-03-29T23:10:33+01:00,4396,30.27,62.57,30.70,30.40,29.70,1,0,,,,
2026-03-29T23:12:34+01:00,4397,30.30,62.20,30.70,30.50,29.70,0,0,,,,
2026-03-29T23:14:34+01:00,4398,30.23,62.20,30.70,30.40,29.60,0,0,,,,
2026-03-29T23:16:35+01:00,4399,30.13,62.57,30.60,30.40,29.40,0,0,,,,
2026-03-29T23:18:37+01:00,4400,30.03,62.60,30.50,30.30,29.30,0,0,,,,
2026-03-29T23:20:36+01:00,4401,30.00,62.67,30.50,30.20,29.30,0,0,,,,
2026-03-29T23:22:37+01:00,4402,29.90,62.70,30.40,30.20,29.10,0,0,,,,
2026-03-29T23:24:37+01:00,4403,29.90,62.73,30.40,30.20,29.10,1,0,,,,
2026-03-29T23:26:37+01:00,4404,30.03,63.03,30.50,30.20,29.40,1,0,,,,
2026-03-29T23:28:41+01:00,4405,30.10,63.07,30.50,30.30,29.50,1,0,,,,
2026-03-29T23:30:39+01:00,4406,30.10,63.13,30.50,30.30,29.50,1,0,,,,
2026-03-29T23:32:39+01:00,4407,30.20,63.17,30.60,30.30,29.70,1,0,,,,
2026-03-29T23:34:40+01:00,4408,30.23,63.27,30.60,30.40,29.70,1,0,,,,
2026-03-29T23:36:39+01:00,4409,30.23,63.07,30.60,30.40,29.70,1,0,,,,
2026-03-29T23:38:40+01:00,4410,30.23,63.13,30.60,30.40,29.70,1,0,,,,
2026-03-29T23:40:41+01:00,4411,30.23,63.20,30.60,30.40,29.70,1,0,,,,
2026-03-29T23:42:41+01:00,4412,30.17,63.17,30.50,30.40,29.60,1,0,,,,
2026-03-29T23:44:41+01:00,4413,30.10,63.27,30.50,30.30,29.50,1,0,,,,
2026-03-29T23:46:42+01:00,4414,30.10,63.37,30.50,30.30,29.50,1,0,,,,
2026-03-29T23:48:44+01:00,4415,30.10,63.40,30.50,30.30,29.50,1,0,,,,
2026-03-29T23:50:44+01:00,4416,30.10,63.33,30.50,30.30,29.50,1,0,,,,
2026-03-29T23:52:45+01:00,4417,30.13,63.37,30.60,30.30,29.50,1,0,,,,
2026-03-29T23:54:47+01:00,4418,30.20,62.87,30.60,30.40,29.60,0,0,,,,
2026-03-29T23:56:46+01:00,4419,30.23,63.03,30.70,30.40,29.60,0,0,,,,
2026-03-29T23:58:45+01:00,4420,30.17,62.97,30.70,30.30,29.50,0,0,,,,
2026-03-30T00:00:46+01:00,4421,30.10,62.93,30.60,30.30,29.40,0,0,,,,
2026-03-30T00:02:46+01:00,4422,30.03,62.90,30.60,30.30,29.20,0,0,,,,
2026-03-30T00:04:48+01:00,4423,30.03,63.23,30.60,30.20,29.30,0,0,,,,
2026-03-30T00:06:47+01:00,4424,30.03,62.87,30.60,30.20,29.30,1,0,,,,
2026-03-30T00:08:48+01:00,4425,30.13,63.17,30.60,30.30,29.50,1,0,,,,
2026-03-30T00:10:48+01:00,4426,30.13,63.27,30.60,30.30,29.50,1,0,,,,
2026-03-30T00:12:49+01:00,4427,30.10,63.30,30.50,30.30,29.50,1,0,,,,
2026-03-30T00:14:49+01:00,4428,30.00,63.50,30.40,30.20,29.40,1,0,,,,
2026-03-30T07:51:55+01:00,4429,28.53,67.00,28.80,28.80,28.00,1,0,,,,
2026-03-30T07:53:55+01:00,4430,28.70,72.73,29.00,29.00,28.10,1,0,,,,
2026-03-30T07:55:55+01:00,4431,28.80,72.77,29.10,29.00,28.30,1,0,,,,
2026-03-30T07:57:55+01:00,4432,29.00,72.53,29.30,29.20,28.50,1,0,,,,
2026-03-30T07:59:55+01:00,4433,29.10,72.33,29.40,29.30,28.60,1,0,,,,
2026-03-30T08:01:56+01:00,4434,29.27,72.13,29.60,29.50,28.70,1,0,,,,
2026-03-30T08:03:56+01:00,4435,29.37,71.93,29.70,29.60,28.80,1,0,,,,
2026-03-30T08:05:57+01:00,4436,29.47,71.37,29.80,29.70,28.90,1,0,,,,
2026-03-30T08:07:57+01:00,4437,29.53,71.30,29.90,29.70,29.00,1,0,,,,
2026-03-30T08:09:58+01:00,4438,29.60,71.20,30.00,29.80,29.00,1,0,,,,
2026-03-30T08:11:58+01:00,4439,29.63,70.97,30.00,29.90,29.00,1,0,,,,
2026-03-30T08:13:58+01:00,4440,29.73,70.93,30.00,30.00,29.20,1,0,,,,
2026-03-30T08:15:59+01:00,4441,29.73,70.80,30.10,30.00,29.10,1,0,,,,
2026-03-30T08:17:59+01:00,4442,29.77,70.60,30.10,30.00,29.20,1,0,,,,
2026-03-30T08:19:59+01:00,4443,29.83,70.60,30.20,30.00,29.30,1,0,,,,
2026-03-30T08:22:00+01:00,4444,29.83,70.57,30.20,30.00,29.30,0,0,,,,
2026-03-30T08:24:00+01:00,4445,29.80,69.80,30.20,30.00,29.20,0,0,,,,
2026-03-30T08:26:01+01:00,4446,29.70,68.93,30.10,30.00,29.00,0,0,,,,
2026-03-30T08:28:01+01:00,4447,29.67,68.73,30.00,30.00,29.00,0,0,,,,
2026-03-30T08:30:01+01:00,4448,29.67,68.57,30.00,30.00,29.00,0,0,,,,
2026-03-30T08:32:02+01:00,4449,29.63,68.47,30.00,30.00,28.90,0,0,,,,
2026-03-30T08:34:02+01:00,4450,29.57,68.47,30.00,29.90,28.80,1,0,,,,
2026-03-30T08:36:02+01:00,4451,29.67,71.70,30.00,30.00,29.00,1,0,,,,
2026-03-30T08:38:03+01:00,4452,29.70,71.90,30.00,30.00,29.10,1,0,,,,
2026-03-30T08:40:03+01:00,4453,29.77,71.33,30.10,30.00,29.20,1,0,,,,
2026-03-30T08:42:04+01:00,4454,29.80,71.53,30.10,30.00,29.30,1,0,,,,
2026-03-30T08:44:04+01:00,4455,29.83,71.17,30.20,30.00,29.30,1,0,,,,
2026-03-30T08:46:05+01:00,4456,29.87,71.17,30.20,30.10,29.30,1,0,,,,
2026-03-30T08:48:05+01:00,4457,29.90,70.93,30.20,30.10,29.40,1,0,,,,
2026-03-30T08:50:05+01:00,4458,29.87,70.93,30.20,30.10,29.30,1,0,,,,
2026-03-30T08:52:06+01:00,4459,29.87,70.83,30.20,30.10,29.30,1,0,,,,
2026-03-30T08:54:06+01:00,4460,29.87,70.83,30.20,30.10,29.30,1,0,,,,
2026-03-30T08:56:06+01:00,4461,29.87,70.90,30.20,30.10,29.30,1,0,,,,
2026-03-30T08:58:06+01:00,4462,29.87,70.87,30.20,30.10,29.30,1,0,,,,
2026-03-30T09:00:07+01:00,4463,29.90,70.97,30.30,30.10,29.30,1,0,,,,
2026-03-30T09:02:07+01:00,4464,29.93,70.93,30.30,30.10,29.40,1,0,,,,
2026-03-30T09:04:07+01:00,4465,29.93,70.77,30.30,30.10,29.40,0,0,,,,
2026-03-30T09:06:07+01:00,4466,29.87,70.07,30.30,30.10,29.20,0,0,,,,
2026-03-30T09:08:08+01:00,4467,29.80,69.73,30.20,30.10,29.10,0,0,,,,
2026-03-30T09:10:08+01:00,4468,29.70,69.23,30.10,30.00,29.00,0,0,,,,
2026-03-30T09:12:08+01:00,4469,29.67,69.43,30.00,30.00,29.00,0,0,,,,
2026-03-30T09:14:09+01:00,4470,29.67,69.40,30.00,30.00,29.00,0,0,,,,
2026-03-30T09:16:09+01:00,4471,29.63,69.27,30.00,30.00,28.90,1,0,,,,
2026-03-30T09:18:11+01:00,4472,29.70,71.00,30.00,30.00,29.10,1,0,,,,
2026-03-30T09:20:11+01:00,4473,29.73,71.50,30.00,30.00,29.20,1,0,,,,
2026-03-30T09:36:12+01:00,4474,30.03,68.73,30.40,30.20,29.50,1,0,,,,
2026-03-30T09:38:12+01:00,4475,30.00,68.87,30.40,30.20,29.40,1,0,,,,
2026-03-30T09:40:13+01:00,4476,30.00,69.43,30.40,30.20,29.40,1,0,,,,
2026-03-30T09:42:13+01:00,4477,30.10,69.57,30.50,30.30,29.50,1,0,,,,
2026-03-30T09:44:14+01:00,4478,30.10,69.43,30.50,30.30,29.50,1,0,,,,
2026-03-30T09:46:14+01:00,4479,30.10,68.73,30.50,30.30,29.50,0,0,,,,
2026-03-30T09:48:15+01:00,4480,30.07,68.43,30.50,30.30,29.40,0,0,,,,
2026-03-30T09:50:15+01:00,4481,29.93,68.37,30.40,30.20,29.20,0,0,,,,
2026-03-30T09:52:16+01:00,4482,29.90,68.67,30.30,30.20,29.20,0,0,,,,
2026-03-30T09:54:17+01:00,4483,29.83,68.63,30.30,30.10,29.10,0,0,,,,
2026-03-30T09:56:17+01:00,4484,29.83,68.57,30.30,30.10,29.10,0,0,,,,
2026-03-30T09:58:18+01:00,4485,29.73,68.17,30.20,30.00,29.00,1,0,,,,
2026-03-30T10:00:19+01:00,4486,29.83,68.40,30.20,30.00,29.30,1,0,,,,
2026-03-30T10:02:19+01:00,4487,29.90,68.27,30.30,30.10,29.30,1,0,,,,
2026-03-30T10:04:20+01:00,4488,29.90,67.83,30.30,30.10,29.30,1,0,,,,
2026-03-30T10:06:20+01:00,4489,29.97,67.90,30.40,30.10,29.40,1,0,,,,
2026-03-30T10:08:21+01:00,4490,30.00,67.77,30.40,30.20,29.40,1,0,,,,
2026-03-30T10:10:21+01:00,4491,30.00,67.47,30.40,30.20,29.40,1,0,,,,
2026-03-30T10:12:22+01:00,4492,29.93,66.87,30.30,30.10,29.40,1,0,,,,
2026-03-30T10:14:23+01:00,4493,29.93,66.93,30.30,30.10,29.40,1,0,,,,
2026-03-30T10:16:23+01:00,4494,29.90,66.97,30.30,30.10,29.30,1,0,,,,
2026-03-30T10:18:24+01:00,4495,29.97,67.03,30.40,30.10,29.40,1,0,,,,
2026-03-30T10:20:24+01:00,4496,30.00,66.97,30.40,30.20,29.40,1,0,,,,
2026-03-30T10:22:25+01:00,4497,30.07,66.90,30.50,30.20,29.50,1,0,,,,
2026-03-30T10:24:25+01:00,4498,30.07,66.17,30.50,30.20,29.50,1,0,,,,
2026-03-30T10:26:26+01:00,4499,30.07,65.73,30.50,30.20,29.50,1,0,,,,
2026-03-30T10:28:26+01:00,4500,30.07,65.80,30.50,30.20,29.50,0,0,,,,
2026-03-30T10:30:27+01:00,4501,30.03,65.90,30.50,30.20,29.40,0,0,,,,
2026-03-30T10:32:27+01:00,4502,29.93,66.37,30.40,30.10,29.30,0,0,,,,
2026-03-30T10:34:28+01:00,4503,29.90,66.43,30.40,30.10,29.20,0,0,,,,
2026-03-30T10:36:28+01:00,4504,29.83,66.50,30.30,30.10,29.10,0,0,,,,
2026-03-30T10:38:28+01:00,4505,29.77,66.87,30.30,30.00,29.00,0,0,,,,
2026-03-30T10:40:28+01:00,4506,29.80,66.53,30.30,30.00,29.10,1,0,,,,
2026-03-30T10:42:29+01:00,4507,29.87,64.80,30.30,30.00,29.30,1,0,,,,
2026-03-30T10:44:30+01:00,4508,29.90,64.33,30.30,30.10,29.30,1,0,,,,
2026-03-30T10:46:30+01:00,4509,29.97,63.57,30.40,30.10,29.40,1,0,,,,
2026-03-30T10:48:30+01:00,4510,29.97,63.37,30.40,30.10,29.40,1,0,,,,
2026-03-30T10:50:31+01:00,4511,29.97,63.40,30.40,30.10,29.40,1,0,,,,
2026-03-30T10:52:31+01:00,4512,30.03,63.57,30.50,30.10,29.50,1,0,,,,
2026-03-30T10:56:35+01:00,4513,29.83,64.77,30.30,30.00,29.20,1,0,,,,
2026-03-30T10:58:35+01:00,4514,29.97,63.90,30.40,30.10,29.40,1,0,,,,
2026-03-30T11:00:36+01:00,4515,30.07,63.77,30.50,30.20,29.50,1,0,,,,
2026-03-30T11:02:37+01:00,4516,30.10,63.73,30.50,30.20,29.60,1,0,,,,
2026-03-30T11:04:37+01:00,4517,30.07,63.73,30.50,30.20,29.50,1,0,,,,
2026-03-30T11:06:38+01:00,4518,30.17,63.80,30.60,30.30,29.60,1,0,,,,
2026-03-30T11:08:38+01:00,4519,30.20,64.23,30.60,30.30,29.70,1,0,,,,
2026-03-30T11:10:38+01:00,4520,30.27,63.83,30.70,30.40,29.70,1,0,,,,
2026-03-30T11:12:39+01:00,4521,30.27,63.00,30.70,30.40,29.70,1,0,,,,
2026-03-30T11:14:39+01:00,4522,30.27,62.77,30.70,30.40,29.70,1,0,,,,
2026-03-30T11:16:39+01:00,4523,30.27,62.83,30.70,30.40,29.70,1,0,,,,
2026-03-30T11:18:40+01:00,4524,30.33,62.50,30.80,30.40,29.80,1,0,,,,
2026-03-30T11:20:40+01:00,4525,30.37,62.50,30.80,30.50,29.80,1,0,,,,
2026-03-30T11:22:41+01:00,4526,30.37,62.63,30.80,30.50,29.80,1,0,,,,
2026-03-30T11:24:41+01:00,4527,30.37,62.33,30.80,30.50,29.80,1,0,,,,
2026-03-30T11:26:42+01:00,4528,30.40,61.37,30.80,30.50,29.90,0,0,,,,
2026-03-30T11:28:42+01:00,4529,30.33,62.33,30.80,30.50,29.70,0,0,,,,
2026-03-30T11:30:43+01:00,4530,30.33,62.70,30.80,30.50,29.70,0,0,,,,
2026-03-30T11:33:54+01:00,4531,30.20,63.53,30.70,30.40,29.50,1,0,,,,
2026-03-30T11:35:54+01:00,4532,30.33,62.40,30.80,30.50,29.70,1,0,,,,
2026-03-30T11:37:55+01:00,4533,30.37,62.27,30.80,30.50,29.80,1,0,,,,
2026-03-30T11:39:55+01:00,4534,30.43,62.23,30.80,30.60,29.90,1,0,,,,
2026-03-30T11:41:56+01:00,4535,30.47,62.33,30.90,30.60,29.90,1,0,,,,
2026-03-30T11:43:56+01:00,4536,30.47,62.37,30.90,30.60,29.90,1,0,,,,
2026-03-30T11:45:57+01:00,4537,30.50,62.00,30.90,30.60,30.00,1,0,,,,
2026-03-30T11:47:57+01:00,4538,30.47,61.90,30.90,30.60,29.90,1,0,,,,
2026-03-30T11:49:58+01:00,4539,30.50,61.97,30.90,30.60,30.00,1,0,,,,
2026-03-30T11:51:58+01:00,4540,30.47,61.70,30.90,30.60,29.90,1,0,,,,
2026-03-30T11:53:58+01:00,4541,30.57,61.33,31.00,30.70,30.00,1,0,,,,
2026-03-30T11:55:59+01:00,4542,30.57,61.33,31.00,30.70,30.00,1,0,,,,
2026-03-30T11:57:59+01:00,4543,30.57,61.13,31.00,30.70,30.00,1,0,,,,
2026-03-30T12:00:00+01:00,4544,30.57,61.07,31.00,30.70,30.00,1,0,,,,
2026-03-30T12:02:00+01:00,4545,30.57,61.07,31.00,30.70,30.00,1,0,,,,
2026-03-30T12:04:00+01:00,4546,30.53,61.27,31.00,30.70,29.90,0,0,,,,
2026-03-30T12:06:01+01:00,4547,30.53,62.10,31.00,30.70,29.90,0,0,,,,
2026-03-30T12:08:01+01:00,4548,30.43,62.40,30.90,30.60,29.80,0,0,,,,
2026-03-30T12:10:02+01:00,4549,30.30,62.97,30.80,30.50,29.60,0,0,,,,
2026-03-30T12:12:02+01:00,4550,30.30,63.13,30.80,30.50,29.60,0,0,,,,
2026-03-30T12:14:02+01:00,4551,30.23,63.30,30.70,30.50,29.50,0,0,,,,
2026-03-30T12:16:02+01:00,4552,30.17,63.73,30.70,30.40,29.40,1,0,,,,
2026-03-30T12:18:03+01:00,4553,30.33,60.90,30.80,30.50,29.70,1,0,,,,
2026-03-30T12:20:04+01:00,4554,30.37,60.23,30.80,30.50,29.80,1,0,,,,
2026-03-30T12:22:04+01:00,4555,30.40,60.13,30.80,30.50,29.90,1,0,,,,
2026-03-30T12:24:04+01:00,4556,30.50,59.23,30.90,30.60,30.00,1,0,,,,
2026-03-30T12:26:05+01:00,4557,30.47,59.80,30.90,30.60,29.90,1,0,,,,
2026-03-30T12:28:05+01:00,4558,30.50,59.03,30.90,30.60,30.00,1,0,,,,
2026-03-30T12:30:06+01:00,4559,30.53,59.00,31.00,30.60,30.00,1,0,,,,
2026-03-30T12:32:06+01:00,4560,30.57,59.10,31.00,30.70,30.00,1,0,,,,
2026-03-30T12:34:07+01:00,4561,30.57,59.57,31.00,30.70,30.00,1,0,,,,
2026-03-30T12:36:07+01:00,4562,30.57,59.70,31.00,30.70,30.00,1,0,,,,
2026-03-30T12:38:07+01:00,4563,30.57,59.90,31.00,30.70,30.00,1,0,,,,
2026-03-30T12:40:08+01:00,4564,30.57,59.77,31.00,30.70,30.00,1,0,,,,
2026-03-30T12:42:09+01:00,4565,30.60,59.80,31.00,30.80,30.00,1,0,,,,
2026-03-30T12:44:09+01:00,4566,30.60,59.70,31.00,30.80,30.00,1,0,,,,
2026-03-30T12:46:09+01:00,4567,30.60,59.90,31.00,30.80,30.00,0,0,,,,
2026-03-30T12:48:10+01:00,4568,30.53,61.00,31.00,30.70,29.90,0,0,,,,
2026-03-30T12:50:10+01:00,4569,30.50,61.40,31.00,30.70,29.80,0,0,,,,
2026-03-30T12:52:11+01:00,4570,30.47,61.93,31.00,30.60,29.80,0,0,,,,
2026-03-30T12:54:11+01:00,4571,30.40,62.10,30.90,30.60,29.70,0,0,,,,
2026-03-30T12:56:12+01:00,4572,30.33,62.63,30.80,30.60,29.60,0,0,,,,
2026-03-30T12:58:12+01:00,4573,30.27,62.73,30.80,30.50,29.50,1,0,,,,
2026-03-30T13:00:12+01:00,4574,30.50,62.00,31.00,30.60,29.90,1,0,,,,
2026-03-30T13:02:13+01:00,4575,30.57,61.27,31.00,30.70,30.00,1,0,,,,
2026-03-30T13:04:13+01:00,4576,30.57,61.00,31.00,30.70,30.00,1,0,,,,
2026-03-30T13:06:14+01:00,4577,30.60,60.87,31.00,30.80,30.00,1,0,,,,
2026-03-30T13:08:14+01:00,4578,30.70,59.03,31.10,30.90,30.10,1,0,,,,
2026-03-30T13:10:14+01:00,4579,30.83,59.57,31.30,31.00,30.20,1,0,,,,
2026-03-30T13:12:15+01:00,4580,30.83,59.10,31.30,31.00,30.20,1,0,,,,
2026-03-30T13:14:15+01:00,4581,30.87,58.60,31.40,31.00,30.20,1,0,,,,
2026-03-30T13:16:15+01:00,4582,30.90,58.03,31.40,31.00,30.30,1,0,,,,
2026-03-30T13:18:16+01:00,4583,30.97,58.20,31.40,31.10,30.40,1,0,,,,
2026-03-30T13:20:16+01:00,4584,31.00,58.50,31.50,31.10,30.40,1,0,,,,
2026-03-30T13:22:16+01:00,4585,31.03,58.57,31.50,31.20,30.40,1,0,,,,
2026-03-30T13:24:17+01:00,4586,31.10,57.87,31.60,31.20,30.50,1,0,,,,
2026-03-30T13:26:17+01:00,4587,31.10,57.67,31.60,31.20,30.50,1,0,,,,
2026-03-30T13:28:17+01:00,4588,31.10,57.90,31.60,31.20,30.50,0,0,,,,
2026-03-30T13:30:18+01:00,4589,31.07,58.77,31.60,31.20,30.40,0,0,,,,
2026-03-30T13:32:18+01:00,4590,30.97,59.03,31.50,31.20,30.20,0,0,,,,
2026-03-30T13:34:18+01:00,4591,30.90,59.63,31.40,31.10,30.20,0,0,,,,
2026-03-30T13:36:18+01:00,4592,30.83,60.23,31.40,31.00,30.10,0,0,,,,
2026-03-30T13:38:18+01:00,4593,30.77,60.43,31.30,31.00,30.00,0,0,,,,
2026-03-30T13:40:18+01:00,4594,30.77,60.57,31.30,31.00,30.00,1,0,,,,
2026-03-30T13:42:19+01:00,4595,30.90,58.50,31.40,31.10,30.20,1,0,,,,
2026-03-30T13:44:19+01:00,4596,30.97,58.37,31.50,31.10,30.30,1,0,,,,
2026-03-30T13:46:19+01:00,4597,31.03,57.90,31.50,31.20,30.40,1,0,,,,
2026-03-30T13:48:19+01:00,4598,31.03,58.00,31.50,31.20,30.40,1,0,,,,
2026-03-30T13:50:20+01:00,4599,31.03,58.53,31.50,31.20,30.40,1,0,,,,
2026-03-30T13:52:20+01:00,4600,31.03,58.67,31.50,31.20,30.40,1,0,,,,
2026-03-30T13:54:22+01:00,4601,31.03,58.77,31.50,31.20,30.40,1,0,,,,
2026-03-30T13:56:21+01:00,4602,31.03,58.53,31.50,31.20,30.40,1,0,,,,
2026-03-30T13:58:21+01:00,4603,31.03,58.00,31.50,31.20,30.40,1,0,,,,
2026-03-30T14:00:22+01:00,4604,31.07,57.87,31.50,31.20,30.50,1,0,,,,
2026-03-30T14:02:22+01:00,4605,31.07,57.73,31.50,31.20,30.50,1,0,,,,
2026-03-30T14:04:22+01:00,4606,31.03,57.80,31.50,31.20,30.40,1,0,,,,
2026-03-30T14:06:22+01:00,4607,31.03,58.03,31.50,31.20,30.40,1,0,,,,
2026-03-30T14:08:23+01:00,4608,31.10,58.53,31.60,31.20,30.50,1,0,,,,
2026-03-30T14:10:23+01:00,4609,31.17,58.70,31.60,31.30,30.60,0,0,,,,
2026-03-30T14:12:23+01:00,4610,31.17,58.87,31.70,31.40,30.40,0,0,,,,
2026-03-30T14:14:23+01:00,4611,31.17,59.33,31.70,31.40,30.40,0,0,,,,
2026-03-30T14:16:24+01:00,4612,31.20,59.43,31.80,31.40,30.40,0,0,,,,
2026-03-30T14:18:24+01:00,4613,31.27,59.43,31.80,31.50,30.50,0,0,,,,
2026-03-30T14:20:24+01:00,4614,31.23,59.47,31.80,31.50,30.40,0,0,,,,
2026-03-30T14:22:25+01:00,4615,31.27,59.50,31.80,31.50,30.50,1,0,,,,
2026-03-30T14:24:25+01:00,4616,31.47,57.10,32.00,31.60,30.80,1,0,,,,
2026-03-30T14:26:26+01:00,4617,31.53,57.00,32.00,31.70,30.90,1,0,,,,
2026-03-30T14:28:26+01:00,4618,31.53,56.97,32.00,31.70,30.90,1,0,,,,
2026-03-30T14:30:26+01:00,4619,31.50,56.83,32.00,31.70,30.80,1,0,,,,
2026-03-30T14:32:26+01:00,4620,31.53,56.97,32.00,31.70,30.90,1,0,,,,
2026-03-30T14:34:27+01:00,4621,31.53,56.93,32.00,31.70,30.90,1,0,,,,
2026-03-30T14:36:27+01:00,4622,31.57,57.60,32.00,31.80,30.90,1,0,,,,
2026-03-30T14:38:28+01:00,4623,31.63,57.60,32.10,31.80,31.00,1,0,,,,
2026-03-30T14:40:28+01:00,4624,31.63,56.80,32.10,31.80,31.00,1,0,,,,
2026-03-30T14:42:28+01:00,4625,31.57,56.83,32.00,31.80,30.90,1,0,,,,
2026-03-30T14:44:29+01:00,4626,31.67,56.60,32.10,31.90,31.00,1,0,,,,
2026-03-30T14:46:29+01:00,4627,31.67,56.50,32.10,31.90,31.00,1,0,,,,
2026-03-30T14:48:30+01:00,4628,31.57,56.70,32.00,31.80,30.90,1,0,,,,
2026-03-30T14:50:30+01:00,4629,31.57,56.83,32.00,31.80,30.90,1,0,,,,
2026-03-30T14:52:31+01:00,4630,31.57,56.90,32.00,31.80,30.90,0,0,,,,
2026-03-30T14:54:31+01:00,4631,31.50,57.73,32.00,31.70,30.80,0,0,,,,
2026-03-30T14:56:32+01:00,4632,31.40,58.40,31.90,31.70,30.60,0,0,,,,
2026-03-30T14:58:34+01:00,4633,31.33,58.60,31.90,31.60,30.50,0,0,,,,
2026-03-30T15:00:32+01:00,4634,31.30,59.13,31.80,31.60,30.50,0,0,,,,
2026-03-30T15:02:33+01:00,4635,31.20,59.30,31.70,31.50,30.40,0,0,,,,
2026-03-30T15:06:35+01:00,4636,31.37,57.20,31.90,31.60,30.60,1,0,,,,
2026-03-30T15:08:34+01:00,4637,31.47,57.17,31.90,31.70,30.80,1,0,,,,
2026-03-30T15:10:34+01:00,4638,31.50,57.03,32.00,31.70,30.80,1,0,,,,
2026-03-30T15:12:35+01:00,4639,31.57,56.80,32.00,31.80,30.90,1,0,,,,
2026-03-30T15:14:35+01:00,4640,31.57,57.63,32.00,31.80,30.90,1,0,,,,
2026-03-30T15:16:36+01:00,4641,31.67,57.60,32.10,31.90,31.00,1,0,,,,
2026-03-30T15:18:38+01:00,4642,31.60,57.57,32.00,31.80,31.00,1,0,,,,
2026-03-30T15:20:36+01:00,4643,31.57,57.10,32.00,31.80,30.90,1,0,,,,
2026-03-30T15:46:11+01:00,4644,33.27,56.37,34.00,33.40,32.40,1,0,,,,
2026-03-30T15:50:13+01:00,4645,33.40,53.30,34.00,33.70,32.50,1,0,,,,
2026-03-30T15:52:12+01:00,4646,33.37,53.13,34.00,33.70,32.40,1,0,,,,
2026-03-30T15:55:48+01:00,4647,33.43,53.80,34.00,33.80,32.50,0,0,,,,
2026-03-30T15:57:48+01:00,4648,33.53,54.73,34.10,33.90,32.60,0,0,,,,
2026-03-30T16:00:13+01:00,4649,33.53,55.27,34.10,33.90,32.60,1,0,,,,
2026-03-30T16:02:13+01:00,4650,33.50,51.23,34.00,33.90,32.60,1,0,,,,
2026-03-30T16:04:14+01:00,4651,33.50,51.37,34.00,33.80,32.70,1,0,,,,
2026-03-30T16:06:14+01:00,4652,33.53,51.13,34.00,33.90,32.70,1,0,,,,
2026-03-30T16:10:12+01:00,4653,33.50,53.33,34.10,33.90,32.50,0,1,,,,
2026-03-30T16:12:13+01:00,4654,34.37,54.07,35.30,34.60,33.20,0,1,,,,
2026-03-30T16:14:13+01:00,4655,36.50,51.40,37.90,36.20,35.40,0,0,,,,
2026-03-30T19:25:58+01:00,4656,31.10,61.17,31.50,31.40,30.40,1,0,,,,
2026-03-30T19:27:58+01:00,4657,31.17,60.87,31.60,31.40,30.50,1,0,,,,
2026-03-30T19:30:01+01:00,4658,31.23,60.57,31.70,31.40,30.60,1,0,,,,
2026-03-30T19:31:59+01:00,4659,31.27,60.57,31.70,31.50,30.60,1,0,,,,
2026-03-30T19:34:00+01:00,4660,31.27,60.53,31.70,31.50,30.60,1,0,,,,
2026-03-30T19:36:00+01:00,4661,31.30,60.00,31.80,31.50,30.60,1,0,,,,
2026-03-30T19:38:01+01:00,4662,31.33,59.93,31.80,31.50,30.70,1,0,,,,
2026-03-30T20:12:04+01:00,4663,31.23,61.73,31.70,31.40,30.60,1,0,,,,
2026-03-30T20:16:05+01:00,4664,31.23,61.70,31.70,31.40,30.60,1,0,,,,
2026-03-30T20:18:07+01:00,4665,31.27,61.63,31.70,31.50,30.60,1,0,,,,
2026-03-30T20:20:06+01:00,4666,31.27,61.57,31.70,31.50,30.60,1,0,,,,
2026-03-30T20:22:07+01:00,4667,31.23,61.67,31.70,31.40,30.60,1,0,,,,
2026-03-30T20:24:09+01:00,4668,31.17,61.77,31.60,31.40,30.50,1,0,,,,
2026-03-30T20:26:08+01:00,4669,31.10,61.90,31.60,31.30,30.40,1,0,,,,
2026-03-30T20:28:09+01:00,4670,31.13,61.97,31.60,31.30,30.50,1,0,,,,
2026-03-30T20:30:10+01:00,4671,31.10,62.00,31.60,31.30,30.40,1,0,,,,
2026-03-30T20:32:10+01:00,4672,31.13,62.03,31.60,31.30,30.50,1,0,,,,
2026-03-30T20:34:10+01:00,4673,31.10,62.13,31.60,31.30,30.40,0,0,,,,
2026-03-30T20:36:11+01:00,4674,31.10,61.90,31.60,31.30,30.40,0,0,,,,
2026-03-30T20:38:12+01:00,4675,31.00,61.83,31.50,31.30,30.20,0,0,,,,
2026-03-30T20:40:13+01:00,4676,30.93,62.07,31.50,31.20,30.10,0,0,,,,
2026-03-30T20:44:16+01:00,4677,30.90,62.03,31.50,31.20,30.00,0,0,,,,
2026-03-30T20:46:14+01:00,4678,30.83,62.07,31.40,31.10,30.00,1,0,,,,
2026-03-30T20:48:16+01:00,4679,30.73,63.00,31.20,31.00,30.00,1,0,,,,
2026-03-30T20:52:14+01:00,4680,30.70,63.53,31.10,31.00,30.00,1,0,,,,
2026-03-30T20:54:16+01:00,4681,30.70,63.73,31.10,31.00,30.00,1,0,,,,
2026-03-30T20:56:16+01:00,4682,30.70,63.73,31.10,31.00,30.00,1,0,,,,
2026-03-30T20:58:16+01:00,4683,30.70,64.13,31.10,31.00,30.00,1,0,,,,
2026-03-30T21:02:16+01:00,4684,30.60,64.57,31.00,30.80,30.00,1,0,,,,
2026-03-30T21:04:17+01:00,4685,30.63,64.67,31.00,30.90,30.00,1,0,,,,
2026-03-30T21:06:17+01:00,4686,30.63,64.67,31.00,30.90,30.00,1,0,,,,
2026-03-30T21:08:18+01:00,4687,30.70,64.70,31.10,31.00,30.00,1,0,,,,
2026-03-30T21:10:21+01:00,4688,30.80,64.57,31.20,31.00,30.20,1,0,,,,
2026-03-30T21:12:19+01:00,4689,30.90,64.47,31.30,31.10,30.30,1,0,,,,
2026-03-30T21:14:19+01:00,4690,30.97,64.40,31.40,31.20,30.30,1,0,,,,
2026-03-30T21:20:21+01:00,4691,30.90,63.67,31.40,31.20,30.10,0,0,,,,
2026-03-30T21:22:20+01:00,4692,30.80,63.53,31.30,31.10,30.00,0,0,,,,
2026-03-30T21:24:21+01:00,4693,30.73,63.47,31.20,31.00,30.00,0,0,,,,
2026-03-30T21:26:21+01:00,4694,30.70,64.20,31.20,31.00,29.90,0,0,,,,
2026-03-30T21:28:23+01:00,4695,30.60,64.20,31.10,30.90,29.80,1,0,,,,
2026-03-30T21:30:22+01:00,4696,30.60,65.37,31.00,30.90,29.90,1,0,,,,
2026-03-30T21:32:23+01:00,4697,30.63,65.30,31.00,30.90,30.00,1,0,,,,
2026-03-30T21:34:24+01:00,4698,30.63,65.60,31.00,30.90,30.00,1,0,,,,
2026-03-30T21:36:24+01:00,4699,30.63,65.63,31.00,30.90,30.00,1,0,,,,
2026-03-30T21:38:25+01:00,4700,30.63,65.57,31.00,30.90,30.00,1,0,,,,
2026-03-30T21:40:35+01:00,4701,30.63,65.53,31.00,30.90,30.00,1,0,,,,
2026-03-30T21:42:25+01:00,4702,30.63,65.47,31.00,30.90,30.00,1,0,,,,
2026-03-30T21:44:25+01:00,4703,30.50,66.37,30.90,30.70,29.90,1,0,,,,
2026-03-30T21:46:26+01:00,4704,30.43,66.73,30.80,30.70,29.80,1,0,,,,
2026-03-30T21:48:31+01:00,4705,30.40,66.77,30.80,30.60,29.80,1,0,,,,
2026-03-30T21:50:28+01:00,4706,30.40,66.80,30.80,30.60,29.80,1,0,,,,
2026-03-30T21:54:28+01:00,4707,30.50,66.80,30.90,30.70,29.90,1,0,,,,
2026-03-30T21:58:29+01:00,4708,30.73,66.00,31.10,31.00,30.10,0,0,,,,
2026-03-30T22:00:30+01:00,4709,30.70,65.37,31.10,31.00,30.00,0,0,,,,
2026-03-30T22:02:31+01:00,4710,30.67,65.73,31.10,31.00,29.90,0,0,,,,
2026-03-31T01:49:30+01:00,4711,29.80,66.33,30.20,30.10,29.10,1,0,,,,
2026-03-31T01:51:30+01:00,4712,29.93,69.70,30.30,30.20,29.30,1,0,,,,
2026-03-31T01:53:30+01:00,4713,30.07,69.33,30.40,30.40,29.40,1,0,,,,
2026-03-31T01:55:30+01:00,4714,30.20,68.80,30.60,30.50,29.50,1,0,,,,
2026-03-31T01:57:30+01:00,4715,30.40,68.57,30.80,30.60,29.80,1,0,,,,
2026-03-31T01:59:30+01:00,4716,30.57,68.10,31.00,30.80,29.90,1,0,,,,
2026-03-31T02:01:30+01:00,4717,30.63,67.53,31.00,30.90,30.00,1,0,,,,
2026-03-31T02:03:30+01:00,4718,30.63,67.43,31.00,30.90,30.00,1,0,,,,
2026-03-31T02:05:31+01:00,4719,30.67,67.37,31.00,31.00,30.00,1,0,,,,
2026-03-31T02:07:31+01:00,4720,30.70,66.97,31.10,31.00,30.00,1,0,,,,
2026-03-31T02:09:31+01:00,4721,30.67,66.97,31.00,31.00,30.00,1,0,,,,
2026-03-31T02:11:31+01:00,4722,30.70,66.97,31.10,31.00,30.00,1,0,,,,
2026-03-31T02:13:31+01:00,4723,30.70,66.97,31.10,31.00,30.00,1,0,,,,
2026-03-31T02:15:31+01:00,4724,30.73,66.87,31.10,31.00,30.10,1,0,,,,
2026-03-31T02:17:31+01:00,4725,30.77,66.87,31.20,31.00,30.10,1,0,,,,
2026-03-31T02:19:31+01:00,4726,30.80,66.83,31.20,31.00,30.20,0,0,,,,
2026-03-31T02:21:31+01:00,4727,30.73,66.33,31.20,31.00,30.00,0,0,,,,
2026-03-31T02:23:32+01:00,4728,30.70,66.10,31.10,31.00,30.00,0,0,,,,
2026-03-31T02:25:31+01:00,4729,30.67,66.73,31.10,31.00,29.90,0,0,,,,
2026-03-31T02:27:32+01:00,4730,30.57,66.70,31.00,31.00,29.70,0,0,,,,
2026-03-31T02:29:32+01:00,4731,30.53,66.67,31.00,30.90,29.70,0,0,,,,
2026-03-31T02:31:32+01:00,4732,30.47,66.60,31.00,30.80,29.60,1,0,,,,
2026-03-31T02:33:32+01:00,4733,30.60,67.73,31.00,30.90,29.90,1,0,,,,
2026-03-31T02:35:32+01:00,4734,30.63,67.47,31.00,30.90,30.00,1,0,,,,
2026-03-31T02:37:32+01:00,4735,30.63,67.17,31.00,30.90,30.00,1,0,,,,
2026-03-31T02:39:32+01:00,4736,30.63,67.47,31.00,30.90,30.00,1,0,,,,
2026-03-31T02:41:34+01:00,4737,30.63,67.07,31.00,30.90,30.00,1,0,,,,
2026-03-31T02:43:33+01:00,4738,30.67,67.03,31.00,31.00,30.00,1,0,,,,
2026-03-31T02:45:33+01:00,4739,30.73,66.97,31.10,31.00,30.10,1,0,,,,
2026-03-31T02:47:33+01:00,4740,30.73,66.80,31.10,31.00,30.10,1,0,,,,
2026-03-31T02:49:34+01:00,4741,30.80,66.70,31.20,31.00,30.20,1,0,,,,
2026-03-31T02:51:34+01:00,4742,30.77,66.70,31.20,31.00,30.10,1,0,,,,
2026-03-31T02:53:34+01:00,4743,30.77,66.63,31.20,31.00,30.10,1,0,,,,
2026-03-31T02:55:34+01:00,4744,30.80,66.67,31.20,31.00,30.20,1,0,,,,
2026-03-31T02:57:34+01:00,4745,30.77,66.67,31.20,31.00,30.10,1,0,,,,
2026-03-31T02:59:35+01:00,4746,30.77,66.70,31.20,31.00,30.10,1,0,,,,
2026-03-31T03:01:35+01:00,4747,30.83,66.70,31.20,31.10,30.20,0,0,,,,
2026-03-31T03:03:35+01:00,4748,30.73,66.33,31.20,31.00,30.00,0,0,,,,
2026-03-31T03:05:35+01:00,4749,30.73,66.17,31.20,31.00,30.00,0,0,,,,
2026-03-31T03:07:35+01:00,4750,30.67,66.73,31.10,31.00,29.90,0,0,,,,
2026-03-31T03:09:36+01:00,4751,30.67,66.77,31.10,31.00,29.90,0,0,,,,
2026-03-31T03:11:36+01:00,4752,30.63,66.73,31.10,31.00,29.80,0,0,,,,
2026-03-31T03:13:36+01:00,4753,30.60,66.70,31.00,31.00,29.80,1,0,,,,
2026-03-31T03:15:37+01:00,4754,30.67,66.93,31.00,31.00,30.00,1,0,,,,
2026-03-31T03:17:37+01:00,4755,30.67,66.93,31.00,31.00,30.00,1,0,,,,
2026-03-31T03:19:37+01:00,4756,30.67,66.97,31.00,31.00,30.00,1,0,,,,
2026-03-31T03:21:37+01:00,4757,30.67,66.97,31.00,31.00,30.00,1,0,,,,
2026-03-31T03:23:37+01:00,4758,30.70,66.97,31.10,31.00,30.00,1,0,,,,
2026-03-31T03:25:37+01:00,4759,30.70,66.97,31.10,31.00,30.00,1,0,,,,
2026-03-31T03:27:37+01:00,4760,30.70,66.97,31.10,31.00,30.00,1,0,,,,
2026-03-31T03:29:37+01:00,4761,30.70,66.97,31.10,31.00,30.00,1,0,,,,
2026-03-31T03:31:38+01:00,4762,30.73,66.87,31.10,31.00,30.10,1,0,,,,
2026-03-31T03:33:38+01:00,4763,30.73,66.87,31.10,31.00,30.10,1,0,,,,
2026-03-31T03:35:39+01:00,4764,30.73,66.83,31.10,31.00,30.10,1,0,,,,
2026-03-31T03:37:39+01:00,4765,30.73,66.83,31.10,31.00,30.10,1,0,,,,
2026-03-31T03:39:39+01:00,4766,30.70,66.83,31.10,31.00,30.00,1,0,,,,
2026-03-31T03:41:39+01:00,4767,30.73,66.97,31.10,31.00,30.10,1,0,,,,
2026-03-31T03:43:39+01:00,4768,30.73,66.97,31.10,31.00,30.10,0,0,,,,
2026-03-31T03:45:39+01:00,4769,30.70,66.60,31.10,31.00,30.00,0,0,,,,
2026-03-31T03:47:40+01:00,4770,30.63,67.10,31.00,31.00,29.90,0,0,,,,
2026-03-31T03:49:40+01:00,4771,30.53,67.33,31.00,30.90,29.70,0,0,,,,
2026-03-31T03:51:40+01:00,4772,30.53,67.40,31.00,30.90,29.70,0,0,,,,
2026-03-31T03:53:40+01:00,4773,30.50,67.33,31.00,30.80,29.70,0,0,,,,
2026-03-31T03:55:40+01:00,4774,30.47,67.30,31.00,30.80,29.60,1,0,,,,
2026-03-31T03:57:40+01:00,4775,30.57,68.27,31.00,30.80,29.90,1,0,,,,
2026-03-31T03:59:41+01:00,4776,30.63,67.63,31.00,30.90,30.00,1,0,,,,
2026-03-31T04:01:41+01:00,4777,30.63,67.57,31.00,30.90,30.00,1,0,,,,
2026-03-31T04:03:41+01:00,4778,30.67,67.53,31.00,31.00,30.00,1,0,,,,
2026-03-31T04:05:41+01:00,4779,30.67,67.20,31.00,31.00,30.00,1,0,,,,
2026-03-31T04:07:41+01:00,4780,30.67,67.13,31.00,31.00,30.00,1,0,,,,
2026-03-31T04:09:41+01:00,4781,30.70,67.13,31.10,31.00,30.00,1,0,,,,
2026-03-31T04:11:42+01:00,4782,30.73,67.10,31.10,31.00,30.10,1,0,,,,
2026-03-31T04:13:42+01:00,4783,30.70,67.10,31.10,31.00,30.00,1,0,,,,
2026-03-31T04:15:42+01:00,4784,30.70,67.43,31.10,31.00,30.00,1,0,,,,
2026-03-31T04:17:42+01:00,4785,30.67,67.43,31.00,31.00,30.00,1,0,,,,
2026-03-31T04:19:42+01:00,4786,30.67,67.43,31.00,31.00,30.00,1,0,,,,
2026-03-31T04:21:42+01:00,4787,30.67,67.43,31.00,31.00,30.00,1,0,,,,
2026-03-31T04:23:42+01:00,4788,30.67,67.13,31.00,31.00,30.00,1,0,,,,
2026-03-31T04:25:42+01:00,4789,30.67,67.43,31.00,31.00,30.00,0,0,,,,
2026-03-31T04:27:42+01:00,4790,30.63,67.50,31.00,31.00,29.90,0,0,,,,
2026-03-31T04:29:42+01:00,4791,30.60,67.63,31.00,30.90,29.90,0,0,,,,
2026-03-31T04:31:42+01:00,4792,30.57,67.67,31.00,30.90,29.80,0,0,,,,
2026-03-31T04:33:42+01:00,4793,30.50,67.60,31.00,30.80,29.70,0,0,,,,
2026-03-31T04:35:43+01:00,4794,30.40,67.57,30.90,30.80,29.50,0,0,,,,
2026-03-31T04:37:43+01:00,4795,30.40,67.50,30.90,30.80,29.50,1,0,,,,
2026-03-31T04:39:43+01:00,4796,30.50,68.40,30.90,30.80,29.80,1,0,,,,
2026-03-31T04:41:43+01:00,4797,30.57,67.80,30.90,30.80,30.00,1,0,,,,
2026-03-31T04:43:44+01:00,4798,30.57,68.47,31.00,30.80,29.90,1,0,,,,
2026-03-31T04:45:44+01:00,4799,30.60,67.73,31.00,30.80,30.00,1,0,,,,
2026-03-31T04:47:45+01:00,4800,30.60,67.73,31.00,30.80,30.00,1,0,,,,
2026-03-31T04:49:45+01:00,4801,30.63,67.70,31.00,30.90,30.00,1,0,,,,
2026-03-31T04:51:45+01:00,4802,30.63,67.70,31.00,30.90,30.00,1,0,,,,
2026-03-31T04:53:46+01:00,4803,30.63,67.30,31.00,30.90,30.00,1,0,,,,
2026-03-31T04:55:46+01:00,4804,30.63,67.27,31.00,30.90,30.00,1,0,,,,
2026-03-31T04:57:46+01:00,4805,30.60,67.63,31.00,30.80,30.00,1,0,,,,
2026-03-31T04:59:46+01:00,4806,30.57,67.70,30.90,30.80,30.00,1,0,,,,
2026-03-31T05:01:47+01:00,4807,30.53,68.07,30.90,30.80,29.90,1,0,,,,
2026-03-31T05:03:47+01:00,4808,30.57,67.77,30.90,30.80,30.00,1,0,,,,
2026-03-31T05:05:48+01:00,4809,30.57,67.77,30.90,30.80,30.00,1,0,,,,
2026-03-31T05:07:48+01:00,4810,30.60,67.77,31.00,30.80,30.00,0,0,,,,
2026-03-31T05:09:48+01:00,4811,30.57,68.07,31.00,30.80,29.90,0,0,,,,
2026-03-31T05:11:49+01:00,4812,30.47,67.93,30.90,30.80,29.70,0,0,,,,
2026-03-31T05:13:49+01:00,4813,30.40,67.87,30.90,30.70,29.60,0,0,,,,
2026-03-31T05:15:49+01:00,4814,30.37,67.77,30.80,30.70,29.60,0,0,,,,
2026-03-31T05:17:50+01:00,4815,30.33,67.70,30.80,30.70,29.50,0,0,,,,
2026-03-31T05:19:50+01:00,4816,30.27,67.63,30.80,30.60,29.40,1,0,,,,
2026-03-31T05:21:50+01:00,4817,30.40,68.53,30.80,30.70,29.70,1,0,,,,
2026-03-31T05:23:51+01:00,4818,30.43,68.57,30.80,30.70,29.80,1,0,,,,
2026-03-31T05:25:51+01:00,4819,30.43,68.57,30.80,30.70,29.80,1,0,,,,
2026-03-31T05:27:51+01:00,4820,30.47,68.53,30.80,30.70,29.90,1,0,,,,
2026-03-31T05:29:51+01:00,4821,30.47,68.47,30.80,30.70,29.90,1,0,,,,
2026-03-31T05:31:51+01:00,4822,30.43,68.47,30.80,30.70,29.80,1,0,,,,
2026-03-31T05:33:51+01:00,4823,30.47,68.47,30.80,30.70,29.90,1,0,,,,
2026-03-31T05:35:51+01:00,4824,30.50,68.47,30.90,30.70,29.90,1,0,,,,
2026-03-31T05:37:52+01:00,4825,30.53,67.80,30.90,30.70,30.00,1,0,,,,
2026-03-31T05:39:52+01:00,4826,30.53,68.43,30.90,30.80,29.90,1,0,,,,
2026-03-31T05:41:52+01:00,4827,30.53,68.07,30.90,30.80,29.90,1,0,,,,
2026-03-31T05:43:53+01:00,4828,30.53,67.73,30.90,30.70,30.00,1,0,,,,
2026-03-31T05:45:53+01:00,4829,30.47,68.07,30.80,30.70,29.90,1,0,,,,
2026-03-31T05:47:53+01:00,4830,30.47,68.43,30.80,30.70,29.90,1,0,,,,
2026-03-31T05:49:54+01:00,4831,30.50,68.43,30.90,30.70,29.90,0,0,,,,
2026-03-31T05:51:54+01:00,4832,30.47,67.77,30.90,30.70,29.80,0,0,,,,
2026-03-31T05:53:54+01:00,4833,30.40,67.97,30.80,30.70,29.70,0,0,,,,
2026-03-31T05:55:54+01:00,4834,30.30,67.93,30.70,30.60,29.60,0,0,,,,
2026-03-31T05:57:54+01:00,4835,30.23,67.90,30.70,30.60,29.40,0,0,,,,
2026-03-31T05:59:57+01:00,4836,30.17,67.87,30.60,30.60,29.30,0,0,,,,
2026-03-31T06:01:55+01:00,4837,30.13,68.20,30.60,30.50,29.30,1,0,,,,
2026-03-31T06:03:55+01:00,4838,30.30,68.97,30.60,30.60,29.70,1,0,,,,
2026-03-31T06:05:56+01:00,4839,30.37,68.63,30.70,30.60,29.80,1,0,,,,
2026-03-31T06:07:56+01:00,4840,30.40,68.63,30.80,30.60,29.80,1,0,,,,
2026-03-31T06:09:56+01:00,4841,30.43,68.60,30.80,30.70,29.80,1,0,,,,
2026-03-31T06:11:57+01:00,4842,30.50,67.90,30.80,30.70,30.00,1,0,,,,
2026-03-31T06:13:57+01:00,4843,30.50,68.53,30.90,30.70,29.90,1,0,,,,
2026-03-31T06:15:58+01:00,4844,30.53,68.53,30.90,30.80,29.90,1,0,,,,
2026-03-31T06:17:58+01:00,4845,30.57,67.80,30.90,30.80,30.00,1,0,,,,
2026-03-31T06:19:59+01:00,4846,30.53,68.53,30.90,30.80,29.90,1,0,,,,
2026-03-31T06:21:59+01:00,4847,30.57,67.87,30.90,30.80,30.00,1,0,,,,
2026-03-31T06:23:59+01:00,4848,30.60,67.87,31.00,30.80,30.00,1,0,,,,
2026-03-31T06:26:01+01:00,4849,30.60,67.83,31.00,30.80,30.00,1,0,,,,
2026-03-31T06:28:00+01:00,4850,30.57,67.80,30.90,30.80,30.00,1,0,,,,
2026-03-31T06:30:01+01:00,4851,30.57,67.87,30.90,30.80,30.00,1,0,,,,
2026-03-31T06:32:01+01:00,4852,30.57,67.87,30.90,30.80,30.00,0,0,,,,
2026-03-31T06:34:01+01:00,4853,30.47,68.23,30.90,30.70,29.80,0,0,,,,
2026-03-31T06:36:02+01:00,4854,30.37,68.13,30.80,30.70,29.60,0,0,,,,
2026-03-31T06:38:02+01:00,4855,30.30,68.10,30.70,30.60,29.60,0,0,,,,
2026-03-31T06:40:02+01:00,4856,30.27,68.37,30.70,30.60,29.50,0,0,,,,
2026-03-31T06:42:02+01:00,4857,30.13,68.33,30.60,30.50,29.30,0,0,,,,
2026-03-31T06:44:03+01:00,4858,30.13,68.30,30.60,30.50,29.30,1,0,,,,
2026-03-31T06:46:03+01:00,4859,30.17,69.83,30.50,30.50,29.50,1,0,,,,
2026-03-31T06:48:03+01:00,4860,30.13,69.57,30.40,30.50,29.50,1,0,,,,
2026-03-31T06:50:03+01:00,4861,30.10,69.80,30.40,30.40,29.50,1,0,,,,
2026-03-31T06:52:04+01:00,4862,30.03,70.23,30.30,30.40,29.40,1,0,,,,
2026-03-31T06:54:04+01:00,4863,30.03,70.30,30.30,30.40,29.40,1,0,,,,
2026-03-31T06:56:04+01:00,4864,30.07,70.40,30.40,30.40,29.40,1,0,,,,
2026-03-31T06:58:04+01:00,4865,30.07,70.37,30.40,30.40,29.40,1,0,,,,
2026-03-31T07:00:04+01:00,4866,30.00,70.43,30.30,30.30,29.40,1,0,,,,
2026-03-31T07:02:05+01:00,4867,30.00,70.70,30.30,30.30,29.40,1,0,,,,
2026-03-31T07:04:05+01:00,4868,29.90,70.80,30.20,30.20,29.30,1,0,,,,
2026-03-31T07:06:05+01:00,4869,29.90,71.00,30.20,30.20,29.30,1,0,,,,
2026-03-31T07:08:06+01:00,4870,29.90,71.47,30.20,30.20,29.30,1,0,,,,
2026-03-31T07:10:06+01:00,4871,29.90,71.17,30.20,30.20,29.30,1,0,,,,
2026-03-31T07:12:06+01:00,4872,29.90,71.20,30.20,30.20,29.30,1,0,,,,
2026-03-31T07:14:06+01:00,4873,29.90,71.23,30.20,30.20,29.30,0,0,,,,
2026-03-31T07:18:07+01:00,4874,29.73,70.20,30.10,30.10,29.00,0,0,,,,
2026-03-31T07:20:07+01:00,4875,29.70,70.13,30.00,30.10,29.00,0,0,,,,
2026-03-31T07:22:07+01:00,4876,29.67,70.00,30.00,30.00,29.00,0,0,,,,
2026-03-31T07:24:08+01:00,4877,29.63,69.77,30.00,30.00,28.90,0,0,,,,
2026-03-31T07:26:08+01:00,4878,29.67,69.60,30.00,30.00,29.00,1,0,,,,
2026-03-31T07:28:08+01:00,4879,29.70,71.53,30.00,30.00,29.10,1,0,,,,
2026-03-31T07:30:08+01:00,4880,29.73,71.77,30.00,30.00,29.20,1,0,,,,
2026-03-31T07:32:08+01:00,4881,29.73,71.87,30.00,30.00,29.20,1,0,,,,
2026-03-31T07:34:09+01:00,4882,29.73,71.90,30.00,30.00,29.20,1,0,,,,
2026-03-31T07:36:09+01:00,4883,29.70,71.90,30.00,30.00,29.10,1,0,,,,
2026-03-31T07:42:29+01:00,4884,29.83,71.87,30.10,30.10,29.30,1,0,,,,
2026-03-31T07:44:29+01:00,4885,29.80,71.53,30.10,30.10,29.20,1,0,,,,
2026-03-31T07:46:35+01:00,4886,29.77,71.60,30.10,30.00,29.20,1,0,,,,
2026-03-31T07:48:20+01:00,4887,29.87,71.90,30.20,30.10,29.30,1,0,,,,
2026-03-31T07:50:29+01:00,4888,29.87,71.43,30.20,30.10,29.30,1,0,,,,
2026-03-31T07:52:29+01:00,4889,29.93,71.23,30.30,30.10,29.40,1,0,,,,
2026-03-31T07:54:29+01:00,4890,30.00,70.93,30.40,30.20,29.40,1,0,,,,
2026-03-31T07:56:28+01:00,4891,29.97,69.17,30.30,30.20,29.40,0,0,,,,
2026-03-31T07:58:29+01:00,4892,29.90,68.77,30.30,30.10,29.30,0,0,,,,
2026-03-31T08:06:49+01:00,4893,29.40,69.17,29.80,29.70,28.70,0,0,,,,
2026-03-31T08:16:32+01:00,4894,28.80,65.07,29.10,29.00,28.30,1,0,,,,
2026-03-31T08:24:32+01:00,4895,28.73,65.13,29.00,28.90,28.30,1,0,,,,
2026-03-31T08:26:32+01:00,4896,28.70,64.80,29.00,28.90,28.20,1,0,,,,
2026-03-31T08:28:35+01:00,4897,28.77,64.73,29.00,29.00,28.30,1,0,,,,
2026-03-31T08:30:36+01:00,4898,28.70,64.13,29.00,28.90,28.20,1,0,,,,
2026-03-31T08:34:47+01:00,4899,28.70,64.77,29.00,28.90,28.20,1,0,,,,
2026-03-31T08:37:29+01:00,4900,28.67,64.50,29.00,28.80,28.20,1,0,,,,
2026-03-31T08:38:42+01:00,4901,28.67,64.57,29.00,28.80,28.20,0,0,,,,
2026-03-31T08:42:50+01:00,4902,28.57,65.50,29.00,28.80,27.90,0,0,,,,
2026-03-31T08:44:48+01:00,4903,28.57,65.97,29.00,28.80,27.90,0,0,,,,
2026-03-31T08:47:29+01:00,4904,28.53,66.10,29.00,28.80,27.80,0,0,,,,
2026-03-31T08:48:49+01:00,4905,28.57,66.20,29.00,28.80,27.90,0,0,,,,
2026-03-31T08:50:49+01:00,4906,28.57,66.23,29.00,28.80,27.90,1,0,,,,
2026-03-31T08:52:49+01:00,4907,28.50,65.57,28.80,28.70,28.00,1,0,,,,
2026-03-31T08:56:49+01:00,4908,28.40,65.87,28.70,28.60,27.90,1,0,,,,
2026-03-31T08:58:49+01:00,4909,28.50,66.33,28.80,28.70,28.00,1,0,,,,
2026-03-31T09:00:50+01:00,4910,28.50,65.73,28.80,28.70,28.00,1,0,,,,
2026-03-31T09:05:26+01:00,4911,28.37,65.27,28.60,28.60,27.90,1,0,,,,
2026-03-31T09:08:54+01:00,4912,28.33,65.57,28.50,28.60,27.90,1,0,,,,
2026-03-31T09:10:55+01:00,4913,28.33,65.83,28.50,28.50,28.00,1,0,,,,
2026-03-31T09:12:55+01:00,4914,28.33,65.80,28.60,28.50,27.90,1,0,,,,
2026-03-31T09:14:56+01:00,4915,28.40,65.83,28.60,28.60,28.00,1,0,,,,
2026-03-31T09:16:57+01:00,4916,28.43,65.73,28.70,28.60,28.00,1,0,,,,
2026-03-31T09:18:58+01:00,4917,28.43,65.50,28.70,28.60,28.00,1,0,,,,
2026-03-31T09:20:59+01:00,4918,28.43,65.07,28.70,28.60,28.00,0,0,,,,
2026-03-31T09:23:00+01:00,4919,28.43,65.50,28.80,28.60,27.90,0,0,,,,
2026-03-31T09:25:01+01:00,4920,28.40,65.57,28.80,28.60,27.80,0,0,,,,
2026-03-31T09:27:29+01:00,4921,28.37,65.93,28.80,28.60,27.70,0,0,,,,
2026-03-31T09:29:02+01:00,4922,28.30,66.00,28.70,28.60,27.60,0,0,,,,
2026-03-31T09:31:03+01:00,4923,28.30,66.00,28.70,28.60,27.60,0,0,,,,
2026-03-31T09:33:22+01:00,4924,28.20,66.07,28.60,28.50,27.50,1,0,,,,
2026-03-31T09:35:04+01:00,4925,28.27,65.23,28.50,28.50,27.80,1,0,,,,
2026-03-31T09:37:05+01:00,4926,28.27,65.13,28.50,28.40,27.90,1,0,,,,
2026-03-31T09:39:06+01:00,4927,28.20,65.60,28.40,28.40,27.80,1,0,,,,
2026-03-31T09:41:26+01:00,4928,28.17,65.67,28.40,28.30,27.80,1,0,,,,
2026-03-31T09:43:29+01:00,4929,28.17,65.87,28.40,28.30,27.80,1,0,,,,
2026-03-31T09:45:09+01:00,4930,28.20,65.93,28.40,28.40,27.80,1,0,,,,
2026-03-31T09:49:14+01:00,4931,28.13,66.20,28.40,28.30,27.70,1,0,,,,
